{"type":"FeatureCollection","features":[{"type":"Feature","properties":{"code":"BC","name":"British Columbia"},"geometry":{"type":"MultiPolygon","coordinates":[[[[-117.04,48.99],[-117.16,48.99],[-117.38,48.99],[-117.6,48.99],[-117.82,48.99],[-118.04,48.99],[-118.26,48.99],[-118.48,48.99],[-118.7,48.99],[-118.92,48.99],[-119.14,48.99],[-119.36,48.99],[-119.58,48.99],[-119.8,48.99],[-120.02,48.99],[-120.24,48.99],[-120.46,48.99],[-120.67,48.99],[-120.89,48.99],[-121.11,48.99],[-121.33,48.99],[-121.55,48.99],[-121.77,48.99],[-121.99,48.99],[-122.21,48.99],[-122.43,48.99],[-122.65,48.99],[-122.75,48.99],[-122.78,49.02],[-122.82,49.01],[-122.85,49.02],[-122.88,49.04],[-122.87,49.07],[-122.91,49.09],[-122.95,49.08],[-123.03,49.05],[-123.03,49.0],[-123.09,48.99],[-123.11,49.03],[-123.14,49.05],[-123.08,49.11],[-123.05,49.12],[-123.04,49.15],[-123.08,49.13],[-123.12,49.12],[-123.17,49.12],[-123.21,49.13],[-123.2,49.19],[-123.16,49.21],[-123.21,49.24],[-123.24,49.25],[-123.22,49.28],[-123.18,49.28],[-123.14,49.28],[-123.14,49.31],[-123.09,49.29],[-123.04,49.3],[-122.96,49.28],[-122.92,49.3],[-122.89,49.33],[-122.86,49.41],[-122.86,49.44],[-122.88,49.4],[-122.94,49.33],[-123.02,49.31],[-123.21,49.34],[-123.27,49.34],[-123.28,49.38],[-123.24,49.43],[-123.25,49.51],[-123.24,49.55],[-123.23,49.58],[-123.21,49.62],[-123.17,49.67],[-123.17,49.71],[-123.22,49.68],[-123.25,49.65],[-123.25,49.61],[-123.29,49.58],[-123.34,49.58],[-123.38,49.56],[-123.44,49.54],[-123.49,49.52],[-123.49,49.49],[-123.47,49.43],[-123.5,49.4],[-123.55,49.39],[-123.78,49.47],[-123.81,49.47],[-123.87,49.47],[-123.91,49.49],[-123.95,49.52],[-123.98,49.53],[-124.03,49.6],[-124.07,49.64],[-124.06,49.68],[-124.03,49.72],[-123.99,49.75],[-123.95,49.75],[-123.92,49.72],[-123.87,49.67],[-123.84,49.64],[-123.83,49.6],[-123.81,49.53],[-123.77,49.51],[-123.76,49.56],[-123.76,49.61],[-123.72,49.62],[-123.64,49.64],[-123.59,49.65],[-123.55,49.67],[-123.53,49.71],[-123.66,49.66],[-123.79,49.64],[-123.81,49.67],[-123.88,49.74],[-123.92,49.76],[-123.92,49.8],[-123.89,49.83],[-123.88,49.87],[-123.88,49.9],[-123.91,49.93],[-123.96,49.97],[-123.94,50.01],[-123.9,50.02],[-123.82,50.04],[-123.77,50.07],[-123.78,50.11],[-123.81,50.15],[-123.89,50.18],[-123.93,50.19],[-123.97,50.21],[-123.94,50.17],[-123.88,50.15],[-123.85,50.12],[-123.81,50.11],[-123.83,50.08],[-123.87,50.05],[-123.98,50.02],[-124.0,49.99],[-124.0,49.95],[-123.96,49.9],[-123.91,49.87],[-123.96,49.82],[-124.0,49.81],[-124.01,49.84],[-124.03,49.88],[-124.04,49.92],[-124.07,49.87],[-124.07,49.83],[-124.1,49.8],[-124.15,49.78],[-124.25,49.78],[-124.27,49.75],[-124.3,49.75],[-124.33,49.77],[-124.36,49.77],[-124.4,49.77],[-124.43,49.77],[-124.48,49.79],[-124.51,49.8],[-124.53,49.84],[-124.58,49.88],[-124.61,49.89],[-124.65,49.92],[-124.68,49.93],[-124.73,49.95],[-124.76,49.98],[-124.82,50.04],[-124.82,50.07],[-124.78,50.04],[-124.74,50.03],[-124.7,50.0],[-124.7,50.04],[-124.67,50.07],[-124.71,50.1],[-124.67,50.13],[-124.63,50.17],[-124.62,50.21],[-124.61,50.25],[-124.64,50.29],[-124.69,50.31],[-124.7,50.34],[-124.67,50.37],[-124.63,50.4],[-124.6,50.41],[-124.55,50.4],[-124.51,50.42],[-124.48,50.42],[-124.43,50.44],[-124.36,50.49],[-124.42,50.47],[-124.5,50.44],[-124.59,50.43],[-124.67,50.43],[-124.69,50.4],[-124.73,50.37],[-124.81,50.32],[-124.85,50.32],[-124.9,50.33],[-124.94,50.33],[-124.95,50.36],[-124.95,50.39],[-124.99,50.43],[-124.99,50.38],[-125.04,50.34],[-125.08,50.32],[-125.09,50.35],[-125.06,50.38],[-125.07,50.43],[-125.06,50.47],[-124.97,50.5],[-124.95,50.54],[-124.89,50.55],[-124.87,50.58],[-124.87,50.61],[-124.86,50.67],[-124.83,50.72],[-124.84,50.75],[-124.9,50.77],[-124.89,50.82],[-124.86,50.83],[-124.83,50.87],[-124.79,50.88],[-124.8,50.92],[-124.83,50.93],[-124.87,50.92],[-124.87,50.89],[-124.92,50.84],[-124.97,50.82],[-124.95,50.79],[-124.93,50.76],[-124.91,50.71],[-124.92,50.67],[-124.92,50.64],[-124.93,50.6],[-124.97,50.59],[-125.03,50.56],[-125.04,50.53],[-125.1,50.5],[-125.12,50.47],[-125.13,50.44],[-125.18,50.42],[-125.23,50.45],[-125.24,50.49],[-125.28,50.48],[-125.33,50.47],[-125.35,50.52],[-125.38,50.53],[-125.4,50.49],[-125.43,50.47],[-125.52,50.46],[-125.56,50.46],[-125.54,50.51],[-125.53,50.54],[-125.54,50.58],[-125.53,50.62],[-125.5,50.66],[-125.46,50.68],[-125.43,50.71],[-125.48,50.71],[-125.53,50.68],[-125.56,50.67],[-125.57,50.64],[-125.57,50.61],[-125.57,50.57],[-125.59,50.53],[-125.62,50.52],[-125.61,50.48],[-125.66,50.44],[-125.7,50.44],[-125.77,50.49],[-125.8,50.49],[-125.75,50.51],[-125.79,50.53],[-125.84,50.53],[-125.95,50.48],[-126.01,50.47],[-126.06,50.48],[-126.09,50.5],[-126.13,50.49],[-126.24,50.5],[-126.28,50.52],[-126.24,50.54],[-126.21,50.54],[-126.18,50.58],[-126.14,50.58],[-126.11,50.59],[-126.06,50.6],[-125.98,50.61],[-125.94,50.63],[-125.99,50.64],[-126.03,50.63],[-126.06,50.63],[-126.13,50.6],[-126.16,50.6],[-126.24,50.6],[-126.28,50.63],[-126.25,50.64],[-126.22,50.64],[-126.12,50.65],[-126.05,50.66],[-126.02,50.67],[-125.94,50.65],[-125.91,50.65],[-125.83,50.68],[-125.75,50.69],[-125.71,50.68],[-125.68,50.73],[-125.63,50.75],[-125.61,50.78],[-125.64,50.82],[-125.63,50.86],[-125.56,50.87],[-125.53,50.91],[-125.51,50.95],[-125.54,50.99],[-125.56,51.06],[-125.64,51.1],[-125.63,51.06],[-125.61,51.01],[-125.58,50.97],[-125.55,50.95],[-125.56,50.92],[-125.6,50.9],[-125.63,50.9],[-125.67,50.88],[-125.68,50.84],[-125.65,50.8],[-125.69,50.77],[-125.74,50.72],[-125.77,50.71],[-125.88,50.71],[-125.92,50.68],[-125.97,50.7],[-126.01,50.71],[-126.05,50.69],[-126.19,50.67],[-126.23,50.69],[-126.17,50.72],[-126.13,50.75],[-126.06,50.77],[-126.03,50.79],[-126.08,50.8],[-126.13,50.78],[-126.18,50.78],[-126.18,50.83],[-126.18,50.87],[-126.23,50.84],[-126.27,50.86],[-126.31,50.86],[-126.36,50.86],[-126.39,50.85],[-126.46,50.82],[-126.49,50.82],[-126.55,50.84],[-126.55,50.89],[-126.5,50.92],[-126.36,50.9],[-126.32,50.91],[-126.22,50.91],[-126.18,50.92],[-126.19,50.95],[-126.23,50.93],[-126.41,50.94],[-126.46,50.95],[-126.51,51.01],[-126.51,51.06],[-126.54,51.03],[-126.55,50.98],[-126.54,50.94],[-126.56,50.91],[-126.67,50.88],[-126.7,50.88],[-126.75,50.89],[-126.8,50.91],[-126.83,50.94],[-126.87,50.94],[-127.03,50.91],[-127.08,50.93],[-127.11,50.93],[-127.14,50.93],[-127.17,50.94],[-127.13,50.91],[-127.08,50.9],[-127.03,50.89],[-126.95,50.88],[-127.0,50.83],[-127.04,50.82],[-127.13,50.87],[-127.21,50.88],[-127.25,50.9],[-127.28,50.91],[-127.31,50.91],[-127.43,50.94],[-127.42,50.98],[-127.47,50.98],[-127.51,50.99],[-127.53,51.02],[-127.51,51.07],[-127.5,51.1],[-127.53,51.12],[-127.63,51.1],[-127.66,51.1],[-127.69,51.11],[-127.78,51.17],[-127.79,51.21],[-127.77,51.24],[-127.63,51.28],[-127.57,51.3],[-127.42,51.29],[-127.39,51.28],[-127.22,51.29],[-127.18,51.31],[-127.15,51.32],[-127.12,51.36],[-127.12,51.4],[-127.17,51.34],[-127.2,51.33],[-127.26,51.31],[-127.52,51.32],[-127.49,51.33],[-127.48,51.36],[-127.51,51.35],[-127.56,51.33],[-127.59,51.33],[-127.65,51.34],[-127.68,51.34],[-127.72,51.32],[-127.75,51.32],[-127.78,51.33],[-127.76,51.38],[-127.73,51.39],[-127.68,51.39],[-127.62,51.44],[-127.58,51.46],[-127.55,51.49],[-127.52,51.53],[-127.52,51.57],[-127.51,51.61],[-127.47,51.63],[-127.32,51.66],[-127.04,51.67],[-126.71,51.64],[-126.66,51.66],[-126.63,51.68],[-126.6,51.71],[-126.64,51.76],[-126.67,51.8],[-126.66,51.75],[-126.64,51.72],[-126.68,51.69],[-127.1,51.7],[-127.26,51.69],[-127.33,51.71],[-127.39,51.67],[-127.42,51.67],[-127.45,51.69],[-127.43,51.75],[-127.39,51.77],[-127.34,51.86],[-127.38,51.84],[-127.39,51.8],[-127.44,51.78],[-127.48,51.71],[-127.52,51.7],[-127.55,51.71],[-127.58,51.71],[-127.62,51.71],[-127.65,51.7],[-127.62,51.69],[-127.57,51.68],[-127.5,51.68],[-127.47,51.66],[-127.55,51.63],[-127.58,51.59],[-127.57,51.56],[-127.62,51.48],[-127.67,51.46],[-127.71,51.46],[-127.76,51.49],[-127.68,51.51],[-127.72,51.54],[-127.79,51.53],[-127.79,51.57],[-127.83,51.6],[-127.83,51.63],[-127.87,51.67],[-127.88,51.7],[-127.86,51.74],[-127.88,51.79],[-127.88,51.84],[-127.87,51.89],[-127.82,51.93],[-127.78,51.95],[-127.71,51.95],[-127.67,51.97],[-127.65,52.06],[-127.61,52.11],[-127.58,52.13],[-127.55,52.14],[-127.52,52.15],[-127.49,52.15],[-127.47,52.12],[-127.51,52.1],[-127.57,52.1],[-127.62,52.03],[-127.59,52.05],[-127.56,52.08],[-127.47,52.08],[-127.43,52.09],[-127.44,52.15],[-127.44,52.19],[-127.41,52.19],[-127.38,52.22],[-127.28,52.24],[-127.19,52.31],[-127.15,52.32],[-127.1,52.31],[-127.04,52.31],[-127.0,52.3],[-126.96,52.27],[-126.94,52.23],[-126.91,52.18],[-126.78,52.1],[-126.75,52.08],[-126.71,52.05],[-126.68,52.0],[-126.67,52.03],[-126.69,52.06],[-126.72,52.1],[-126.79,52.15],[-126.89,52.19],[-126.91,52.23],[-126.91,52.27],[-126.94,52.31],[-126.93,52.34],[-126.88,52.34],[-126.81,52.37],[-126.77,52.37],[-126.73,52.37],[-126.79,52.4],[-126.91,52.37],[-126.94,52.36],[-126.97,52.35],[-127.0,52.34],[-127.04,52.34],[-127.12,52.35],[-127.16,52.36],[-127.19,52.39],[-127.2,52.44],[-127.23,52.51],[-127.19,52.55],[-127.15,52.58],[-127.11,52.59],[-127.08,52.62],[-127.0,52.63],[-126.97,52.67],[-126.93,52.71],[-126.93,52.75],[-126.96,52.79],[-126.97,52.83],[-127.04,52.86],[-127.08,52.89],[-127.06,52.86],[-127.02,52.81],[-127.0,52.78],[-127.0,52.75],[-126.99,52.71],[-127.05,52.65],[-127.15,52.61],[-127.21,52.57],[-127.24,52.56],[-127.27,52.53],[-127.28,52.5],[-127.29,52.46],[-127.45,52.41],[-127.5,52.36],[-127.54,52.34],[-127.59,52.33],[-127.62,52.3],[-127.65,52.3],[-127.69,52.3],[-127.73,52.28],[-127.76,52.28],[-127.75,52.31],[-127.71,52.36],[-127.74,52.35],[-127.78,52.3],[-127.8,52.26],[-127.85,52.22],[-127.88,52.24],[-127.89,52.27],[-127.93,52.3],[-127.92,52.34],[-127.87,52.35],[-127.86,52.39],[-127.89,52.41],[-127.91,52.44],[-127.89,52.48],[-127.89,52.52],[-127.91,52.48],[-127.93,52.43],[-127.9,52.39],[-127.92,52.36],[-127.97,52.32],[-128.0,52.34],[-128.03,52.38],[-128.06,52.41],[-128.07,52.45],[-128.05,52.49],[-128.02,52.51],[-127.98,52.52],[-127.93,52.51],[-127.91,52.54],[-127.88,52.58],[-127.93,52.56],[-128.03,52.55],[-128.06,52.52],[-128.1,52.51],[-128.15,52.43],[-128.19,52.39],[-128.23,52.33],[-128.28,52.28],[-128.32,52.28],[-128.37,52.29],[-128.36,52.32],[-128.33,52.33],[-128.34,52.37],[-128.31,52.4],[-128.27,52.4],[-128.24,52.44],[-128.22,52.48],[-128.23,52.51],[-128.24,52.56],[-128.23,52.59],[-128.19,52.64],[-128.18,52.68],[-128.15,52.72],[-128.12,52.77],[-128.14,52.82],[-128.13,52.87],[-128.08,52.9],[-128.04,52.91],[-128.11,52.91],[-128.15,52.88],[-128.21,52.83],[-128.25,52.8],[-128.28,52.8],[-128.31,52.8],[-128.37,52.82],[-128.43,52.82],[-128.45,52.85],[-128.5,52.89],[-128.5,52.93],[-128.51,52.96],[-128.51,52.99],[-128.52,53.03],[-128.53,53.07],[-128.51,53.11],[-128.55,53.11],[-128.5,53.14],[-128.56,53.15],[-128.65,53.22],[-128.68,53.19],[-128.8,53.26],[-128.83,53.27],[-128.88,53.31],[-128.86,53.36],[-128.88,53.39],[-128.89,53.43],[-128.84,53.47],[-128.88,53.49],[-128.92,53.46],[-128.95,53.49],[-128.96,53.53],[-128.97,53.56],[-128.89,53.54],[-128.83,53.56],[-128.79,53.57],[-128.76,53.51],[-128.71,53.48],[-128.67,53.45],[-128.69,53.49],[-128.64,53.47],[-128.56,53.42],[-128.52,53.4],[-128.5,53.37],[-128.51,53.41],[-128.48,53.43],[-128.38,53.45],[-128.35,53.48],[-128.31,53.46],[-128.25,53.45],[-128.15,53.45],[-128.11,53.44],[-128.08,53.41],[-128.09,53.37],[-128.05,53.37],[-127.98,53.34],[-127.95,53.27],[-127.87,53.23],[-127.9,53.26],[-127.93,53.29],[-127.93,53.32],[-127.98,53.36],[-128.03,53.38],[-128.06,53.42],[-128.09,53.45],[-128.11,53.49],[-128.2,53.49],[-128.3,53.48],[-128.35,53.5],[-128.39,53.49],[-128.42,53.45],[-128.49,53.45],[-128.53,53.43],[-128.55,53.46],[-128.59,53.47],[-128.61,53.5],[-128.67,53.52],[-128.7,53.55],[-128.73,53.57],[-128.77,53.58],[-128.81,53.62],[-128.81,53.66],[-128.77,53.7],[-128.79,53.76],[-128.78,53.8],[-128.73,53.82],[-128.69,53.82],[-128.68,53.86],[-128.56,53.84],[-128.48,53.84],[-128.52,53.86],[-128.55,53.86],[-128.62,53.88],[-128.66,53.89],[-128.69,53.91],[-128.64,53.97],[-128.63,54.01],[-128.6,54.03],[-128.65,54.02],[-128.68,54.0],[-128.72,53.96],[-128.73,53.93],[-128.76,53.91],[-128.79,53.89],[-128.84,53.87],[-128.86,53.83],[-128.93,53.78],[-128.91,53.83],[-128.91,53.86],[-128.95,53.81],[-128.95,53.84],[-128.97,53.89],[-129.01,53.9],[-128.98,53.87],[-128.97,53.82],[-128.97,53.78],[-129.0,53.76],[-129.05,53.81],[-129.03,53.75],[-129.07,53.74],[-129.11,53.72],[-129.14,53.69],[-129.18,53.67],[-129.23,53.63],[-129.24,53.59],[-129.24,53.55],[-129.24,53.51],[-129.24,53.47],[-129.25,53.43],[-129.28,53.39],[-129.33,53.4],[-129.59,53.57],[-129.62,53.58],[-129.67,53.62],[-129.73,53.67],[-129.7,53.67],[-129.72,53.7],[-129.75,53.71],[-129.78,53.72],[-129.8,53.76],[-129.83,53.75],[-129.88,53.78],[-129.91,53.8],[-129.94,53.83],[-130.0,53.85],[-129.97,53.87],[-130.01,53.87],[-130.05,53.9],[-130.09,53.94],[-130.09,53.97],[-130.08,54.0],[-130.09,54.08],[-130.06,54.14],[-129.98,54.16],[-129.95,54.15],[-129.91,54.12],[-129.87,54.09],[-129.85,54.06],[-129.83,54.03],[-129.79,54.01],[-129.76,54.0],[-129.74,53.96],[-129.71,53.95],[-129.73,53.99],[-129.78,54.02],[-129.82,54.05],[-129.86,54.1],[-129.91,54.14],[-129.93,54.19],[-129.89,54.21],[-129.84,54.22],[-129.81,54.22],[-129.77,54.2],[-129.72,54.21],[-129.64,54.18],[-129.58,54.2],[-129.53,54.22],[-129.5,54.23],[-129.57,54.23],[-129.63,54.2],[-129.77,54.24],[-129.83,54.24],[-129.89,54.24],[-129.95,54.21],[-129.98,54.21],[-130.01,54.18],[-130.06,54.18],[-130.1,54.16],[-130.14,54.17],[-130.18,54.2],[-130.28,54.21],[-130.23,54.26],[-130.19,54.26],[-130.23,54.28],[-130.24,54.33],[-130.25,54.39],[-130.29,54.35],[-130.35,54.33],[-130.42,54.34],[-130.46,54.35],[-130.48,54.39],[-130.48,54.42],[-130.45,54.45],[-130.4,54.45],[-130.42,54.49],[-130.44,54.53],[-130.43,54.57],[-130.4,54.57],[-130.42,54.6],[-130.41,54.63],[-130.38,54.62],[-130.32,54.56],[-130.29,54.54],[-130.05,54.34],[-130.01,54.32],[-129.98,54.32],[-130.03,54.34],[-130.07,54.38],[-130.06,54.45],[-130.02,54.49],[-129.98,54.5],[-130.06,54.5],[-130.08,54.46],[-130.1,54.43],[-130.14,54.44],[-130.19,54.48],[-130.29,54.57],[-130.32,54.6],[-130.36,54.63],[-130.34,54.69],[-130.29,54.71],[-130.23,54.71],[-130.18,54.7],[-130.12,54.68],[-130.08,54.67],[-130.06,54.64],[-130.01,54.62],[-129.92,54.61],[-129.89,54.61],[-129.96,54.63],[-129.99,54.63],[-130.02,54.64],[-130.08,54.69],[-130.12,54.71],[-130.19,54.72],[-130.19,54.76],[-130.16,54.8],[-130.13,54.83],[-130.1,54.84],[-130.07,54.87],[-130.07,54.9],[-130.1,54.87],[-130.16,54.85],[-130.13,54.89],[-130.1,54.9],[-130.06,54.95],[-130.02,54.97],[-129.98,54.97],[-129.98,54.94],[-129.95,54.93],[-129.9,54.95],[-129.85,54.99],[-129.82,55.0],[-129.78,54.98],[-129.73,54.99],[-129.66,54.98],[-129.63,55.01],[-129.68,54.99],[-129.95,55.01],[-129.98,55.01],[-129.99,55.04],[-129.96,55.1],[-129.92,55.13],[-129.89,55.16],[-129.85,55.19],[-129.83,55.24],[-129.78,55.27],[-129.75,55.3],[-129.72,55.35],[-129.68,55.37],[-129.67,55.41],[-129.61,55.45],[-129.54,55.44],[-129.49,55.46],[-129.53,55.46],[-129.56,55.46],[-129.59,55.46],[-129.63,55.46],[-129.69,55.42],[-129.72,55.47],[-129.75,55.5],[-129.79,55.6],[-129.82,55.6],[-129.81,55.54],[-129.79,55.5],[-129.79,55.46],[-129.82,55.42],[-129.84,55.37],[-129.8,55.4],[-129.78,55.37],[-129.82,55.34],[-129.83,55.3],[-129.86,55.26],[-129.89,55.23],[-129.9,55.19],[-130.0,55.1],[-130.02,55.07],[-130.04,55.04],[-130.06,55.01],[-130.11,55.0],[-130.14,55.04],[-130.17,55.09],[-130.14,55.11],[-130.12,55.15],[-130.09,55.18],[-130.02,55.23],[-129.96,55.27],[-129.96,55.31],[-130.0,55.34],[-130.0,55.4],[-130.02,55.44],[-130.03,55.47],[-130.08,55.52],[-130.1,55.59],[-130.09,55.63],[-130.08,55.69],[-130.12,55.72],[-130.13,55.76],[-130.03,55.85],[-129.98,55.91],[-129.98,55.94],[-130.02,55.91],[-130.01,55.96],[-130.02,56.0],[-130.04,56.05],[-130.07,56.08],[-130.12,56.11],[-130.21,56.09],[-130.24,56.09],[-130.29,56.1],[-130.4,56.12],[-130.46,56.21],[-130.5,56.23],[-130.6,56.25],[-130.65,56.26],[-130.76,56.35],[-130.84,56.37],[-131.02,56.39],[-131.1,56.41],[-131.22,56.45],[-131.35,56.5],[-131.49,56.56],[-131.54,56.59],[-131.59,56.6],[-131.69,56.59],[-131.8,56.59],[-131.83,56.59],[-131.83,56.64],[-131.84,56.68],[-131.86,56.71],[-131.89,56.75],[-131.87,56.79],[-132.11,56.86],[-132.03,57.03],[-132.16,57.05],[-132.34,57.08],[-132.28,57.15],[-132.23,57.2],[-132.3,57.28],[-132.36,57.35],[-132.46,57.42],[-132.55,57.5],[-132.63,57.58],[-132.71,57.66],[-132.83,57.79],[-132.92,57.88],[-132.99,57.94],[-133.08,58.01],[-133.14,58.12],[-133.17,58.15],[-133.26,58.21],[-133.37,58.29],[-133.42,58.33],[-133.43,58.37],[-133.39,58.4],[-133.46,58.46],[-133.55,58.51],[-133.63,58.55],[-133.7,58.6],[-133.8,58.69],[-133.83,58.72],[-133.87,58.74],[-133.98,58.77],[-134.11,58.81],[-134.22,58.84],[-134.32,58.9],[-134.33,58.95],[-134.4,58.97],[-134.39,59.02],[-134.45,59.1],[-134.48,59.11],[-134.51,59.12],[-134.56,59.12],[-134.61,59.14],[-134.66,59.18],[-134.68,59.22],[-134.71,59.24],[-134.74,59.25],[-134.84,59.26],[-134.93,59.27],[-134.96,59.28],[-135.02,59.34],[-135.1,59.42],[-135.04,59.46],[-135.02,59.54],[-135.09,59.61],[-135.16,59.62],[-135.19,59.65],[-135.22,59.68],[-135.26,59.7],[-135.35,59.73],[-135.4,59.75],[-135.47,59.79],[-135.64,59.75],[-135.83,59.69],[-135.92,59.67],[-136.03,59.65],[-136.15,59.64],[-136.26,59.62],[-136.35,59.59],[-136.3,59.58],[-136.26,59.56],[-136.24,59.53],[-136.28,59.49],[-136.32,59.46],[-136.37,59.45],[-136.42,59.45],[-136.47,59.46],[-136.47,59.38],[-136.47,59.29],[-136.48,59.26],[-136.57,59.17],[-136.61,59.15],[-136.67,59.15],[-136.79,59.16],[-136.84,59.15],[-136.94,59.11],[-137.05,59.07],[-137.17,59.03],[-137.28,58.99],[-137.34,58.96],[-137.42,58.91],[-137.45,58.9],[-137.49,58.9],[-137.51,58.94],[-137.48,58.99],[-137.52,59.07],[-137.55,59.13],[-137.58,59.21],[-137.61,59.24],[-137.76,59.32],[-137.91,59.4],[-138.07,59.48],[-138.22,59.56],[-138.36,59.63],[-138.49,59.7],[-138.6,59.75],[-138.64,59.78],[-138.65,59.81],[-138.69,59.89],[-138.74,59.91],[-138.84,59.94],[-139.0,59.98],[-139.05,59.99],[-138.58,60.0],[-138.1,60.0],[-137.62,60.0],[-137.15,60.0],[-136.67,60.0],[-136.2,60.0],[-135.72,60.0],[-135.24,60.0],[-134.77,60.0],[-134.29,60.0],[-133.82,60.0],[-133.34,60.0],[-132.86,60.0],[-132.39,60.0],[-131.91,60.0],[-131.44,60.0],[-130.96,60.0],[-130.48,60.0],[-130.01,60.0],[-129.53,60.0],[-129.06,60.0],[-128.58,60.0],[-128.1,60.0],[-127.63,60.0],[-127.15,60.0],[-126.68,60.0],[-126.2,60.0],[-125.72,60.0],[-125.25,60.0],[-124.77,60.0],[-124.3,60.0],[-123.82,60.0],[-123.34,60.0],[-122.86,60.0],[-122.39,60.0],[-121.91,60.0],[-121.43,60.0],[-120.95,60.0],[-120.48,60.0],[-120.0,60.0],[-120.0,59.92],[-120.0,59.83],[-120.0,59.75],[-120.0,59.67],[-120.0,59.59],[-120.0,59.5],[-120.0,59.42],[-120.0,59.34],[-120.0,59.07],[-120.0,58.79],[-120.0,58.52],[-120.0,58.25],[-120.0,57.98],[-120.0,57.71],[-120.0,57.44],[-120.0,57.16],[-120.0,56.87],[-120.0,56.58],[-120.0,56.29],[-120.0,56.0],[-120.0,55.71],[-120.0,55.42],[-120.0,55.19],[-120.0,54.96],[-120.0,54.84],[-120.0,54.65],[-120.0,54.46],[-120.0,54.26],[-120.0,54.07],[-120.0,54.02],[-120.0,53.97],[-120.0,53.92],[-120.0,53.87],[-120.0,53.82],[-119.98,53.79],[-119.94,53.78],[-119.9,53.78],[-119.92,53.74],[-119.9,53.71],[-119.86,53.7],[-119.82,53.71],[-119.79,53.68],[-119.75,53.66],[-119.73,53.62],[-119.79,53.6],[-119.84,53.61],[-119.87,53.61],[-119.91,53.62],[-119.9,53.58],[-119.9,53.54],[-119.88,53.51],[-119.85,53.51],[-119.81,53.49],[-119.78,53.45],[-119.76,53.41],[-119.72,53.39],[-119.69,53.37],[-119.64,53.35],[-119.61,53.38],[-119.57,53.37],[-119.53,53.37],[-119.48,53.36],[-119.44,53.36],[-119.41,53.37],[-119.38,53.34],[-119.37,53.3],[-119.34,53.26],[-119.3,53.23],[-119.26,53.2],[-119.22,53.19],[-119.17,53.18],[-119.13,53.16],[-119.09,53.16],[-119.06,53.15],[-119.03,53.13],[-119.02,53.17],[-119.01,53.21],[-118.98,53.24],[-118.93,53.22],[-118.89,53.2],[-118.85,53.18],[-118.8,53.15],[-118.76,53.12],[-118.78,53.07],[-118.75,53.06],[-118.71,53.04],[-118.66,53.02],[-118.66,52.99],[-118.65,52.95],[-118.63,52.91],[-118.6,52.88],[-118.56,52.89],[-118.53,52.9],[-118.5,52.9],[-118.47,52.87],[-118.44,52.85],[-118.42,52.82],[-118.42,52.78],[-118.39,52.77],[-118.35,52.73],[-118.32,52.7],[-118.32,52.65],[-118.35,52.62],[-118.32,52.58],[-118.28,52.56],[-118.28,52.52],[-118.24,52.49],[-118.21,52.47],[-118.24,52.46],[-118.26,52.43],[-118.23,52.39],[-118.19,52.37],[-118.13,52.4],[-118.1,52.4],[-118.06,52.4],[-118.04,52.43],[-118.02,52.47],[-117.99,52.48],[-117.95,52.45],[-117.89,52.43],[-117.85,52.42],[-117.8,52.42],[-117.76,52.41],[-117.73,52.37],[-117.74,52.33],[-117.8,52.3],[-117.82,52.26],[-117.78,52.22],[-117.75,52.2],[-117.72,52.19],[-117.69,52.19],[-117.66,52.18],[-117.62,52.14],[-117.59,52.13],[-117.56,52.14],[-117.52,52.15],[-117.49,52.15],[-117.46,52.14],[-117.42,52.13],[-117.38,52.13],[-117.35,52.15],[-117.32,52.18],[-117.3,52.14],[-117.29,52.09],[-117.27,52.05],[-117.22,52.02],[-117.18,51.99],[-117.15,51.98],[-117.11,51.97],[-117.07,51.93],[-117.04,51.9],[-117.03,51.86],[-116.99,51.84],[-116.99,51.81],[-116.96,51.76],[-116.94,51.72],[-116.91,51.71],[-116.85,51.71],[-116.82,51.71],[-116.82,51.75],[-116.78,51.78],[-116.74,51.8],[-116.71,51.8],[-116.66,51.8],[-116.65,51.76],[-116.61,51.72],[-116.6,51.69],[-116.59,51.66],[-116.56,51.64],[-116.51,51.63],[-116.48,51.6],[-116.45,51.56],[-116.41,51.55],[-116.39,51.5],[-116.34,51.47],[-116.31,51.47],[-116.3,51.43],[-116.3,51.4],[-116.28,51.37],[-116.27,51.33],[-116.23,51.3],[-116.2,51.3],[-116.16,51.29],[-116.12,51.25],[-116.08,51.25],[-116.05,51.24],[-116.02,51.2],[-116.02,51.16],[-115.98,51.11],[-115.95,51.1],[-115.9,51.09],[-115.87,51.09],[-115.84,51.09],[-115.79,51.08],[-115.77,51.05],[-115.74,51.03],[-115.69,51.02],[-115.66,50.98],[-115.63,50.97],[-115.61,50.94],[-115.58,50.91],[-115.63,50.88],[-115.65,50.85],[-115.62,50.84],[-115.59,50.84],[-115.55,50.81],[-115.51,50.79],[-115.48,50.78],[-115.43,50.76],[-115.4,50.72],[-115.36,50.73],[-115.32,50.71],[-115.29,50.67],[-115.29,50.61],[-115.26,50.59],[-115.23,50.56],[-115.19,50.55],[-115.16,50.58],[-115.13,50.59],[-115.1,50.59],[-115.07,50.59],[-115.01,50.57],[-114.97,50.53],[-114.93,50.49],[-114.89,50.45],[-114.86,50.41],[-114.81,50.38],[-114.78,50.35],[-114.77,50.3],[-114.76,50.25],[-114.73,50.2],[-114.73,50.16],[-114.72,50.12],[-114.69,50.09],[-114.66,50.07],[-114.66,50.03],[-114.65,49.99],[-114.66,49.96],[-114.69,49.93],[-114.68,49.89],[-114.65,49.85],[-114.63,49.8],[-114.65,49.75],[-114.64,49.71],[-114.67,49.69],[-114.68,49.65],[-114.72,49.62],[-114.73,49.57],[-114.69,49.55],[-114.65,49.55],[-114.61,49.55],[-114.56,49.54],[-114.57,49.51],[-114.59,49.47],[-114.6,49.44],[-114.58,49.39],[-114.54,49.37],[-114.5,49.35],[-114.47,49.32],[-114.44,49.29],[-114.41,49.26],[-114.38,49.26],[-114.39,49.23],[-114.36,49.2],[-114.31,49.2],[-114.26,49.19],[-114.21,49.18],[-114.16,49.15],[-114.16,49.1],[-114.13,49.08],[-114.1,49.06],[-114.07,49.05],[-114.05,49.01],[-114.08,48.99],[-114.3,48.99],[-114.52,48.99],[-114.74,48.99],[-114.96,48.99],[-115.18,48.99],[-115.4,48.99],[-115.62,48.99],[-115.84,48.99],[-116.05,48.99],[-116.28,48.99],[-116.5,48.99],[-116.72,48.99],[-116.94,48.99],[-117.04,48.99]]],[[[-127.92,51.52],[-127.88,51.47],[-127.88,51.44],[-127.92,51.42],[-127.96,51.44],[-128.01,51.47],[-128.05,51.46],[-128.09,51.49],[-128.1,51.53],[-128.15,51.59],[-128.16,51.63],[-128.1,51.68],[-128.03,51.72],[-127.99,51.7],[-127.97,51.66],[-127.92,51.6],[-127.9,51.56],[-127.92,51.52]]],[[[-128.14,51.86],[-128.21,51.85],[-128.25,51.86],[-128.23,51.91],[-128.2,51.92],[-128.22,51.96],[-128.18,52.02],[-128.14,52.04],[-128.09,52.06],[-128.0,52.07],[-127.97,52.06],[-127.96,52.02],[-127.96,51.97],[-127.98,51.93],[-128.04,51.84],[-128.01,51.8],[-128.03,51.76],[-128.06,51.75],[-128.11,51.75],[-128.13,51.79],[-128.12,51.82],[-128.13,51.86]]],[[[-131.0,52.11],[-130.96,52.1],[-130.98,52.07],[-131.02,52.07],[-131.06,52.08],[-131.01,52.03],[-131.04,52.03],[-131.02,52.0],[-131.04,51.97],[-131.07,51.97],[-131.11,52.0],[-131.1,52.04],[-131.12,52.08],[-131.11,52.15],[-131.08,52.15],[-131.04,52.12],[-131.0,52.11]]],[[[-127.95,52.17],[-127.92,52.16],[-127.88,52.17],[-127.92,52.12],[-127.96,52.08],[-128.01,52.09],[-128.04,52.08],[-128.07,52.08],[-128.11,52.11],[-128.12,52.15],[-128.08,52.15],[-128.05,52.16],[-127.95,52.17]]],[[[-128.25,52.02],[-128.28,52.09],[-128.28,52.14],[-128.25,52.18],[-128.22,52.19],[-128.18,52.2],[-128.16,52.09],[-128.19,52.06],[-128.2,52.03],[-128.24,52.02]]],[[[-128.23,52.21],[-128.27,52.2],[-128.29,52.16],[-128.33,52.15],[-128.34,52.12],[-128.34,52.08],[-128.37,52.09],[-128.36,52.14],[-128.41,52.14],[-128.44,52.12],[-128.48,52.15],[-128.51,52.15],[-128.48,52.19],[-128.45,52.24],[-128.41,52.24],[-128.37,52.23],[-128.34,52.24],[-128.28,52.24],[-128.25,52.23]]],[[[-128.1,52.24],[-128.14,52.24],[-128.1,52.28],[-128.06,52.3],[-128.02,52.31],[-127.99,52.3],[-127.96,52.3],[-127.94,52.25],[-127.91,52.21],[-127.92,52.18],[-127.95,52.18],[-128.0,52.19],[-128.04,52.18],[-128.07,52.18],[-128.09,52.21],[-128.03,52.23],[-128.04,52.26],[-128.08,52.25]]],[[[-127.24,52.43],[-127.24,52.4],[-127.21,52.35],[-127.24,52.31],[-127.28,52.29],[-127.36,52.26],[-127.41,52.25],[-127.45,52.24],[-127.48,52.21],[-127.53,52.19],[-127.57,52.19],[-127.59,52.16],[-127.63,52.15],[-127.69,52.07],[-127.71,52.04],[-127.7,52.0],[-127.75,51.98],[-127.82,51.97],[-127.87,51.95],[-127.9,51.97],[-127.9,52.0],[-127.88,52.08],[-127.84,52.12],[-127.85,52.15],[-127.82,52.2],[-127.78,52.22],[-127.75,52.25],[-127.71,52.25],[-127.67,52.26],[-127.62,52.28],[-127.58,52.29],[-127.55,52.31],[-127.52,52.31],[-127.48,52.34],[-127.43,52.39],[-127.31,52.41],[-127.27,52.44],[-127.24,52.43]]],[[[-128.62,52.45],[-128.61,52.38],[-128.62,52.33],[-128.65,52.29],[-128.68,52.27],[-128.72,52.31],[-128.73,52.35],[-128.75,52.39],[-128.76,52.43],[-128.76,52.47],[-128.72,52.48],[-128.67,52.49],[-128.63,52.47]]],[[[-128.56,52.61],[-128.56,52.65],[-128.53,52.6],[-128.47,52.49],[-128.48,52.44],[-128.52,52.43],[-128.55,52.44],[-128.59,52.46],[-128.62,52.48],[-128.65,52.49],[-128.68,52.5],[-128.72,52.49],[-128.76,52.49],[-128.8,52.51],[-128.81,52.54],[-128.77,52.54],[-128.73,52.52],[-128.69,52.53],[-128.72,52.54],[-128.74,52.58],[-128.58,52.6]]],[[[-131.56,52.73],[-131.59,52.72],[-131.66,52.72],[-131.63,52.69],[-131.55,52.7],[-131.51,52.73],[-131.47,52.73],[-131.44,52.7],[-131.46,52.66],[-131.49,52.63],[-131.53,52.64],[-131.57,52.66],[-131.55,52.61],[-131.58,52.6],[-131.62,52.61],[-131.65,52.65],[-131.7,52.7],[-131.64,52.74],[-131.56,52.73]]],[[[-128.31,52.43],[-128.38,52.38],[-128.44,52.37],[-128.47,52.38],[-128.43,52.43],[-128.41,52.46],[-128.42,52.49],[-128.44,52.53],[-128.44,52.61],[-128.44,52.65],[-128.43,52.7],[-128.45,52.74],[-128.41,52.78],[-128.37,52.8],[-128.36,52.76],[-128.35,52.72],[-128.32,52.68],[-128.31,52.59],[-128.3,52.55],[-128.28,52.51],[-128.29,52.47],[-128.31,52.44]]],[[[-128.93,52.61],[-128.93,52.57],[-128.93,52.53],[-128.93,52.5],[-128.95,52.47],[-128.98,52.45],[-128.99,52.49],[-129.0,52.52],[-129.03,52.53],[-129.06,52.52],[-129.08,52.56],[-129.12,52.57],[-129.12,52.61],[-129.15,52.6],[-129.18,52.63],[-129.23,52.68],[-129.19,52.68],[-129.26,52.71],[-129.29,52.75],[-129.27,52.79],[-129.26,52.83],[-129.18,52.79],[-129.15,52.76],[-129.1,52.74],[-129.06,52.71],[-128.94,52.63]]],[[[-128.31,52.73],[-128.32,52.78],[-128.28,52.79],[-128.24,52.79],[-128.21,52.8],[-128.17,52.82],[-128.18,52.78],[-128.21,52.73],[-128.22,52.69],[-128.24,52.66],[-128.25,52.62],[-128.29,52.61],[-128.28,52.64],[-128.3,52.67],[-128.29,52.7]]],[[[-128.53,52.73],[-128.54,52.77],[-128.51,52.86],[-128.48,52.87],[-128.46,52.81],[-128.48,52.78],[-128.48,52.71],[-128.5,52.67],[-128.53,52.68],[-128.54,52.71]]],[[[-129.56,53.0],[-129.53,52.96],[-129.56,52.96],[-129.61,52.96],[-129.63,52.99],[-129.6,53.03],[-129.57,53.02]]],[[[-129.56,53.06],[-129.52,53.04],[-129.55,53.02],[-129.59,53.04],[-129.63,53.04],[-129.68,53.06],[-129.62,53.06],[-129.57,53.06]]],[[[-129.65,53.13],[-129.6,53.09],[-129.62,53.06],[-129.66,53.07],[-129.69,53.08],[-129.72,53.1],[-129.74,53.13],[-129.69,53.14],[-129.65,53.13]]],[[[-129.3,53.04],[-129.29,53.0],[-129.32,52.97],[-129.37,52.99],[-129.41,53.01],[-129.43,53.04],[-129.46,53.07],[-129.48,53.1],[-129.51,53.1],[-129.52,53.13],[-129.55,53.17],[-129.51,53.19],[-129.48,53.19],[-129.44,53.16],[-129.41,53.14],[-129.36,53.08],[-129.33,53.06],[-129.3,53.04]]],[[[-131.11,52.17],[-131.12,52.2],[-131.15,52.21],[-131.14,52.18],[-131.15,52.14],[-131.2,52.14],[-131.21,52.19],[-131.28,52.24],[-131.24,52.17],[-131.24,52.14],[-131.28,52.13],[-131.3,52.18],[-131.34,52.22],[-131.38,52.2],[-131.41,52.22],[-131.44,52.26],[-131.49,52.29],[-131.52,52.33],[-131.56,52.33],[-131.54,52.36],[-131.58,52.35],[-131.58,52.38],[-131.55,52.4],[-131.52,52.4],[-131.55,52.43],[-131.59,52.42],[-131.62,52.43],[-131.66,52.48],[-131.74,52.5],[-131.88,52.58],[-131.9,52.61],[-131.93,52.63],[-132.01,52.68],[-132.09,52.73],[-132.06,52.76],[-132.02,52.76],[-131.97,52.73],[-132.0,52.77],[-131.96,52.75],[-131.93,52.73],[-131.94,52.77],[-132.02,52.8],[-132.07,52.85],[-132.07,52.82],[-132.09,52.79],[-132.11,52.76],[-132.18,52.78],[-132.21,52.8],[-132.24,52.85],[-132.29,52.88],[-132.33,52.91],[-132.34,52.94],[-132.29,52.95],[-132.25,52.96],[-132.2,52.93],[-132.2,52.97],[-132.14,52.93],[-132.16,52.97],[-132.13,52.98],[-132.13,53.01],[-132.18,53.0],[-132.23,53.03],[-132.27,53.03],[-132.35,53.03],[-132.39,53.03],[-132.44,53.04],[-132.47,53.03],[-132.51,53.05],[-132.54,53.09],[-132.57,53.15],[-132.54,53.15],[-132.51,53.15],[-132.46,53.13],[-132.37,53.13],[-132.32,53.15],[-132.25,53.15],[-132.07,53.16],[-131.98,53.21],[-131.94,53.23],[-131.9,53.24],[-131.84,53.24],[-131.8,53.26],[-131.77,53.2],[-131.78,53.17],[-131.72,53.15],[-131.69,53.12],[-131.65,53.12],[-131.61,53.06],[-131.62,53.03],[-131.67,53.05],[-131.72,53.06],[-131.76,53.07],[-131.83,53.08],[-131.89,53.07],[-132.0,53.06],[-131.95,53.05],[-131.93,53.0],[-131.89,53.03],[-131.84,53.05],[-131.75,53.02],[-131.68,53.01],[-131.65,53.0],[-131.61,52.98],[-131.63,52.94],[-131.64,52.91],[-131.67,52.88],[-131.8,52.87],[-131.84,52.9],[-131.88,52.93],[-131.92,52.94],[-131.89,52.92],[-131.98,52.89],[-131.95,52.88],[-131.9,52.89],[-131.87,52.89],[-131.87,52.86],[-131.86,52.83],[-131.7,52.8],[-131.67,52.81],[-131.73,52.79],[-131.77,52.78],[-131.8,52.76],[-131.84,52.77],[-131.8,52.75],[-131.83,52.73],[-131.78,52.72],[-131.73,52.7],[-131.69,52.65],[-131.71,52.62],[-131.66,52.58],[-131.62,52.57],[-131.66,52.55],[-131.62,52.54],[-131.58,52.52],[-131.54,52.53],[-131.47,52.51],[-131.46,52.47],[-131.43,52.47],[-131.44,52.41],[-131.4,52.39],[-131.41,52.36],[-131.37,52.37],[-131.35,52.41],[-131.29,52.44],[-131.25,52.45],[-131.25,52.42],[-131.28,52.41],[-131.3,52.36],[-131.25,52.37],[-131.28,52.35],[-131.31,52.34],[-131.34,52.35],[-131.33,52.3],[-131.3,52.29],[-131.24,52.26],[-131.26,52.3],[-131.2,52.31],[-131.16,52.32],[-131.13,52.3],[-131.1,52.29],[-131.1,52.26],[-131.13,52.25],[-131.18,52.24],[-131.13,52.23],[-131.1,52.23],[-131.04,52.23],[-131.01,52.21],[-131.03,52.18],[-131.1,52.17]]],[[[-128.8,52.7],[-128.83,52.67],[-128.86,52.66],[-128.93,52.67],[-129.02,52.72],[-129.06,52.74],[-129.06,52.77],[-129.1,52.81],[-129.12,52.84],[-129.09,52.88],[-129.03,52.86],[-129.07,52.89],[-129.04,52.91],[-129.01,52.93],[-128.97,52.97],[-128.95,53.0],[-128.91,53.02],[-128.84,53.04],[-128.88,53.07],[-128.91,53.09],[-128.96,53.12],[-129.02,53.15],[-129.0,53.11],[-128.96,53.1],[-128.92,53.08],[-128.89,53.05],[-128.92,53.03],[-128.97,53.0],[-128.98,52.97],[-129.01,52.95],[-129.06,52.92],[-129.1,52.9],[-129.16,52.93],[-129.19,52.97],[-129.19,53.0],[-129.17,53.05],[-129.14,53.08],[-129.09,53.09],[-129.08,53.14],[-129.08,53.19],[-129.06,53.23],[-129.08,53.27],[-129.06,53.31],[-129.02,53.31],[-128.98,53.29],[-128.91,53.29],[-128.87,53.27],[-128.8,53.22],[-128.7,53.17],[-128.63,53.16],[-128.59,53.11],[-128.54,53.02],[-128.53,52.98],[-128.52,52.93],[-128.52,52.89],[-128.53,52.85],[-128.56,52.74],[-128.58,52.7],[-128.61,52.67],[-128.58,52.65],[-128.59,52.62],[-128.7,52.61],[-128.73,52.61],[-128.74,52.64],[-128.74,52.69],[-128.75,52.73],[-128.74,52.76],[-128.72,52.8],[-128.71,52.84],[-128.67,52.86],[-128.65,52.91],[-128.64,52.95],[-128.67,52.97],[-128.67,52.93],[-128.7,52.9],[-128.75,52.91],[-128.73,52.85],[-128.76,52.81],[-128.77,52.77],[-128.78,52.73],[-128.76,52.69],[-128.8,52.69]]],[[[-129.29,53.11],[-129.32,53.12],[-129.34,53.15],[-129.34,53.18],[-129.32,53.22],[-129.26,53.27],[-129.27,53.32],[-129.24,53.33],[-129.21,53.33],[-129.18,53.31],[-129.17,53.27],[-129.15,53.23],[-129.15,53.16],[-129.13,53.12],[-129.16,53.1],[-129.24,53.1],[-129.28,53.09]]],[[[-128.91,53.41],[-128.91,53.37],[-128.94,53.32],[-129.0,53.34],[-129.06,53.34],[-129.1,53.32],[-129.15,53.36],[-129.11,53.41],[-129.07,53.45],[-129.06,53.49],[-129.02,53.53],[-128.99,53.5],[-128.91,53.41]]],[[[-129.74,53.24],[-129.74,53.19],[-129.77,53.16],[-129.81,53.18],[-129.85,53.16],[-129.89,53.16],[-129.93,53.16],[-129.99,53.21],[-130.01,53.25],[-130.05,53.26],[-130.08,53.27],[-130.09,53.32],[-130.14,53.33],[-130.16,53.36],[-130.2,53.36],[-130.31,53.39],[-130.37,53.45],[-130.41,53.48],[-130.38,53.52],[-130.34,53.52],[-130.38,53.53],[-130.41,53.52],[-130.45,53.52],[-130.5,53.55],[-130.53,53.58],[-130.53,53.61],[-130.5,53.64],[-130.44,53.64],[-130.41,53.63],[-130.37,53.61],[-130.32,53.59],[-130.26,53.58],[-130.19,53.54],[-130.12,53.52],[-130.08,53.49],[-129.97,53.46],[-129.93,53.43],[-129.9,53.41],[-129.77,53.26],[-129.74,53.24]]],[[[-129.17,53.39],[-129.17,53.45],[-129.17,53.49],[-129.16,53.53],[-129.17,53.59],[-129.16,53.63],[-129.12,53.66],[-129.08,53.67],[-129.04,53.69],[-129.0,53.7],[-128.9,53.7],[-128.86,53.71],[-128.82,53.71],[-128.86,53.68],[-128.86,53.65],[-128.88,53.62],[-128.95,53.59],[-128.98,53.58],[-129.07,53.52],[-129.09,53.49],[-129.09,53.45],[-129.13,53.43],[-129.17,53.39]]],[[[-130.41,53.69],[-130.37,53.71],[-130.3,53.75],[-130.3,53.79],[-130.26,53.8],[-130.23,53.78],[-130.23,53.74],[-130.2,53.72],[-130.14,53.7],[-130.13,53.66],[-130.11,53.62],[-130.09,53.57],[-130.12,53.57],[-130.17,53.59],[-130.25,53.6],[-130.29,53.62],[-130.33,53.62],[-130.36,53.66],[-130.4,53.68]]],[[[-130.25,53.89],[-130.2,53.92],[-130.16,53.9],[-130.11,53.88],[-130.08,53.86],[-130.04,53.85],[-130.0,53.82],[-129.93,53.78],[-129.9,53.77],[-129.84,53.74],[-129.78,53.69],[-129.67,53.59],[-129.53,53.51],[-129.55,53.48],[-129.62,53.5],[-129.59,53.47],[-129.56,53.47],[-129.5,53.47],[-129.45,53.45],[-129.41,53.42],[-129.37,53.38],[-129.34,53.36],[-129.35,53.33],[-129.33,53.3],[-129.33,53.26],[-129.36,53.25],[-129.38,53.28],[-129.39,53.31],[-129.43,53.34],[-129.46,53.29],[-129.5,53.32],[-129.5,53.28],[-129.48,53.24],[-129.52,53.23],[-129.55,53.22],[-129.59,53.22],[-129.59,53.25],[-129.65,53.3],[-129.67,53.33],[-129.7,53.34],[-129.73,53.34],[-129.76,53.36],[-129.8,53.38],[-129.82,53.44],[-129.85,53.47],[-129.88,53.47],[-129.88,53.52],[-129.89,53.56],[-129.93,53.56],[-129.89,53.58],[-129.93,53.6],[-129.97,53.59],[-130.03,53.58],[-130.06,53.61],[-130.03,53.63],[-129.98,53.64],[-129.92,53.64],[-129.88,53.63],[-129.95,53.66],[-129.99,53.66],[-130.03,53.65],[-130.06,53.64],[-130.1,53.66],[-130.09,53.69],[-130.17,53.73],[-130.2,53.73],[-130.21,53.76],[-130.21,53.79],[-130.21,53.82],[-130.29,53.84],[-130.27,53.89]]],[[[-130.45,53.98],[-130.46,53.94],[-130.47,53.91],[-130.52,53.9],[-130.58,53.94],[-130.62,53.97],[-130.66,53.95],[-130.69,53.93],[-130.67,53.9],[-130.64,53.89],[-130.63,53.84],[-130.68,53.85],[-130.72,53.86],[-130.71,53.89],[-130.72,53.94],[-130.69,53.96],[-130.66,53.99],[-130.63,54.0],[-130.6,54.03],[-130.57,54.03],[-130.52,54.06],[-130.45,54.08],[-130.42,54.1],[-130.39,54.1],[-130.34,54.07],[-130.29,54.03],[-130.26,54.02],[-130.23,53.97],[-130.28,53.91],[-130.33,53.88],[-130.35,53.84],[-130.4,53.84],[-130.44,53.86],[-130.48,53.84],[-130.47,53.89],[-130.41,53.95],[-130.37,53.97],[-130.33,53.97],[-130.34,54.0],[-130.39,53.99],[-130.43,53.99]]],[[[-132.58,53.21],[-132.55,53.24],[-132.63,53.26],[-132.67,53.26],[-132.71,53.26],[-132.67,53.29],[-132.62,53.3],[-132.58,53.32],[-132.55,53.31],[-132.57,53.34],[-132.76,53.32],[-132.71,53.37],[-132.66,53.37],[-132.53,53.36],[-132.5,53.35],[-132.46,53.33],[-132.42,53.31],[-132.43,53.35],[-132.5,53.38],[-132.53,53.42],[-132.64,53.43],[-132.66,53.46],[-132.71,53.45],[-132.76,53.46],[-132.72,53.5],[-132.76,53.5],[-132.84,53.47],[-132.87,53.49],[-132.84,53.51],[-132.93,53.52],[-132.89,53.56],[-132.93,53.57],[-132.98,53.56],[-132.99,53.59],[-132.95,53.6],[-132.9,53.59],[-132.98,53.67],[-133.01,53.69],[-132.97,53.69],[-132.94,53.69],[-132.97,53.71],[-132.98,53.74],[-133.0,53.77],[-133.04,53.76],[-133.1,53.78],[-133.07,53.82],[-133.12,53.86],[-133.14,53.9],[-133.12,53.93],[-133.1,53.97],[-133.08,54.0],[-133.05,54.03],[-133.05,54.07],[-133.09,54.1],[-133.04,54.15],[-133.07,54.17],[-133.03,54.18],[-133.0,54.16],[-132.95,54.17],[-132.91,54.15],[-132.83,54.13],[-132.78,54.13],[-132.75,54.13],[-132.7,54.14],[-132.65,54.14],[-132.6,54.12],[-132.56,54.09],[-132.56,54.06],[-132.58,54.02],[-132.62,54.01],[-132.68,53.97],[-132.66,53.94],[-132.63,53.96],[-132.59,53.98],[-132.56,54.0],[-132.54,54.04],[-132.46,54.06],[-132.42,54.09],[-132.3,54.11],[-132.24,54.07],[-132.23,54.03],[-132.2,54.02],[-132.17,54.01],[-132.14,53.97],[-132.15,53.93],[-132.13,53.9],[-132.14,53.84],[-132.18,53.83],[-132.22,53.79],[-132.27,53.77],[-132.37,53.76],[-132.4,53.75],[-132.43,53.73],[-132.48,53.72],[-132.53,53.7],[-132.61,53.7],[-132.66,53.69],[-132.63,53.68],[-132.59,53.66],[-132.55,53.67],[-132.51,53.65],[-132.46,53.65],[-132.39,53.67],[-132.35,53.67],[-132.38,53.65],[-132.42,53.63],[-132.46,53.62],[-132.48,53.58],[-132.45,53.6],[-132.41,53.61],[-132.38,53.62],[-132.32,53.62],[-132.29,53.62],[-132.33,53.65],[-132.3,53.67],[-132.25,53.67],[-132.22,53.66],[-132.19,53.68],[-132.16,53.7],[-132.19,53.74],[-132.18,53.79],[-132.12,53.84],[-132.09,53.88],[-132.11,53.92],[-132.13,53.98],[-132.14,54.02],[-132.18,54.04],[-132.13,54.03],[-132.05,54.02],[-131.99,54.03],[-131.92,54.04],[-131.86,54.07],[-131.79,54.08],[-131.75,54.1],[-131.72,54.11],[-131.69,54.13],[-131.66,54.17],[-131.66,54.13],[-131.67,54.08],[-131.68,54.03],[-131.69,53.99],[-131.72,53.95],[-131.75,53.92],[-131.82,53.85],[-131.85,53.82],[-131.87,53.78],[-131.87,53.74],[-131.88,53.7],[-131.92,53.64],[-131.94,53.6],[-131.93,53.57],[-131.94,53.53],[-131.93,53.49],[-131.92,53.45],[-131.92,53.39],[-131.91,53.36],[-131.96,53.28],[-132.01,53.25],[-132.1,53.25],[-132.17,53.25],[-132.2,53.23],[-132.24,53.21],[-132.28,53.21],[-132.21,53.2],[-132.13,53.2],[-132.18,53.17],[-132.23,53.16],[-132.26,53.16],[-132.3,53.19],[-132.34,53.16],[-132.37,53.16],[-132.4,53.15],[-132.44,53.15],[-132.47,53.19],[-132.5,53.17],[-132.54,53.18],[-132.58,53.21]]],[[[-130.23,54.12],[-130.27,54.15],[-130.26,54.18],[-130.22,54.19],[-130.19,54.18],[-130.16,54.16],[-130.21,54.12]]],[[[-130.65,54.12],[-130.7,54.11],[-130.73,54.14],[-130.79,54.16],[-130.79,54.19],[-130.76,54.21],[-130.68,54.17],[-130.65,54.14]]],[[[-130.35,54.27],[-130.37,54.24],[-130.44,54.29],[-130.47,54.3],[-130.44,54.33],[-130.39,54.31],[-130.36,54.28]]],[[[-130.35,54.27],[-130.33,54.32],[-130.28,54.33],[-130.25,54.31],[-130.27,54.28],[-130.3,54.25],[-130.34,54.26]]],[[[-130.76,54.36],[-130.73,54.4],[-130.69,54.4],[-130.69,54.37],[-130.74,54.36]]],[[[-130.74,54.61],[-130.76,54.58],[-130.78,54.55],[-130.83,54.52],[-130.96,54.45],[-130.96,54.49],[-130.96,54.54],[-130.93,54.58],[-130.93,54.62],[-130.9,54.63],[-130.85,54.63],[-130.81,54.61],[-130.77,54.63]]],[[[-130.59,54.74],[-130.59,54.77],[-130.51,54.8],[-130.48,54.81],[-130.43,54.77],[-130.45,54.74],[-130.46,54.71],[-130.51,54.72],[-130.55,54.71],[-130.58,54.73]]],[[[-130.21,54.81],[-130.21,54.77],[-130.22,54.74],[-130.28,54.71],[-130.32,54.71],[-130.36,54.7],[-130.34,54.74],[-130.27,54.77],[-130.23,54.8]]],[[[-130.43,54.79],[-130.46,54.83],[-130.42,54.85],[-130.25,54.97],[-130.2,55.02],[-130.15,54.99],[-130.16,54.95],[-130.18,54.92],[-130.21,54.9],[-130.26,54.84],[-130.32,54.81],[-130.37,54.78],[-130.4,54.77],[-130.43,54.79]]],[[[-123.29,48.61],[-123.33,48.62],[-123.34,48.65],[-123.29,48.61]]],[[[-123.37,48.77],[-123.41,48.75],[-123.46,48.77],[-123.43,48.74],[-123.48,48.71],[-123.52,48.73],[-123.55,48.77],[-123.55,48.81],[-123.57,48.85],[-123.57,48.88],[-123.59,48.92],[-123.6,48.95],[-123.5,48.89],[-123.43,48.84],[-123.47,48.85],[-123.37,48.77]]],[[[-123.65,49.03],[-123.7,49.08],[-123.66,49.07],[-123.57,48.99],[-123.47,48.94],[-123.43,48.93],[-123.39,48.92],[-123.33,48.9],[-123.33,48.86],[-123.37,48.86],[-123.44,48.9],[-123.53,48.94],[-123.63,49.02]]],[[[-123.72,49.16],[-123.75,49.13],[-123.78,49.13],[-123.84,49.15],[-123.87,49.18],[-123.83,49.2],[-123.77,49.17],[-123.72,49.16]]],[[[-125.95,49.2],[-125.96,49.17],[-126.01,49.16],[-126.04,49.2],[-125.99,49.21],[-125.96,49.2]]],[[[-126.08,49.31],[-126.05,49.27],[-126.09,49.25],[-126.14,49.26],[-126.19,49.27],[-126.22,49.28],[-126.23,49.32],[-126.23,49.36],[-126.15,49.4],[-126.11,49.38],[-126.08,49.34],[-126.08,49.31]]],[[[-123.33,49.37],[-123.36,49.34],[-123.42,49.34],[-123.42,49.38],[-123.38,49.4],[-123.35,49.42],[-123.32,49.4]]],[[[-124.23,49.5],[-124.17,49.46],[-124.23,49.46],[-124.27,49.46],[-124.3,49.46],[-124.35,49.47],[-124.38,49.5],[-124.35,49.52],[-124.3,49.51],[-124.25,49.5]]],[[[-123.45,49.45],[-123.44,49.49],[-123.42,49.53],[-123.39,49.54],[-123.34,49.51],[-123.32,49.46],[-123.38,49.44],[-123.39,49.47],[-123.42,49.46],[-123.45,49.45]]],[[[-124.61,49.53],[-124.64,49.52],[-124.66,49.49],[-124.69,49.51],[-124.7,49.54],[-124.66,49.55],[-124.61,49.53]]],[[[-124.71,49.5],[-124.75,49.49],[-124.83,49.54],[-124.84,49.58],[-124.8,49.58],[-124.72,49.5]]],[[[-124.11,49.68],[-124.14,49.66],[-124.19,49.68],[-124.21,49.71],[-124.15,49.75],[-124.1,49.75],[-124.05,49.78],[-124.02,49.78],[-124.07,49.74],[-124.11,49.68]]],[[[-124.66,49.75],[-124.65,49.79],[-124.61,49.79],[-124.58,49.76],[-124.52,49.75],[-124.49,49.73],[-124.39,49.72],[-124.35,49.7],[-124.29,49.65],[-124.17,49.55],[-124.14,49.53],[-124.12,49.5],[-124.16,49.5],[-124.2,49.52],[-124.38,49.6],[-124.44,49.61],[-124.46,49.65],[-124.49,49.67],[-124.52,49.68],[-124.57,49.71],[-124.61,49.72],[-124.66,49.75]]],[[[-126.66,49.79],[-126.64,49.74],[-126.63,49.69],[-126.62,49.65],[-126.64,49.6],[-126.68,49.59],[-126.81,49.63],[-126.84,49.65],[-126.91,49.69],[-126.97,49.74],[-126.93,49.74],[-126.88,49.77],[-126.92,49.79],[-126.96,49.81],[-126.99,49.82],[-126.95,49.84],[-126.86,49.86],[-126.8,49.88],[-126.77,49.88],[-126.74,49.86],[-126.7,49.86],[-126.68,49.83],[-126.66,49.79]]],[[[-127.24,50.02],[-127.27,49.98],[-127.31,49.99],[-127.31,50.03],[-127.26,50.03]]],[[[-125.03,50.14],[-124.99,50.18],[-125.0,50.22],[-124.93,50.17],[-124.92,50.13],[-124.91,50.09],[-124.92,50.06],[-124.95,50.05],[-124.98,50.02],[-125.01,50.02],[-125.01,50.06],[-125.05,50.11],[-125.03,50.14]]],[[[-125.2,50.04],[-125.21,50.08],[-125.28,50.12],[-125.32,50.14],[-125.33,50.17],[-125.35,50.22],[-125.34,50.26],[-125.29,50.29],[-125.26,50.29],[-125.22,50.26],[-125.18,50.23],[-125.16,50.19],[-125.19,50.14],[-125.23,50.13],[-125.21,50.1],[-125.18,50.07],[-125.17,50.04],[-125.16,50.0],[-125.19,50.03]]],[[[-124.89,50.19],[-124.93,50.2],[-124.97,50.25],[-124.93,50.29],[-124.88,50.29],[-124.84,50.28],[-124.82,50.25],[-124.82,50.21],[-124.77,50.19],[-124.79,50.14],[-124.83,50.12],[-124.87,50.15],[-124.84,50.18],[-124.89,50.19]]],[[[-124.8,50.23],[-124.79,50.26],[-124.77,50.29],[-124.73,50.3],[-124.69,50.29],[-124.66,50.26],[-124.65,50.22],[-124.66,50.19],[-124.69,50.17],[-124.72,50.16],[-124.74,50.19],[-124.74,50.22],[-124.71,50.26],[-124.71,50.29],[-124.73,50.25],[-124.76,50.22],[-124.8,50.23]]],[[[-125.34,50.3],[-125.38,50.3],[-125.4,50.33],[-125.37,50.35],[-125.33,50.34],[-125.31,50.38],[-125.3,50.43],[-125.23,50.41],[-125.2,50.4],[-125.16,50.36],[-125.13,50.32],[-125.08,50.26],[-125.05,50.22],[-125.06,50.19],[-125.1,50.16],[-125.13,50.13],[-125.14,50.17],[-125.13,50.21],[-125.17,50.25],[-125.21,50.32],[-125.25,50.31],[-125.29,50.32],[-125.33,50.31]]],[[[-125.5,50.41],[-125.59,50.39],[-125.64,50.38],[-125.74,50.38],[-125.77,50.38],[-125.73,50.41],[-125.69,50.41],[-125.66,50.42],[-125.62,50.43],[-125.59,50.44],[-125.55,50.44],[-125.52,50.44],[-125.5,50.41]]],[[[-125.37,50.46],[-125.34,50.45],[-125.34,50.41],[-125.38,50.39],[-125.42,50.36],[-125.45,50.35],[-125.49,50.36],[-125.53,50.37],[-125.5,50.4],[-125.41,50.45],[-125.37,50.46]]],[[[-125.75,50.42],[-125.79,50.41],[-125.87,50.42],[-125.91,50.42],[-125.95,50.42],[-125.89,50.46],[-125.85,50.47],[-125.81,50.48],[-125.77,50.46],[-125.74,50.44]]],[[[-126.54,50.58],[-126.58,50.56],[-126.61,50.55],[-126.65,50.56],[-126.63,50.59],[-126.59,50.59],[-126.54,50.58]]],[[[-126.34,50.6],[-126.29,50.6],[-126.26,50.58],[-126.24,50.55],[-126.28,50.55],[-126.41,50.53],[-126.45,50.52],[-126.62,50.53],[-126.58,50.55],[-126.37,50.58]]],[[[-126.4,50.63],[-126.36,50.62],[-126.43,50.59],[-126.49,50.58],[-126.53,50.59],[-126.47,50.63],[-126.4,50.63]]],[[[-126.86,50.65],[-126.9,50.62],[-127.0,50.63],[-127.04,50.64],[-127.12,50.63],[-127.15,50.64],[-127.12,50.67],[-127.07,50.67],[-126.93,50.66],[-126.89,50.67],[-126.86,50.65]]],[[[-126.62,50.67],[-126.58,50.69],[-126.55,50.73],[-126.51,50.74],[-126.48,50.76],[-126.43,50.79],[-126.4,50.81],[-126.34,50.81],[-126.29,50.83],[-126.24,50.82],[-126.22,50.78],[-126.19,50.76],[-126.23,50.73],[-126.27,50.69],[-126.26,50.66],[-126.29,50.65],[-126.35,50.65],[-126.43,50.67],[-126.47,50.64],[-126.51,50.65],[-126.58,50.65],[-126.62,50.67]]],[[[-126.78,50.77],[-126.85,50.79],[-126.89,50.81],[-126.86,50.84],[-126.83,50.84],[-126.8,50.81],[-126.77,50.84],[-126.68,50.83],[-126.64,50.85],[-126.59,50.82],[-126.56,50.8],[-126.59,50.81],[-126.62,50.81],[-126.67,50.79],[-126.74,50.77],[-126.78,50.78]]],[[[-123.32,48.5],[-123.28,48.45],[-123.29,48.42],[-123.33,48.4],[-123.36,48.4],[-123.44,48.44],[-123.48,48.39],[-123.52,48.37],[-123.55,48.34],[-123.55,48.31],[-123.6,48.31],[-123.64,48.32],[-123.67,48.32],[-123.71,48.34],[-123.78,48.36],[-123.84,48.36],[-123.89,48.37],[-124.13,48.43],[-124.39,48.52],[-124.44,48.53],[-124.41,48.55],[-124.45,48.57],[-124.49,48.54],[-124.67,48.57],[-124.73,48.6],[-124.77,48.62],[-124.8,48.64],[-125.09,48.73],[-125.14,48.77],[-125.19,48.8],[-125.11,48.84],[-125.08,48.88],[-125.03,48.88],[-125.01,48.93],[-124.98,48.96],[-124.92,48.97],[-124.88,48.99],[-124.85,49.02],[-124.82,49.06],[-124.81,49.1],[-124.78,49.15],[-124.8,49.19],[-124.81,49.25],[-124.82,49.18],[-124.82,49.14],[-124.84,49.1],[-124.87,49.07],[-124.88,49.03],[-124.91,49.01],[-124.97,48.99],[-125.04,48.99],[-125.08,48.98],[-125.11,48.98],[-125.15,49.0],[-125.2,48.97],[-125.24,48.96],[-125.27,48.96],[-125.32,48.97],[-125.3,49.0],[-125.26,49.02],[-125.3,49.03],[-125.34,49.04],[-125.36,49.01],[-125.4,48.97],[-125.43,48.94],[-125.49,48.92],[-125.53,48.93],[-125.57,48.96],[-125.61,48.96],[-125.67,49.02],[-125.7,49.03],[-125.74,49.05],[-125.84,49.07],[-125.87,49.1],[-125.83,49.11],[-125.8,49.11],[-125.75,49.11],[-125.7,49.13],[-125.65,49.16],[-125.63,49.19],[-125.61,49.23],[-125.7,49.18],[-125.75,49.15],[-125.75,49.22],[-125.74,49.25],[-125.78,49.25],[-125.8,49.3],[-125.78,49.34],[-125.81,49.34],[-125.82,49.3],[-125.85,49.27],[-125.88,49.28],[-125.94,49.24],[-125.98,49.24],[-126.01,49.26],[-126.01,49.29],[-125.98,49.3],[-125.95,49.32],[-125.93,49.37],[-125.91,49.4],[-125.91,49.44],[-125.96,49.39],[-125.97,49.36],[-126.01,49.32],[-126.05,49.34],[-126.08,49.38],[-126.06,49.42],[-126.12,49.43],[-126.16,49.42],[-126.2,49.4],[-126.23,49.41],[-126.24,49.44],[-126.27,49.45],[-126.26,49.4],[-126.29,49.36],[-126.34,49.39],[-126.38,49.41],[-126.41,49.44],[-126.42,49.47],[-126.45,49.47],[-126.49,49.44],[-126.46,49.41],[-126.49,49.38],[-126.53,49.38],[-126.56,49.4],[-126.57,49.43],[-126.56,49.46],[-126.56,49.49],[-126.56,49.53],[-126.57,49.57],[-126.53,49.6],[-126.5,49.61],[-126.45,49.64],[-126.42,49.64],[-126.34,49.63],[-126.22,49.65],[-126.17,49.66],[-126.09,49.66],[-126.12,49.69],[-126.19,49.68],[-126.3,49.66],[-126.34,49.65],[-126.45,49.67],[-126.48,49.68],[-126.41,49.77],[-126.45,49.79],[-126.47,49.75],[-126.52,49.71],[-126.55,49.7],[-126.59,49.72],[-126.64,49.82],[-126.64,49.87],[-126.65,49.9],[-126.68,49.88],[-126.73,49.88],[-126.77,49.91],[-126.78,49.94],[-126.84,49.97],[-126.81,49.94],[-126.81,49.91],[-126.84,49.89],[-126.87,49.88],[-126.91,49.96],[-126.93,49.93],[-126.93,49.88],[-127.07,49.86],[-127.1,49.86],[-127.14,49.87],[-127.23,49.95],[-127.2,50.01],[-127.18,50.05],[-127.11,50.1],[-127.08,50.13],[-127.11,50.13],[-127.15,50.11],[-127.19,50.1],[-127.22,50.1],[-127.25,50.13],[-127.29,50.15],[-127.28,50.11],[-127.28,50.06],[-127.32,50.04],[-127.36,50.03],[-127.41,50.04],[-127.44,50.06],[-127.47,50.09],[-127.42,50.13],[-127.49,50.13],[-127.46,50.16],[-127.46,50.19],[-127.5,50.17],[-127.52,50.14],[-127.55,50.13],[-127.59,50.12],[-127.63,50.13],[-127.62,50.17],[-127.65,50.18],[-127.69,50.16],[-127.72,50.14],[-127.77,50.09],[-127.8,50.08],[-127.88,50.11],[-127.91,50.13],[-127.84,50.18],[-127.78,50.23],[-127.76,50.26],[-127.79,50.25],[-127.83,50.27],[-127.8,50.31],[-127.84,50.32],[-127.87,50.34],[-127.91,50.33],[-127.94,50.33],[-127.97,50.34],[-127.95,50.39],[-127.93,50.43],[-127.92,50.47],[-127.88,50.46],[-127.82,50.47],[-127.77,50.48],[-127.74,50.49],[-127.59,50.49],[-127.55,50.46],[-127.5,50.4],[-127.45,50.38],[-127.48,50.44],[-127.51,50.47],[-127.56,50.49],[-127.56,50.52],[-127.52,50.54],[-127.5,50.57],[-127.42,50.58],[-127.51,50.59],[-127.55,50.57],[-127.59,50.59],[-127.82,50.61],[-127.88,50.63],[-127.84,50.6],[-127.8,50.59],[-127.69,50.59],[-127.63,50.58],[-127.59,50.56],[-127.66,50.53],[-127.84,50.49],[-127.87,50.5],[-127.91,50.49],[-127.95,50.48],[-128.0,50.47],[-128.03,50.49],[-128.06,50.48],[-128.1,50.48],[-128.13,50.48],[-128.16,50.51],[-128.19,50.52],[-128.23,50.54],[-128.24,50.59],[-128.29,50.61],[-128.34,50.64],[-128.3,50.65],[-128.33,50.67],[-128.37,50.68],[-128.38,50.71],[-128.41,50.74],[-128.41,50.78],[-128.37,50.79],[-128.3,50.8],[-128.27,50.81],[-128.23,50.83],[-128.19,50.85],[-128.15,50.84],[-128.1,50.87],[-128.06,50.87],[-128.02,50.86],[-127.92,50.87],[-127.88,50.87],[-127.57,50.8],[-127.52,50.78],[-127.49,50.74],[-127.47,50.7],[-127.45,50.74],[-127.41,50.75],[-127.4,50.71],[-127.37,50.69],[-127.26,50.66],[-127.23,50.64],[-127.18,50.62],[-127.13,50.62],[-127.1,50.6],[-127.06,50.6],[-127.01,50.59],[-126.97,50.58],[-126.87,50.56],[-126.86,50.53],[-126.83,50.55],[-126.79,50.55],[-126.68,50.52],[-126.63,50.51],[-126.6,50.48],[-126.57,50.48],[-126.52,50.49],[-126.49,50.49],[-126.46,50.47],[-126.36,50.49],[-126.29,50.47],[-126.19,50.47],[-126.12,50.46],[-126.02,50.43],[-125.96,50.4],[-125.84,50.39],[-125.79,50.38],[-125.75,50.36],[-125.59,50.37],[-125.56,50.37],[-125.52,50.35],[-125.48,50.34],[-125.45,50.33],[-125.42,50.29],[-125.39,50.2],[-125.35,50.14],[-125.32,50.11],[-125.26,50.06],[-125.22,50.02],[-125.22,49.99],[-125.19,49.94],[-124.88,49.72],[-124.88,49.68],[-124.97,49.68],[-124.95,49.65],[-124.92,49.63],[-124.84,49.52],[-124.8,49.5],[-124.77,49.46],[-124.72,49.47],[-124.67,49.44],[-124.64,49.42],[-124.6,49.39],[-124.55,49.38],[-124.45,49.36],[-124.39,49.36],[-124.36,49.36],[-124.32,49.33],[-124.21,49.31],[-124.17,49.31],[-124.11,49.28],[-124.16,49.27],[-124.12,49.26],[-124.08,49.25],[-124.01,49.25],[-123.98,49.24],[-123.95,49.23],[-123.95,49.18],[-123.93,49.14],[-123.9,49.13],[-123.84,49.13],[-123.81,49.12],[-123.79,49.07],[-123.76,49.04],[-123.76,49.0],[-123.8,49.01],[-123.84,49.01],[-123.79,48.97],[-123.74,48.94],[-123.59,48.84],[-123.6,48.81],[-123.57,48.78],[-123.59,48.75],[-123.62,48.76],[-123.56,48.71],[-123.53,48.68],[-123.54,48.64],[-123.51,48.6],[-123.54,48.55],[-123.51,48.55],[-123.47,48.58],[-123.48,48.62],[-123.44,48.65],[-123.47,48.68],[-123.43,48.69],[-123.4,48.67],[-123.39,48.63],[-123.36,48.56],[-123.35,48.52],[-123.32,48.5]]],[[[-127.85,50.92],[-127.86,50.89],[-127.89,50.89],[-127.92,50.9],[-127.98,50.91],[-127.94,50.92],[-127.86,50.94]]],[[[-127.55,51.09],[-127.54,51.05],[-127.58,51.05],[-127.61,51.08],[-127.56,51.09]]],[[[-131.68,52.84],[-131.65,52.84],[-131.7,52.82],[-131.74,52.81],[-131.78,52.81],[-131.81,52.81],[-131.82,52.85],[-131.76,52.86],[-131.72,52.84],[-131.68,52.84]]],[[[-132.23,53.0],[-132.2,52.98],[-132.3,52.97],[-132.38,53.0],[-132.23,53.0]]],[[[-132.98,54.25],[-132.98,54.2],[-133.02,54.21],[-133.08,54.22],[-133.08,54.25],[-133.04,54.26],[-133.01,54.26]]],[[[-123.29,48.81],[-123.25,48.79],[-123.22,48.76],[-123.18,48.74],[-123.22,48.73],[-123.26,48.74],[-123.31,48.76],[-123.31,48.79],[-123.3,48.82]]],[[[-123.09,48.77],[-123.12,48.76],[-123.16,48.76],[-123.19,48.77],[-123.2,48.81],[-123.14,48.8],[-123.09,48.8],[-123.05,48.8],[-123.09,48.77]]],[[[-125.86,49.24],[-125.83,49.24],[-125.8,49.23],[-125.79,49.18],[-125.8,49.14],[-125.84,49.13],[-125.88,49.15],[-125.91,49.18],[-125.9,49.23],[-125.86,49.24]]],[[[-128.64,50.8],[-128.59,50.81],[-128.62,50.78]]],[[[-128.7,50.84],[-128.66,50.83],[-128.69,50.8],[-128.72,50.81]]],[[[-127.78,50.9],[-127.74,50.91],[-127.71,50.91],[-127.67,50.88],[-127.66,50.84],[-127.73,50.85],[-127.78,50.86],[-127.82,50.87],[-127.78,50.9]]],[[[-128.44,51.98],[-128.41,51.98],[-128.42,51.93],[-128.43,51.9],[-128.48,51.91],[-128.49,51.95],[-128.44,51.98]]],[[[-129.35,52.86],[-129.31,52.84],[-129.33,52.8],[-129.37,52.81],[-129.37,52.84]]],[[[-130.61,53.8],[-130.57,53.84],[-130.51,53.83],[-130.45,53.8],[-130.42,53.78],[-130.5,53.77],[-130.55,53.78],[-130.61,53.8]]],[[[-130.82,54.49],[-130.79,54.49],[-130.73,54.44],[-130.78,54.41],[-130.82,54.42],[-130.87,54.43],[-130.86,54.46],[-130.82,54.49]]],[[[-131.1,54.63],[-131.06,54.63],[-131.07,54.59],[-131.1,54.6],[-131.1,54.63]]]]}},{"type":"Feature","properties":{"code":"AB","name":"Alberta"},"geometry":{"type":"Polygon","coordinates":[[[-110.0,48.99],[-110.12,48.99],[-110.34,48.99],[-110.56,48.99],[-110.78,48.99],[-111.0,48.99],[-111.22,48.99],[-111.44,48.99],[-111.66,48.99],[-111.88,48.99],[-112.1,48.99],[-112.32,48.99],[-112.54,48.99],[-112.76,48.99],[-112.98,48.99],[-113.2,48.99],[-113.42,48.99],[-113.64,48.99],[-113.86,48.99],[-114.06,48.99],[-114.04,49.03],[-114.09,49.06],[-114.12,49.07],[-114.15,49.09],[-114.15,49.14],[-114.18,49.16],[-114.23,49.19],[-114.26,49.19],[-114.3,49.2],[-114.33,49.2],[-114.36,49.2],[-114.39,49.22],[-114.38,49.26],[-114.43,49.26],[-114.45,49.3],[-114.48,49.34],[-114.52,49.35],[-114.55,49.37],[-114.58,49.39],[-114.59,49.42],[-114.59,49.47],[-114.57,49.51],[-114.56,49.54],[-114.6,49.55],[-114.64,49.55],[-114.68,49.55],[-114.72,49.57],[-114.74,49.6],[-114.71,49.63],[-114.67,49.67],[-114.66,49.71],[-114.64,49.75],[-114.62,49.79],[-114.64,49.83],[-114.67,49.87],[-114.69,49.91],[-114.69,49.95],[-114.65,49.96],[-114.66,50.01],[-114.66,50.05],[-114.69,50.09],[-114.72,50.11],[-114.73,50.15],[-114.73,50.18],[-114.74,50.22],[-114.76,50.27],[-114.78,50.32],[-114.79,50.37],[-114.83,50.39],[-114.86,50.42],[-114.91,50.47],[-114.95,50.51],[-114.99,50.55],[-115.03,50.58],[-115.06,50.58],[-115.1,50.59],[-115.13,50.59],[-115.16,50.58],[-115.19,50.55],[-115.23,50.56],[-115.26,50.59],[-115.29,50.61],[-115.31,50.64],[-115.29,50.67],[-115.31,50.71],[-115.36,50.73],[-115.4,50.72],[-115.43,50.76],[-115.48,50.77],[-115.53,50.79],[-115.57,50.83],[-115.62,50.84],[-115.65,50.85],[-115.63,50.88],[-115.58,50.89],[-115.6,50.92],[-115.61,50.96],[-115.65,50.98],[-115.68,51.01],[-115.72,51.02],[-115.76,51.03],[-115.77,51.07],[-115.81,51.08],[-115.84,51.09],[-115.87,51.09],[-115.9,51.09],[-115.93,51.09],[-115.98,51.11],[-116.02,51.14],[-116.02,51.18],[-116.03,51.22],[-116.08,51.25],[-116.12,51.25],[-116.15,51.26],[-116.17,51.3],[-116.2,51.3],[-116.25,51.31],[-116.28,51.34],[-116.3,51.4],[-116.3,51.43],[-116.31,51.47],[-116.34,51.47],[-116.37,51.48],[-116.4,51.52],[-116.45,51.56],[-116.48,51.6],[-116.51,51.63],[-116.54,51.63],[-116.58,51.64],[-116.6,51.69],[-116.62,51.73],[-116.65,51.77],[-116.67,51.81],[-116.7,51.81],[-116.73,51.8],[-116.78,51.78],[-116.82,51.75],[-116.82,51.71],[-116.85,51.71],[-116.89,51.71],[-116.94,51.72],[-116.96,51.76],[-116.98,51.79],[-116.99,51.83],[-117.03,51.85],[-117.03,51.89],[-117.05,51.92],[-117.09,51.95],[-117.13,51.97],[-117.17,51.98],[-117.2,52.0],[-117.24,52.03],[-117.27,52.06],[-117.3,52.11],[-117.3,52.15],[-117.33,52.18],[-117.38,52.13],[-117.42,52.13],[-117.46,52.14],[-117.49,52.15],[-117.52,52.15],[-117.56,52.14],[-117.59,52.13],[-117.62,52.14],[-117.64,52.17],[-117.69,52.19],[-117.72,52.19],[-117.75,52.2],[-117.78,52.22],[-117.82,52.26],[-117.8,52.3],[-117.76,52.31],[-117.73,52.35],[-117.74,52.39],[-117.8,52.42],[-117.85,52.42],[-117.89,52.43],[-117.93,52.44],[-117.97,52.47],[-118.01,52.49],[-118.04,52.45],[-118.04,52.41],[-118.1,52.4],[-118.13,52.4],[-118.16,52.4],[-118.19,52.37],[-118.23,52.37],[-118.24,52.41],[-118.26,52.45],[-118.22,52.46],[-118.23,52.49],[-118.28,52.52],[-118.28,52.56],[-118.32,52.58],[-118.35,52.62],[-118.32,52.65],[-118.31,52.69],[-118.34,52.71],[-118.36,52.75],[-118.39,52.77],[-118.43,52.79],[-118.42,52.83],[-118.46,52.86],[-118.5,52.9],[-118.55,52.89],[-118.58,52.88],[-118.62,52.89],[-118.64,52.93],[-118.67,52.97],[-118.66,53.02],[-118.7,53.04],[-118.74,53.06],[-118.77,53.05],[-118.77,53.09],[-118.77,53.13],[-118.8,53.15],[-118.83,53.17],[-118.88,53.2],[-118.91,53.21],[-118.95,53.23],[-118.98,53.24],[-119.01,53.22],[-119.02,53.18],[-119.02,53.14],[-119.05,53.14],[-119.08,53.15],[-119.13,53.16],[-119.17,53.18],[-119.21,53.19],[-119.24,53.2],[-119.28,53.21],[-119.32,53.25],[-119.35,53.28],[-119.38,53.32],[-119.38,53.36],[-119.41,53.37],[-119.46,53.36],[-119.5,53.36],[-119.53,53.37],[-119.57,53.37],[-119.61,53.38],[-119.64,53.35],[-119.67,53.36],[-119.72,53.39],[-119.76,53.41],[-119.78,53.45],[-119.81,53.49],[-119.85,53.51],[-119.89,53.51],[-119.89,53.55],[-119.91,53.59],[-119.88,53.62],[-119.84,53.61],[-119.79,53.6],[-119.75,53.6],[-119.74,53.64],[-119.77,53.67],[-119.8,53.7],[-119.84,53.7],[-119.88,53.71],[-119.92,53.72],[-119.91,53.76],[-119.94,53.78],[-119.98,53.79],[-120.0,53.84],[-120.0,53.92],[-120.0,53.97],[-120.0,54.02],[-120.0,54.07],[-120.0,54.26],[-120.0,54.46],[-120.0,54.65],[-120.0,54.84],[-120.0,54.96],[-120.0,55.19],[-120.0,55.42],[-120.0,55.71],[-120.0,56.0],[-120.0,56.29],[-120.0,56.58],[-120.0,56.87],[-120.0,57.16],[-120.0,57.44],[-120.0,57.71],[-120.0,57.98],[-120.0,58.25],[-120.0,58.52],[-120.0,58.79],[-120.0,59.07],[-120.0,59.34],[-120.0,59.42],[-120.0,59.5],[-120.0,59.59],[-120.0,59.67],[-120.0,59.75],[-120.0,59.83],[-120.0,59.92],[-120.0,60.0],[-119.37,60.0],[-118.75,60.0],[-118.12,60.0],[-117.5,60.0],[-116.87,60.0],[-116.25,60.0],[-115.62,60.0],[-115.0,60.0],[-114.37,60.0],[-113.75,60.0],[-113.12,60.0],[-112.5,60.0],[-111.87,60.0],[-111.25,60.0],[-110.62,60.0],[-110.0,60.0],[-110.0,59.66],[-110.0,59.31],[-110.0,58.97],[-110.0,58.63],[-110.0,58.28],[-110.0,57.94],[-110.0,57.59],[-110.0,57.25],[-110.0,56.91],[-110.0,56.56],[-110.0,56.22],[-110.0,55.88],[-110.0,55.53],[-110.0,55.19],[-110.0,54.84],[-110.0,54.5],[-110.0,54.16],[-110.0,53.81],[-110.0,53.47],[-110.0,53.13],[-110.0,52.78],[-110.0,52.44],[-110.0,52.09],[-110.0,51.75],[-110.0,51.41],[-110.0,51.06],[-110.0,50.72],[-110.0,50.38],[-110.0,50.03],[-110.0,49.69],[-110.0,49.34],[-110.0,49.0]]]}},{"type":"Feature","properties":{"code":"SK","name":"Saskatchewan"},"geometry":{"type":"Polygon","coordinates":[[[-104.05,48.99],[-104.19,48.99],[-104.41,48.99],[-104.63,48.99],[-104.85,48.99],[-105.06,48.99],[-105.29,48.99],[-105.51,48.99],[-105.73,48.99],[-105.95,48.99],[-106.17,48.99],[-106.39,48.99],[-106.61,48.99],[-106.83,48.99],[-107.05,48.99],[-107.27,48.99],[-107.49,48.99],[-107.71,48.99],[-107.93,48.99],[-108.15,48.99],[-108.37,48.99],[-108.59,48.99],[-108.81,48.99],[-109.03,48.99],[-109.24,48.99],[-109.46,48.99],[-109.68,48.99],[-109.9,48.99],[-110.0,48.99],[-110.0,49.34],[-110.0,49.69],[-110.0,50.03],[-110.0,50.38],[-110.0,50.72],[-110.0,51.06],[-110.0,51.41],[-110.0,51.75],[-110.0,52.09],[-110.0,52.44],[-110.0,52.78],[-110.0,53.13],[-110.0,53.47],[-110.0,53.81],[-110.0,54.16],[-110.0,54.5],[-110.0,54.84],[-110.0,55.19],[-110.0,55.53],[-110.0,55.88],[-110.0,56.22],[-110.0,56.56],[-110.0,56.91],[-110.0,57.25],[-110.0,57.59],[-110.0,57.94],[-110.0,58.28],[-110.0,58.63],[-110.0,58.97],[-110.0,59.31],[-110.0,59.66],[-110.0,60.0],[-109.5,60.0],[-109.0,60.0],[-108.5,60.0],[-108.0,60.0],[-107.5,60.0],[-107.0,60.0],[-106.5,60.0],[-106.0,60.0],[-105.5,60.0],[-105.0,60.0],[-104.5,60.0],[-104.0,60.0],[-103.5,60.0],[-103.0,60.0],[-102.5,60.0],[-102.0,60.0],[-102.0,59.89],[-102.0,59.77],[-102.0,59.66],[-102.0,59.55],[-102.0,58.98],[-102.0,58.41],[-102.0,57.84],[-102.0,57.27],[-102.0,56.91],[-102.0,56.55],[-102.0,56.18],[-102.0,55.82],[-101.98,55.6],[-101.96,55.39],[-101.94,55.17],[-101.92,54.96],[-101.9,54.75],[-101.88,54.53],[-101.86,54.32],[-101.84,54.1],[-101.82,53.89],[-101.8,53.67],[-101.78,53.46],[-101.76,53.25],[-101.74,53.03],[-101.72,52.82],[-101.7,52.6],[-101.68,52.39],[-101.66,52.17],[-101.64,51.96],[-101.62,51.75],[-101.6,51.53],[-101.58,51.32],[-101.56,51.1],[-101.54,50.89],[-101.52,50.67],[-101.5,50.46],[-101.48,50.25],[-101.46,50.03],[-101.44,49.82],[-101.42,49.6],[-101.4,49.39],[-101.38,49.17],[-101.36,48.99],[-101.55,48.99],[-101.77,48.99],[-101.99,48.99],[-102.21,48.99],[-102.43,48.99],[-102.65,48.99],[-102.87,48.99],[-103.09,48.99],[-103.31,48.99],[-103.53,48.99],[-103.75,48.99],[-103.97,48.99],[-104.05,48.99]]]}},{"type":"Feature","properties":{"code":"MB","name":"Manitoba"},"geometry":{"type":"Polygon","coordinates":[[[-97.23,48.99],[-97.38,48.99],[-97.59,48.99],[-97.81,48.99],[-98.03,48.99],[-98.25,48.99],[-98.47,48.99],[-98.69,48.99],[-98.91,48.99],[-99.13,48.99],[-99.35,48.99],[-99.57,48.99],[-99.79,48.99],[-100.01,48.99],[-100.23,48.99],[-100.45,48.99],[-100.67,48.99],[-100.89,48.99],[-101.11,48.99],[-101.33,48.99],[-101.36,48.99],[-101.38,49.17],[-101.4,49.39],[-101.42,49.6],[-101.44,49.82],[-101.46,50.03],[-101.48,50.25],[-101.5,50.46],[-101.52,50.67],[-101.54,50.89],[-101.56,51.1],[-101.58,51.32],[-101.6,51.53],[-101.62,51.75],[-101.64,51.96],[-101.66,52.17],[-101.68,52.39],[-101.7,52.6],[-101.72,52.82],[-101.74,53.03],[-101.76,53.25],[-101.78,53.46],[-101.8,53.67],[-101.82,53.89],[-101.84,54.1],[-101.86,54.32],[-101.88,54.53],[-101.9,54.75],[-101.92,54.96],[-101.94,55.17],[-101.96,55.39],[-101.98,55.6],[-102.0,55.82],[-102.0,56.18],[-102.0,56.55],[-102.0,56.91],[-102.0,57.27],[-102.0,57.84],[-102.0,58.41],[-102.0,58.98],[-102.0,59.55],[-102.0,59.66],[-102.0,59.77],[-102.0,59.89],[-102.0,60.0],[-101.55,60.0],[-101.1,60.0],[-100.65,60.0],[-100.2,60.0],[-99.75,60.0],[-99.3,60.0],[-98.85,60.0],[-98.4,60.0],[-97.95,60.0],[-97.83,60.0],[-97.5,60.0],[-97.05,60.0],[-96.6,60.0],[-96.15,60.0],[-95.7,60.0],[-95.25,60.0],[-94.8,60.0],[-94.82,59.96],[-94.81,59.92],[-94.81,59.88],[-94.78,59.84],[-94.78,59.8],[-94.78,59.76],[-94.81,59.72],[-94.8,59.67],[-94.81,59.62],[-94.77,59.58],[-94.79,59.54],[-94.77,59.51],[-94.76,59.47],[-94.72,59.44],[-94.73,59.4],[-94.73,59.36],[-94.7,59.35],[-94.66,59.36],[-94.69,59.35],[-94.73,59.33],[-94.76,59.3],[-94.77,59.25],[-94.78,59.22],[-94.79,59.18],[-94.78,59.14],[-94.79,59.1],[-94.84,59.08],[-94.91,59.09],[-94.97,59.09],[-95.0,59.05],[-94.97,59.06],[-94.82,59.07],[-94.81,59.04],[-94.76,59.02],[-94.72,59.0],[-94.69,58.98],[-94.69,58.93],[-94.72,58.89],[-94.73,58.86],[-94.75,58.83],[-94.68,58.87],[-94.65,58.88],[-94.61,58.88],[-94.55,58.86],[-94.51,58.84],[-94.47,58.8],[-94.45,58.74],[-94.4,58.71],[-94.36,58.72],[-94.29,58.74],[-94.28,58.78],[-94.25,58.8],[-94.22,58.81],[-94.22,58.77],[-94.24,58.73],[-94.2,58.7],[-94.24,58.66],[-94.28,58.63],[-94.3,58.6],[-94.29,58.52],[-94.3,58.48],[-94.3,58.42],[-94.33,58.4],[-94.33,58.36],[-94.34,58.31],[-94.36,58.24],[-94.34,58.27],[-94.3,58.3],[-94.29,58.34],[-94.24,58.39],[-94.23,58.44],[-94.24,58.51],[-94.23,58.54],[-94.25,58.58],[-94.23,58.62],[-94.18,58.66],[-94.17,58.71],[-94.15,58.75],[-94.12,58.77],[-94.06,58.77],[-93.88,58.76],[-93.85,58.76],[-93.8,58.78],[-93.76,58.77],[-93.73,58.79],[-93.69,58.79],[-93.57,58.77],[-93.53,58.77],[-93.5,58.77],[-93.47,58.73],[-93.44,58.71],[-93.4,58.71],[-93.36,58.74],[-93.33,58.76],[-93.23,58.77],[-93.19,58.76],[-93.15,58.73],[-93.13,58.68],[-93.14,58.64],[-93.14,58.6],[-93.12,58.57],[-93.13,58.54],[-93.12,58.51],[-93.1,58.48],[-93.05,58.42],[-93.04,58.39],[-93.02,58.35],[-92.98,58.31],[-92.97,58.27],[-92.93,58.23],[-92.9,58.19],[-92.87,58.18],[-92.87,58.15],[-92.84,58.1],[-92.8,58.05],[-92.81,58.0],[-92.77,57.91],[-92.76,57.87],[-92.79,57.84],[-92.74,57.83],[-92.71,57.79],[-92.67,57.72],[-92.62,57.67],[-92.6,57.64],[-92.56,57.59],[-92.56,57.55],[-92.52,57.53],[-92.49,57.49],[-92.47,57.46],[-92.45,57.43],[-92.44,57.39],[-92.42,57.35],[-92.43,57.29],[-92.44,57.25],[-92.46,57.22],[-92.54,57.11],[-92.6,57.05],[-92.67,57.0],[-92.69,56.97],[-92.72,56.95],[-92.76,56.94],[-92.84,56.92],[-92.88,56.91],[-92.73,56.93],[-92.68,56.94],[-92.54,57.02],[-92.49,57.04],[-92.28,57.07],[-92.24,57.07],[-92.27,57.04],[-92.34,56.98],[-92.37,56.97],[-92.41,56.97],[-92.45,56.95],[-92.42,56.95],[-92.34,56.96],[-92.31,56.97],[-92.22,57.02],[-92.11,57.04],[-91.96,57.06],[-91.77,57.11],[-91.48,57.17],[-91.21,57.23],[-91.03,57.26],[-90.85,57.26],[-90.69,57.23],[-90.61,57.23],[-90.52,57.2],[-90.49,57.2],[-90.44,57.19],[-90.41,57.19],[-90.38,57.15],[-90.32,57.14],[-90.26,57.12],[-90.17,57.09],[-90.07,57.06],[-89.99,57.01],[-89.96,57.0],[-89.87,57.0],[-89.83,56.98],[-89.57,56.94],[-89.51,56.93],[-89.48,56.92],[-89.39,56.93],[-89.32,56.9],[-89.27,56.9],[-89.19,56.87],[-89.11,56.87],[-89.06,56.85],[-89.02,56.85],[-88.95,56.85],[-89.23,56.68],[-89.48,56.53],[-89.73,56.37],[-89.98,56.22],[-90.33,55.99],[-90.68,55.77],[-91.03,55.54],[-91.38,55.32],[-91.69,55.11],[-91.99,54.9],[-92.3,54.69],[-92.6,54.48],[-92.77,54.36],[-92.94,54.24],[-93.11,54.12],[-93.27,54.0],[-93.39,53.91],[-93.5,53.83],[-93.62,53.75],[-93.74,53.67],[-93.98,53.53],[-94.21,53.39],[-94.45,53.25],[-94.68,53.11],[-94.73,53.08],[-94.79,53.05],[-94.84,53.02],[-94.89,52.99],[-94.95,52.95],[-95.0,52.92],[-95.06,52.88],[-95.12,52.85],[-95.15,52.82],[-95.15,52.77],[-95.15,52.37],[-95.15,51.98],[-95.15,51.59],[-95.15,51.19],[-95.15,50.89],[-95.15,50.59],[-95.15,50.29],[-95.15,49.99],[-95.15,49.88],[-95.15,49.77],[-95.16,49.7],[-95.16,49.62],[-95.16,49.53],[-95.16,49.42],[-95.16,49.37],[-95.16,49.31],[-95.16,49.22],[-95.16,49.11],[-95.16,49.01],[-95.4,48.99],[-95.62,48.99],[-95.84,48.99],[-96.06,48.99],[-96.28,48.99],[-96.5,48.99],[-96.72,48.99],[-96.94,48.99],[-97.16,48.99],[-97.23,48.99]]]}},{"type":"Feature","properties":{"code":"ON","name":"Ontario"},"geometry":{"type":"MultiPolygon","coordinates":[[[[-89.5,48.0],[-89.59,48.0],[-89.66,48.01],[-89.71,48.0],[-89.75,48.01],[-89.78,48.02],[-89.9,47.99],[-89.98,48.01],[-90.06,48.09],[-90.12,48.12],[-90.18,48.12],[-90.47,48.09],[-90.53,48.08],[-90.56,48.09],[-90.59,48.1],[-90.7,48.08],[-90.75,48.08],[-90.79,48.1],[-90.8,48.15],[-90.84,48.18],[-90.84,48.22],[-90.87,48.23],[-90.92,48.23],[-91.01,48.19],[-91.07,48.17],[-91.2,48.11],[-91.24,48.08],[-91.28,48.06],[-91.37,48.06],[-91.43,48.04],[-91.49,48.05],[-91.57,48.05],[-91.59,48.09],[-91.62,48.09],[-91.69,48.1],[-91.72,48.11],[-91.7,48.14],[-91.73,48.17],[-91.76,48.19],[-91.85,48.2],[-91.96,48.23],[-92.01,48.26],[-92.02,48.29],[-92.04,48.33],[-92.15,48.35],[-92.26,48.34],[-92.3,48.31],[-92.29,48.27],[-92.33,48.23],[-92.37,48.22],[-92.42,48.28],[-92.45,48.31],[-92.47,48.35],[-92.47,48.39],[-92.49,48.43],[-92.53,48.45],[-92.57,48.45],[-92.66,48.44],[-92.7,48.45],[-92.69,48.49],[-92.65,48.5],[-92.65,48.54],[-92.73,48.55],[-92.88,48.58],[-92.96,48.61],[-93.13,48.62],[-93.26,48.63],[-93.39,48.61],[-93.42,48.6],[-93.45,48.6],[-93.45,48.57],[-93.49,48.54],[-93.57,48.54],[-93.6,48.53],[-93.76,48.52],[-93.81,48.54],[-93.84,48.62],[-93.87,48.64],[-94.03,48.64],[-94.23,48.65],[-94.26,48.68],[-94.29,48.71],[-94.48,48.7],[-94.52,48.7],[-94.59,48.73],[-94.69,48.78],[-94.71,48.81],[-94.71,48.84],[-94.71,48.91],[-94.75,49.03],[-94.79,49.13],[-94.81,49.17],[-94.81,49.21],[-94.82,49.25],[-94.83,49.29],[-94.86,49.32],[-94.93,49.35],[-94.98,49.36],[-95.1,49.35],[-95.16,49.37],[-95.16,49.42],[-95.16,49.53],[-95.16,49.62],[-95.16,49.7],[-95.15,49.77],[-95.15,49.88],[-95.15,49.99],[-95.15,50.29],[-95.15,50.59],[-95.15,50.89],[-95.15,51.19],[-95.15,51.59],[-95.15,51.98],[-95.15,52.37],[-95.15,52.77],[-95.15,52.82],[-95.12,52.85],[-95.06,52.88],[-95.0,52.92],[-94.95,52.95],[-94.89,52.99],[-94.84,53.02],[-94.79,53.05],[-94.73,53.08],[-94.68,53.11],[-94.45,53.25],[-94.21,53.39],[-93.98,53.53],[-93.74,53.67],[-93.62,53.75],[-93.5,53.83],[-93.39,53.91],[-93.27,54.0],[-93.11,54.12],[-92.94,54.24],[-92.77,54.36],[-92.6,54.48],[-92.3,54.69],[-91.99,54.9],[-91.69,55.11],[-91.38,55.32],[-91.03,55.54],[-90.68,55.77],[-90.33,55.99],[-89.98,56.22],[-89.73,56.37],[-89.48,56.53],[-89.23,56.68],[-88.95,56.85],[-88.92,56.85],[-88.88,56.86],[-88.84,56.84],[-88.84,56.81],[-88.8,56.79],[-88.72,56.76],[-88.69,56.73],[-88.66,56.7],[-88.61,56.69],[-88.54,56.66],[-88.5,56.65],[-88.47,56.63],[-88.44,56.6],[-88.41,56.59],[-88.37,56.57],[-88.31,56.54],[-88.1,56.48],[-88.04,56.47],[-87.99,56.45],[-87.95,56.39],[-87.85,56.32],[-87.72,56.19],[-87.7,56.15],[-87.67,56.15],[-87.62,56.1],[-87.59,56.06],[-87.63,56.03],[-87.62,56.0],[-87.58,56.05],[-87.55,56.05],[-87.5,56.04],[-87.46,56.01],[-87.38,56.01],[-87.37,55.95],[-87.32,55.96],[-87.06,55.93],[-86.98,55.93],[-86.95,55.93],[-86.9,55.91],[-86.87,55.91],[-86.82,55.89],[-86.78,55.88],[-86.74,55.87],[-86.68,55.85],[-86.58,55.82],[-86.37,55.76],[-86.29,55.73],[-86.05,55.68],[-85.97,55.68],[-85.9,55.66],[-85.87,55.65],[-85.83,55.64],[-85.8,55.63],[-85.77,55.62],[-85.73,55.61],[-85.7,55.6],[-85.65,55.57],[-85.61,55.55],[-85.58,55.53],[-85.52,55.49],[-85.44,55.43],[-85.32,55.39],[-85.26,55.37],[-85.15,55.36],[-85.12,55.33],[-85.13,55.3],[-85.17,55.29],[-85.2,55.28],[-85.23,55.24],[-85.26,55.23],[-85.29,55.21],[-85.31,55.17],[-85.39,55.11],[-85.39,55.07],[-85.41,55.04],[-85.42,55.01],[-85.38,55.02],[-85.34,55.11],[-85.2,55.24],[-85.15,55.27],[-85.11,55.28],[-85.05,55.29],[-84.95,55.3],[-84.61,55.25],[-84.56,55.25],[-84.48,55.27],[-84.44,55.27],[-84.23,55.3],[-84.19,55.3],[-84.13,55.28],[-84.1,55.28],[-83.96,55.32],[-83.9,55.32],[-83.86,55.31],[-83.77,55.28],[-83.73,55.26],[-83.74,55.22],[-83.7,55.24],[-83.66,55.24],[-83.62,55.23],[-83.59,55.21],[-83.59,55.17],[-83.56,55.13],[-83.57,55.17],[-83.58,55.2],[-83.59,55.24],[-83.62,55.25],[-83.66,55.25],[-83.69,55.26],[-83.58,55.27],[-83.5,55.24],[-83.44,55.24],[-83.4,55.23],[-83.28,55.22],[-83.24,55.22],[-83.21,55.22],[-83.16,55.2],[-83.09,55.23],[-83.04,55.24],[-82.98,55.24],[-82.92,55.22],[-82.9,55.17],[-82.92,55.14],[-82.95,55.11],[-82.9,55.15],[-82.86,55.16],[-82.83,55.15],[-82.76,55.15],[-82.67,55.17],[-82.64,55.17],[-82.57,55.15],[-82.53,55.17],[-82.5,55.15],[-82.47,55.15],[-82.43,55.12],[-82.39,55.08],[-82.35,55.08],[-82.32,55.07],[-82.34,55.11],[-82.31,55.12],[-82.34,55.15],[-82.3,55.13],[-82.25,55.12],[-82.26,55.08],[-82.28,55.05],[-82.28,55.01],[-82.26,54.98],[-82.27,54.94],[-82.26,54.89],[-82.22,54.88],[-82.2,54.83],[-82.26,54.72],[-82.32,54.58],[-82.38,54.48],[-82.4,54.43],[-82.41,54.4],[-82.44,54.37],[-82.43,54.32],[-82.43,54.23],[-82.41,54.19],[-82.37,54.15],[-82.36,54.12],[-82.32,54.12],[-82.26,54.08],[-82.18,53.92],[-82.14,53.84],[-82.13,53.79],[-82.14,53.75],[-82.19,53.68],[-82.21,53.65],[-82.21,53.62],[-82.21,53.57],[-82.21,53.54],[-82.2,53.51],[-82.16,53.45],[-82.12,53.31],[-82.14,53.26],[-82.19,53.23],[-82.22,53.23],[-82.25,53.2],[-82.28,53.14],[-82.29,53.11],[-82.3,53.03],[-82.28,52.99],[-82.27,52.96],[-82.24,52.93],[-82.2,52.92],[-82.12,52.89],[-82.04,52.84],[-81.99,52.8],[-81.96,52.75],[-81.92,52.68],[-81.89,52.67],[-81.85,52.66],[-81.82,52.63],[-81.71,52.53],[-81.65,52.5],[-81.56,52.46],[-81.57,52.41],[-81.55,52.35],[-81.49,52.31],[-81.58,52.32],[-81.61,52.31],[-81.72,52.28],[-81.77,52.26],[-81.82,52.26],[-81.85,52.25],[-81.85,52.22],[-81.88,52.19],[-81.83,52.2],[-81.77,52.24],[-81.51,52.24],[-81.47,52.22],[-81.44,52.19],[-81.39,52.13],[-81.36,52.1],[-81.27,52.09],[-81.23,52.07],[-81.16,52.04],[-81.13,52.04],[-81.08,52.04],[-81.0,52.01],[-80.96,51.97],[-80.93,51.94],[-80.92,51.91],[-80.85,51.88],[-80.82,51.87],[-80.78,51.85],[-80.74,51.82],[-80.7,51.8],[-80.66,51.75],[-80.63,51.75],[-80.61,51.72],[-80.59,51.69],[-80.56,51.62],[-80.52,51.54],[-80.49,51.51],[-80.45,51.49],[-80.44,51.45],[-80.44,51.41],[-80.43,51.37],[-80.47,51.35],[-80.58,51.32],[-80.63,51.3],[-80.67,51.27],[-80.7,51.24],[-80.72,51.21],[-80.77,51.18],[-80.84,51.16],[-80.9,51.1],[-80.97,51.07],[-81.0,51.05],[-80.96,51.04],[-80.96,51.01],[-80.92,51.03],[-80.88,51.1],[-80.85,51.12],[-80.82,51.13],[-80.77,51.13],[-80.71,51.16],[-80.6,51.22],[-80.59,51.25],[-80.53,51.29],[-80.45,51.31],[-80.41,51.34],[-80.25,51.32],[-80.22,51.31],[-80.14,51.3],[-80.11,51.3],[-80.08,51.27],[-80.01,51.26],[-79.92,51.21],[-79.88,51.18],[-79.78,51.15],[-79.74,51.12],[-79.71,51.06],[-79.57,50.99],[-79.52,50.94],[-79.52,50.91],[-79.52,50.8],[-79.52,50.69],[-79.52,50.58],[-79.52,50.46],[-79.52,50.35],[-79.52,50.24],[-79.52,50.13],[-79.52,50.01],[-79.52,49.9],[-79.52,49.79],[-79.52,49.67],[-79.52,49.56],[-79.52,49.45],[-79.52,49.34],[-79.52,49.22],[-79.52,49.11],[-79.52,49.0],[-79.52,48.89],[-79.52,48.77],[-79.52,48.66],[-79.52,48.55],[-79.52,48.44],[-79.52,48.32],[-79.52,48.21],[-79.52,48.1],[-79.52,47.99],[-79.52,47.87],[-79.52,47.82],[-79.52,47.76],[-79.52,47.71],[-79.52,47.66],[-79.51,47.6],[-79.52,47.57],[-79.53,47.54],[-79.55,47.51],[-79.57,47.48],[-79.57,47.42],[-79.55,47.39],[-79.5,47.34],[-79.47,47.3],[-79.44,47.23],[-79.44,47.19],[-79.45,47.16],[-79.43,47.09],[-79.4,47.05],[-79.36,47.02],[-79.33,46.98],[-79.29,46.93],[-79.25,46.89],[-79.2,46.85],[-79.16,46.82],[-79.1,46.7],[-79.07,46.68],[-79.03,46.65],[-79.01,46.62],[-78.99,46.57],[-78.96,46.53],[-78.93,46.5],[-78.89,46.47],[-78.75,46.4],[-78.73,46.36],[-78.69,46.34],[-78.42,46.29],[-78.37,46.29],[-78.33,46.28],[-78.29,46.27],[-78.24,46.27],[-78.11,46.26],[-78.05,46.24],[-77.92,46.24],[-77.72,46.19],[-77.68,46.19],[-77.47,46.12],[-77.41,46.08],[-77.37,46.06],[-77.31,46.02],[-77.28,45.98],[-77.27,45.93],[-77.23,45.89],[-77.2,45.87],[-77.14,45.84],[-77.1,45.82],[-77.06,45.81],[-77.02,45.8],[-76.99,45.79],[-76.96,45.79],[-76.92,45.81],[-76.92,45.84],[-76.91,45.89],[-76.88,45.9],[-76.82,45.89],[-76.79,45.86],[-76.78,45.8],[-76.77,45.76],[-76.73,45.73],[-76.7,45.69],[-76.7,45.66],[-76.67,45.63],[-76.65,45.59],[-76.62,45.57],[-76.5,45.54],[-76.46,45.53],[-76.41,45.51],[-76.37,45.48],[-76.34,45.47],[-76.31,45.47],[-76.26,45.48],[-76.23,45.52],[-76.15,45.53],[-76.05,45.52],[-76.02,45.51],[-75.97,45.47],[-75.94,45.45],[-75.91,45.43],[-75.88,45.4],[-75.84,45.39],[-75.78,45.39],[-75.73,45.44],[-75.68,45.47],[-75.59,45.48],[-75.36,45.54],[-75.31,45.57],[-75.28,45.58],[-75.05,45.6],[-75.02,45.61],[-74.99,45.62],[-74.94,45.64],[-74.78,45.63],[-74.71,45.64],[-74.67,45.65],[-74.64,45.66],[-74.59,45.63],[-74.55,45.61],[-74.5,45.6],[-74.46,45.6],[-74.4,45.57],[-74.41,45.53],[-74.42,45.48],[-74.44,45.43],[-74.46,45.38],[-74.47,45.35],[-74.48,45.32],[-74.45,45.3],[-74.39,45.25],[-74.36,45.23],[-74.4,45.19],[-74.44,45.18],[-74.47,45.16],[-74.51,45.12],[-74.55,45.08],[-74.65,45.04],[-74.71,45.0],[-74.74,45.0],[-74.87,45.01],[-74.94,44.99],[-75.0,44.97],[-75.06,44.94],[-75.13,44.93],[-75.27,44.86],[-75.34,44.82],[-75.46,44.74],[-75.58,44.66],[-75.7,44.58],[-75.75,44.53],[-75.79,44.5],[-75.83,44.46],[-75.86,44.42],[-75.9,44.4],[-76.07,44.35],[-76.15,44.3],[-76.18,44.28],[-76.17,44.25],[-76.21,44.22],[-76.32,44.19],[-76.35,44.15],[-76.43,44.1],[-76.5,44.03],[-76.54,43.97],[-76.58,43.92],[-76.63,43.86],[-76.67,43.81],[-76.71,43.76],[-76.75,43.7],[-76.8,43.65],[-76.84,43.63],[-77.07,43.63],[-77.3,43.63],[-77.53,43.63],[-77.76,43.63],[-78.0,43.63],[-78.23,43.63],[-78.46,43.63],[-78.69,43.63],[-78.75,43.62],[-78.95,43.55],[-79.08,43.5],[-79.17,43.46],[-79.09,43.34],[-79.06,43.28],[-79.05,43.17],[-79.06,43.13],[-79.06,43.09],[-79.02,43.06],[-79.03,43.03],[-79.01,42.99],[-78.98,42.98],[-78.94,42.96],[-78.91,42.93],[-78.92,42.89],[-78.96,42.84],[-79.02,42.8],[-79.17,42.75],[-79.33,42.69],[-79.48,42.64],[-79.63,42.58],[-79.76,42.54],[-79.79,42.53],[-79.94,42.47],[-80.09,42.42],[-80.25,42.37],[-80.38,42.35],[-80.5,42.33],[-80.63,42.31],[-80.76,42.29],[-80.89,42.27],[-81.02,42.25],[-81.15,42.23],[-81.28,42.21],[-81.42,42.14],[-81.56,42.08],[-81.71,42.01],[-81.85,41.94],[-81.99,41.88],[-82.14,41.81],[-82.28,41.74],[-82.42,41.68],[-82.45,41.67],[-82.67,41.67],[-82.71,41.68],[-82.87,41.75],[-82.98,41.81],[-83.07,41.85],[-83.1,41.88],[-83.12,41.92],[-83.16,42.0],[-83.16,42.05],[-83.14,42.12],[-83.14,42.2],[-83.13,42.24],[-83.11,42.27],[-83.08,42.31],[-83.04,42.33],[-82.94,42.36],[-82.83,42.4],[-82.8,42.42],[-82.69,42.52],[-82.64,42.56],[-82.61,42.56],[-82.58,42.57],[-82.55,42.59],[-82.51,42.65],[-82.48,42.72],[-82.48,42.76],[-82.47,42.8],[-82.48,42.84],[-82.46,42.88],[-82.45,42.92],[-82.43,42.95],[-82.42,43.02],[-82.38,43.11],[-82.35,43.18],[-82.31,43.24],[-82.28,43.3],[-82.25,43.36],[-82.22,43.43],[-82.19,43.49],[-82.15,43.55],[-82.15,43.58],[-82.2,43.82],[-82.24,44.03],[-82.29,44.24],[-82.34,44.45],[-82.39,44.66],[-82.44,44.87],[-82.48,45.08],[-82.53,45.29],[-82.55,45.33],[-82.59,45.37],[-82.76,45.45],[-83.02,45.56],[-83.2,45.64],[-83.36,45.72],[-83.48,45.77],[-83.64,45.77],[-83.56,45.87],[-83.51,45.93],[-83.47,45.99],[-83.49,46.04],[-83.57,46.09],[-83.61,46.12],[-83.66,46.12],[-83.77,46.11],[-83.82,46.12],[-83.86,46.12],[-83.93,46.07],[-83.98,46.07],[-84.0,46.1],[-84.02,46.15],[-84.06,46.17],[-84.09,46.2],[-84.1,46.24],[-84.11,46.28],[-84.11,46.33],[-84.13,46.38],[-84.16,46.43],[-84.11,46.53],[-84.15,46.54],[-84.2,46.55],[-84.24,46.53],[-84.31,46.5],[-84.35,46.52],[-84.39,46.52],[-84.42,46.51],[-84.45,46.49],[-84.49,46.46],[-84.54,46.45],[-84.59,46.48],[-84.69,46.56],[-84.77,46.63],[-84.82,46.75],[-84.84,46.8],[-84.85,46.86],[-84.88,46.9],[-84.91,46.91],[-84.96,46.93],[-85.01,46.96],[-85.13,47.01],[-85.26,47.06],[-85.38,47.11],[-85.51,47.16],[-85.63,47.22],[-85.76,47.27],[-85.88,47.32],[-86.01,47.37],[-86.11,47.41],[-86.22,47.45],[-86.32,47.5],[-86.43,47.54],[-86.53,47.58],[-86.64,47.62],[-86.74,47.67],[-86.85,47.71],[-87.03,47.78],[-87.22,47.86],[-87.41,47.93],[-87.6,48.0],[-87.78,48.08],[-87.97,48.15],[-88.16,48.22],[-88.35,48.3],[-88.38,48.31],[-88.41,48.3],[-88.58,48.27],[-88.64,48.26],[-88.78,48.2],[-88.9,48.15],[-89.1,48.08],[-89.25,48.02],[-89.34,47.98],[-89.39,47.98],[-89.46,47.99],[-89.5,48.0]]],[[[-79.52,50.97],[-79.55,50.99],[-79.67,51.06],[-79.7,51.09],[-79.73,51.12],[-79.74,51.16],[-79.75,51.2],[-79.69,51.28],[-79.68,51.31],[-79.69,51.34],[-79.7,51.39],[-79.65,51.42],[-79.61,51.45],[-79.53,51.46],[-79.52,51.36],[-79.52,51.25],[-79.52,51.14],[-79.52,51.03],[-79.52,50.97]]]]}},{"type":"Feature","properties":{"code":"QC","name":"Qu\u00e9bec"},"geometry":{"type":"MultiPolygon","coordinates":[[[[-73.35,45.0],[-73.4,45.0],[-73.5,45.0],[-73.6,45.0],[-73.7,45.0],[-73.8,45.0],[-73.9,45.0],[-74.0,45.0],[-74.1,45.0],[-74.2,45.0],[-74.3,45.0],[-74.4,45.0],[-74.5,45.0],[-74.6,45.0],[-74.7,45.0],[-74.63,45.01],[-74.47,45.07],[-74.44,45.09],[-74.41,45.11],[-74.4,45.14],[-74.36,45.16],[-74.33,45.18],[-74.22,45.2],[-74.16,45.23],[-74.05,45.23],[-74.0,45.25],[-73.96,45.27],[-73.89,45.34],[-73.86,45.34],[-73.83,45.36],[-73.78,45.38],[-73.74,45.41],[-73.71,45.42],[-73.6,45.42],[-73.56,45.42],[-73.52,45.43],[-73.52,45.5],[-73.52,45.53],[-73.49,45.58],[-73.46,45.62],[-73.46,45.67],[-73.45,45.7],[-73.41,45.75],[-73.26,45.85],[-73.22,45.9],[-73.21,45.95],[-73.18,46.0],[-73.17,46.03],[-73.14,46.06],[-73.04,46.07],[-73.0,46.1],[-72.95,46.13],[-72.91,46.14],[-72.88,46.14],[-72.84,46.14],[-72.76,46.17],[-72.73,46.18],[-72.67,46.22],[-72.67,46.25],[-72.61,46.28],[-72.56,46.31],[-72.5,46.36],[-72.45,46.37],[-72.4,46.4],[-72.27,46.42],[-72.24,46.44],[-72.22,46.48],[-72.2,46.52],[-72.1,46.56],[-72.06,46.57],[-72.03,46.57],[-71.99,46.58],[-71.96,46.61],[-71.91,46.64],[-71.87,46.67],[-71.82,46.66],[-71.76,46.63],[-71.71,46.63],[-71.3,46.75],[-71.24,46.78],[-71.18,46.82],[-71.12,46.85],[-71.02,46.85],[-70.97,46.86],[-70.92,46.9],[-70.87,46.9],[-70.84,46.9],[-70.78,46.91],[-70.74,46.95],[-70.6,47.0],[-70.56,47.0],[-70.53,47.01],[-70.39,47.12],[-70.29,47.21],[-70.23,47.29],[-70.19,47.32],[-70.08,47.37],[-70.05,47.4],[-70.03,47.47],[-70.0,47.5],[-69.97,47.51],[-69.93,47.54],[-69.9,47.55],[-69.8,47.62],[-69.69,47.73],[-69.59,47.81],[-69.56,47.83],[-69.56,47.87],[-69.45,47.99],[-69.41,48.0],[-69.36,48.01],[-69.32,48.03],[-69.25,48.09],[-69.15,48.15],[-69.05,48.23],[-68.96,48.29],[-68.84,48.34],[-68.75,48.37],[-68.66,48.41],[-68.56,48.45],[-68.52,48.47],[-68.46,48.53],[-68.38,48.55],[-68.35,48.56],[-68.31,48.59],[-68.21,48.64],[-68.13,48.65],[-68.08,48.68],[-68.03,48.7],[-67.98,48.7],[-67.72,48.8],[-67.67,48.82],[-67.6,48.83],[-67.55,48.86],[-67.43,48.87],[-67.36,48.9],[-67.29,48.92],[-67.12,48.96],[-66.88,49.05],[-66.62,49.12],[-66.53,49.13],[-66.22,49.21],[-66.05,49.22],[-65.88,49.22],[-65.68,49.24],[-65.62,49.26],[-65.57,49.27],[-65.4,49.26],[-65.28,49.24],[-65.19,49.24],[-64.96,49.22],[-64.88,49.2],[-64.82,49.19],[-64.76,49.16],[-64.71,49.14],[-64.61,49.12],[-64.58,49.11],[-64.55,49.1],[-64.5,49.06],[-64.45,49.03],[-64.4,49.01],[-64.35,48.98],[-64.31,48.96],[-64.22,48.89],[-64.22,48.83],[-64.19,48.8],[-64.17,48.76],[-64.21,48.79],[-64.25,48.81],[-64.3,48.83],[-64.53,48.88],[-64.56,48.88],[-64.48,48.84],[-64.54,48.83],[-64.46,48.83],[-64.42,48.83],[-64.38,48.81],[-64.41,48.79],[-64.35,48.76],[-64.28,48.73],[-64.24,48.68],[-64.19,48.66],[-64.16,48.63],[-64.19,48.62],[-64.23,48.63],[-64.26,48.62],[-64.28,48.57],[-64.25,48.55],[-64.22,48.53],[-64.19,48.53],[-64.23,48.49],[-64.26,48.49],[-64.29,48.48],[-64.33,48.44],[-64.36,48.41],[-64.44,48.41],[-64.5,48.39],[-64.55,48.39],[-64.66,48.35],[-64.71,48.34],[-64.71,48.3],[-64.74,48.27],[-64.76,48.24],[-64.78,48.2],[-64.91,48.18],[-64.94,48.18],[-64.95,48.15],[-64.99,48.13],[-65.05,48.1],[-65.18,48.04],[-65.29,48.01],[-65.38,48.01],[-65.43,48.0],[-65.48,48.02],[-65.54,48.06],[-65.58,48.06],[-65.67,48.1],[-65.78,48.12],[-65.82,48.13],[-65.86,48.16],[-65.89,48.17],[-65.89,48.21],[-65.92,48.2],[-65.96,48.19],[-66.05,48.12],[-66.1,48.1],[-66.18,48.12],[-66.27,48.12],[-66.27,48.07],[-66.31,48.08],[-66.34,48.1],[-66.38,48.11],[-66.47,48.12],[-66.52,48.11],[-66.53,48.07],[-66.59,48.06],[-66.63,48.05],[-66.66,48.03],[-66.7,48.02],[-66.75,48.02],[-66.79,48.01],[-66.85,48.0],[-66.89,47.99],[-66.92,47.98],[-66.95,47.95],[-66.94,47.9],[-66.99,47.9],[-67.03,47.93],[-67.07,47.93],[-67.1,47.92],[-67.14,47.9],[-67.19,47.88],[-67.22,47.89],[-67.25,47.89],[-67.29,47.89],[-67.34,47.87],[-67.39,47.85],[-67.42,47.88],[-67.47,47.9],[-67.5,47.91],[-67.54,47.93],[-67.59,47.93],[-67.61,47.96],[-67.61,48.0],[-67.69,48.0],[-67.75,48.0],[-67.81,48.0],[-67.87,48.0],[-67.93,48.0],[-67.99,48.0],[-68.05,48.0],[-68.11,48.0],[-68.11,47.96],[-68.15,47.93],[-68.18,47.93],[-68.25,47.93],[-68.28,47.93],[-68.31,47.93],[-68.34,47.93],[-68.38,47.93],[-68.38,47.89],[-68.38,47.85],[-68.38,47.82],[-68.38,47.78],[-68.38,47.74],[-68.38,47.7],[-68.38,47.67],[-68.38,47.63],[-68.38,47.59],[-68.39,47.56],[-68.44,47.52],[-68.49,47.48],[-68.52,47.46],[-68.55,47.44],[-68.58,47.42],[-68.63,47.41],[-68.67,47.39],[-68.72,47.38],[-68.76,47.36],[-68.84,47.34],[-68.91,47.33],[-68.98,47.32],[-69.05,47.29],[-69.07,47.33],[-69.05,47.39],[-69.05,47.42],[-69.22,47.46],[-69.27,47.44],[-69.36,47.35],[-69.45,47.26],[-69.54,47.17],[-69.63,47.08],[-69.72,46.99],[-69.81,46.9],[-69.9,46.81],[-69.99,46.72],[-70.02,46.66],[-70.03,46.61],[-70.05,46.51],[-70.06,46.45],[-70.07,46.42],[-70.15,46.37],[-70.19,46.36],[-70.2,46.32],[-70.24,46.29],[-70.25,46.25],[-70.28,46.21],[-70.26,46.18],[-70.24,46.14],[-70.3,46.09],[-70.29,46.05],[-70.32,46.0],[-70.3,45.97],[-70.26,45.96],[-70.26,45.92],[-70.28,45.89],[-70.31,45.87],[-70.39,45.83],[-70.42,45.79],[-70.4,45.75],[-70.44,45.71],[-70.47,45.7],[-70.51,45.68],[-70.57,45.66],[-70.69,45.57],[-70.73,45.51],[-70.72,45.47],[-70.67,45.44],[-70.64,45.41],[-70.68,45.39],[-70.72,45.4],[-70.75,45.42],[-70.79,45.43],[-70.83,45.41],[-70.84,45.37],[-70.83,45.33],[-70.86,45.29],[-70.87,45.25],[-70.91,45.25],[-70.95,45.33],[-70.99,45.35],[-71.02,45.34],[-71.06,45.31],[-71.1,45.3],[-71.14,45.25],[-71.19,45.25],[-71.29,45.29],[-71.33,45.29],[-71.38,45.25],[-71.44,45.23],[-71.41,45.2],[-71.44,45.15],[-71.45,45.12],[-71.5,45.07],[-71.5,45.01],[-71.6,45.01],[-71.7,45.01],[-71.8,45.01],[-71.9,45.01],[-72.0,45.01],[-72.1,45.01],[-72.2,45.01],[-72.3,45.01],[-72.4,45.01],[-72.5,45.01],[-72.6,45.01],[-72.7,45.01],[-72.8,45.01],[-72.9,45.01],[-73.0,45.01],[-73.1,45.01],[-73.2,45.01],[-73.3,45.0],[-73.35,45.0]]],[[[-79.52,50.94],[-79.42,50.86],[-79.4,50.82],[-79.36,50.78],[-79.35,50.74],[-79.33,50.77],[-79.36,50.8],[-79.41,50.87],[-79.44,50.9],[-79.48,50.93],[-79.52,50.97],[-79.52,51.03],[-79.52,51.14],[-79.52,51.25],[-79.52,51.36],[-79.52,51.47],[-79.53,51.51],[-79.55,51.54],[-79.52,51.56],[-79.47,51.58],[-79.35,51.66],[-79.32,51.67],[-79.28,51.64],[-79.24,51.63],[-79.26,51.6],[-79.28,51.57],[-79.28,51.53],[-79.18,51.53],[-79.14,51.54],[-79.11,51.53],[-79.03,51.48],[-79.01,51.43],[-78.98,51.39],[-78.95,51.31],[-78.94,51.27],[-78.96,51.23],[-78.91,51.18],[-78.85,51.16],[-78.88,51.21],[-78.91,51.22],[-78.92,51.25],[-78.91,51.29],[-78.88,51.32],[-78.83,51.35],[-78.88,51.37],[-78.87,51.41],[-78.83,51.43],[-78.81,51.46],[-78.75,51.49],[-78.69,51.49],[-78.78,51.5],[-78.81,51.51],[-78.82,51.54],[-78.82,51.57],[-78.81,51.6],[-78.85,51.62],[-78.87,51.65],[-78.91,51.65],[-78.94,51.68],[-78.97,51.71],[-79.01,51.75],[-79.04,51.77],[-79.01,51.8],[-78.98,51.8],[-78.95,51.8],[-78.92,51.8],[-78.88,51.81],[-78.84,51.84],[-78.87,51.89],[-78.89,51.93],[-78.83,51.96],[-78.75,51.98],[-78.72,52.01],[-78.7,52.05],[-78.67,52.06],[-78.63,52.07],[-78.61,52.1],[-78.57,52.12],[-78.56,52.16],[-78.54,52.19],[-78.55,52.24],[-78.52,52.26],[-78.49,52.26],[-78.41,52.24],[-78.44,52.26],[-78.47,52.28],[-78.51,52.28],[-78.54,52.28],[-78.51,52.33],[-78.5,52.36],[-78.53,52.4],[-78.54,52.43],[-78.51,52.46],[-78.57,52.49],[-78.55,52.52],[-78.58,52.54],[-78.63,52.53],[-78.67,52.56],[-78.7,52.55],[-78.75,52.57],[-78.71,52.59],[-78.72,52.64],[-78.76,52.65],[-78.79,52.66],[-78.76,52.68],[-78.82,52.7],[-78.78,52.71],[-78.79,52.74],[-78.83,52.75],[-78.85,52.78],[-78.76,52.78],[-78.73,52.81],[-78.77,52.82],[-78.69,52.89],[-78.78,52.87],[-78.83,52.87],[-78.86,52.88],[-78.9,52.93],[-78.87,52.94],[-78.87,52.97],[-78.82,52.97],[-78.84,53.0],[-78.89,53.0],[-78.93,53.0],[-78.98,53.03],[-78.95,53.04],[-78.93,53.07],[-78.98,53.07],[-78.92,53.17],[-78.9,53.2],[-78.9,53.25],[-78.94,53.28],[-78.94,53.32],[-78.96,53.36],[-78.95,53.4],[-78.99,53.45],[-79.02,53.45],[-79.06,53.44],[-79.08,53.47],[-79.11,53.51],[-79.07,53.53],[-79.03,53.5],[-79.0,53.5],[-78.96,53.52],[-78.99,53.53],[-79.03,53.56],[-79.0,53.57],[-78.96,53.55],[-78.93,53.58],[-78.97,53.61],[-79.0,53.62],[-79.03,53.6],[-79.06,53.6],[-79.04,53.64],[-79.01,53.65],[-79.05,53.67],[-79.02,53.67],[-79.03,53.7],[-79.06,53.69],[-79.09,53.7],[-79.13,53.71],[-79.16,53.71],[-79.13,53.72],[-79.06,53.72],[-79.06,53.76],[-79.05,53.79],[-79.02,53.82],[-79.01,53.85],[-78.98,53.84],[-78.94,53.82],[-78.9,53.82],[-78.93,53.84],[-78.97,53.86],[-79.07,53.86],[-79.08,53.9],[-79.11,53.91],[-79.08,53.92],[-79.05,53.92],[-79.02,53.91],[-78.99,53.91],[-79.02,53.94],[-79.1,53.95],[-79.14,53.96],[-79.07,53.95],[-79.1,53.98],[-79.06,53.99],[-78.96,54.0],[-79.02,54.03],[-79.11,54.06],[-79.14,54.08],[-79.27,54.08],[-79.17,54.09],[-79.13,54.11],[-79.12,54.15],[-79.08,54.16],[-79.1,54.19],[-79.16,54.18],[-79.21,54.16],[-79.24,54.16],[-79.29,54.17],[-79.32,54.2],[-79.36,54.2],[-79.33,54.23],[-79.29,54.24],[-79.41,54.27],[-79.44,54.28],[-79.44,54.31],[-79.46,54.35],[-79.5,54.37],[-79.5,54.41],[-79.47,54.41],[-79.49,54.45],[-79.52,54.5],[-79.54,54.54],[-79.6,54.56],[-79.55,54.57],[-79.54,54.6],[-79.58,54.61],[-79.61,54.58],[-79.64,54.58],[-79.6,54.61],[-79.69,54.63],[-79.65,54.64],[-79.67,54.67],[-79.7,54.65],[-79.77,54.65],[-79.74,54.66],[-79.68,54.69],[-79.64,54.7],[-79.64,54.74],[-79.62,54.71],[-79.57,54.73],[-79.52,54.74],[-79.48,54.76],[-79.41,54.76],[-79.34,54.78],[-79.29,54.8],[-78.97,54.85],[-78.9,54.9],[-78.87,54.91],[-78.77,54.93],[-78.73,54.94],[-78.68,54.95],[-78.63,54.96],[-78.6,54.97],[-78.53,55.0],[-78.5,55.0],[-78.45,55.02],[-78.39,55.03],[-78.36,55.04],[-78.31,55.06],[-78.27,55.08],[-78.24,55.09],[-78.16,55.14],[-78.05,55.18],[-78.01,55.19],[-77.87,55.25],[-77.8,55.26],[-77.67,55.37],[-77.64,55.38],[-77.24,55.59],[-77.16,55.64],[-77.11,55.68],[-77.11,55.71],[-77.14,55.7],[-77.17,55.68],[-77.16,55.71],[-77.04,55.78],[-76.9,55.9],[-76.84,55.93],[-76.81,55.98],[-76.78,56.0],[-76.75,56.0],[-76.71,56.02],[-76.66,56.07],[-76.62,56.14],[-76.62,56.17],[-76.59,56.24],[-76.55,56.3],[-76.53,56.34],[-76.53,56.39],[-76.52,56.44],[-76.52,56.48],[-76.53,56.53],[-76.53,56.59],[-76.51,56.71],[-76.5,56.76],[-76.51,56.8],[-76.52,56.86],[-76.53,56.9],[-76.54,56.94],[-76.55,56.98],[-76.56,57.02],[-76.53,57.09],[-76.55,57.13],[-76.57,57.19],[-76.59,57.27],[-76.66,57.4],[-76.69,57.43],[-76.7,57.47],[-76.73,57.5],[-76.76,57.56],[-76.8,57.6],[-76.81,57.68],[-76.86,57.72],[-76.9,57.76],[-76.93,57.79],[-76.95,57.83],[-76.98,57.85],[-77.05,57.93],[-77.07,57.96],[-77.11,57.97],[-77.14,58.01],[-77.2,58.06],[-77.26,58.09],[-77.32,58.09],[-77.36,58.11],[-77.39,58.14],[-77.42,58.15],[-77.49,58.17],[-77.45,58.18],[-77.53,58.23],[-77.6,58.27],[-77.7,58.29],[-77.77,58.32],[-77.96,58.36],[-78.01,58.38],[-78.03,58.43],[-78.07,58.45],[-78.11,58.45],[-78.2,58.5],[-78.27,58.52],[-78.31,58.57],[-78.37,58.61],[-78.41,58.63],[-78.42,58.6],[-78.38,58.58],[-78.32,58.55],[-78.37,58.54],[-78.4,58.55],[-78.44,58.58],[-78.47,58.61],[-78.53,58.61],[-78.57,58.62],[-78.56,58.66],[-78.52,58.69],[-78.48,58.7],[-78.49,58.74],[-78.53,58.76],[-78.55,58.79],[-78.52,58.79],[-78.49,58.81],[-78.52,58.86],[-78.55,58.9],[-78.53,58.94],[-78.56,58.94],[-78.55,58.97],[-78.52,58.96],[-78.48,58.93],[-78.44,58.92],[-78.43,58.95],[-78.39,58.96],[-78.36,58.96],[-78.37,58.92],[-78.32,58.93],[-78.29,58.97],[-78.24,59.0],[-78.28,59.0],[-78.32,58.99],[-78.27,59.03],[-78.26,59.07],[-78.21,59.05],[-78.22,59.11],[-78.18,59.09],[-78.13,59.11],[-78.14,59.14],[-78.1,59.16],[-78.1,59.2],[-78.0,59.24],[-77.97,59.26],[-77.91,59.27],[-77.88,59.28],[-77.82,59.29],[-77.88,59.31],[-77.81,59.32],[-77.77,59.34],[-77.81,59.37],[-77.78,59.38],[-77.68,59.4],[-77.73,59.41],[-77.77,59.41],[-77.81,59.43],[-77.85,59.41],[-77.89,59.4],[-77.92,59.42],[-77.89,59.45],[-77.85,59.45],[-77.88,59.48],[-77.84,59.51],[-77.74,59.54],[-77.73,59.57],[-77.72,59.62],[-77.75,59.63],[-77.78,59.66],[-77.76,59.69],[-77.71,59.7],[-77.63,59.68],[-77.59,59.69],[-77.55,59.68],[-77.49,59.65],[-77.46,59.62],[-77.44,59.58],[-77.4,59.57],[-77.31,59.57],[-77.39,59.58],[-77.43,59.6],[-77.44,59.63],[-77.46,59.68],[-77.55,59.69],[-77.5,59.71],[-77.55,59.74],[-77.52,59.76],[-77.49,59.74],[-77.46,59.77],[-77.41,59.79],[-77.32,59.79],[-77.35,59.87],[-77.4,59.91],[-77.37,59.93],[-77.37,59.96],[-77.33,59.97],[-77.3,59.97],[-77.26,60.0],[-77.3,60.01],[-77.24,60.03],[-77.21,60.05],[-77.3,60.04],[-77.33,60.04],[-77.37,60.07],[-77.41,60.05],[-77.48,60.05],[-77.56,60.05],[-77.63,60.07],[-77.59,60.09],[-77.56,60.13],[-77.53,60.13],[-77.49,60.13],[-77.41,60.13],[-77.48,60.15],[-77.54,60.18],[-77.51,60.21],[-77.47,60.22],[-77.53,60.26],[-77.54,60.29],[-77.6,60.27],[-77.59,60.32],[-77.63,60.34],[-77.7,60.38],[-77.74,60.4],[-77.74,60.43],[-77.7,60.46],[-77.59,60.5],[-77.56,60.54],[-77.42,60.55],[-77.46,60.57],[-77.54,60.58],[-77.61,60.56],[-77.66,60.56],[-77.69,60.56],[-77.77,60.59],[-77.83,60.64],[-77.76,60.68],[-77.72,60.7],[-77.67,60.73],[-77.63,60.75],[-77.67,60.78],[-77.74,60.77],[-77.51,60.83],[-77.56,60.84],[-77.89,60.75],[-77.86,60.79],[-77.97,60.79],[-77.88,60.83],[-77.92,60.84],[-77.96,60.83],[-78.05,60.81],[-78.08,60.81],[-78.2,60.79],[-78.17,60.86],[-78.14,60.87],[-78.09,60.92],[-78.02,60.95],[-77.89,61.04],[-77.85,61.06],[-77.82,61.05],[-77.81,61.09],[-77.79,61.15],[-77.77,61.18],[-77.7,61.19],[-77.71,61.22],[-77.75,61.23],[-77.72,61.27],[-77.74,61.35],[-77.76,61.4],[-77.79,61.45],[-77.75,61.46],[-77.72,61.44],[-77.68,61.44],[-77.61,61.46],[-77.57,61.47],[-77.63,61.51],[-77.67,61.53],[-77.62,61.56],[-77.57,61.55],[-77.48,61.54],[-77.55,61.58],[-77.63,61.58],[-77.59,61.59],[-77.69,61.61],[-77.74,61.65],[-77.79,61.7],[-77.94,61.69],[-77.97,61.7],[-78.0,61.73],[-78.0,61.77],[-78.03,61.82],[-78.07,61.86],[-78.08,61.89],[-78.07,61.92],[-78.09,61.96],[-78.13,61.99],[-78.14,62.04],[-78.14,62.11],[-78.16,62.15],[-78.16,62.19],[-78.14,62.23],[-78.16,62.27],[-78.13,62.31],[-78.11,62.34],[-78.02,62.39],[-77.98,62.4],[-77.94,62.41],[-77.89,62.43],[-77.78,62.47],[-77.71,62.47],[-77.66,62.52],[-77.61,62.53],[-77.54,62.55],[-77.5,62.58],[-77.47,62.59],[-77.4,62.59],[-77.37,62.56],[-77.28,62.55],[-77.25,62.55],[-77.17,62.55],[-77.13,62.53],[-77.08,62.54],[-77.04,62.52],[-77.0,62.54],[-76.97,62.54],[-76.93,62.53],[-76.76,62.51],[-76.72,62.5],[-76.66,62.49],[-76.63,62.46],[-76.6,62.46],[-76.53,62.46],[-76.46,62.44],[-76.4,62.43],[-76.3,62.41],[-76.22,62.4],[-76.19,62.39],[-76.15,62.39],[-76.12,62.35],[-76.08,62.35],[-76.05,62.36],[-76.02,62.34],[-75.97,62.35],[-75.91,62.34],[-75.86,62.32],[-75.83,62.31],[-75.66,62.3],[-75.59,62.27],[-75.72,62.24],[-75.75,62.21],[-75.81,62.2],[-75.89,62.16],[-75.83,62.16],[-75.78,62.19],[-75.74,62.2],[-75.68,62.22],[-75.58,62.25],[-75.49,62.3],[-75.33,62.32],[-75.17,62.29],[-75.14,62.25],[-75.1,62.26],[-75.05,62.27],[-75.01,62.27],[-74.89,62.23],[-74.84,62.2],[-74.79,62.18],[-74.67,62.12],[-74.6,62.11],[-74.56,62.11],[-74.64,62.14],[-74.68,62.16],[-74.74,62.19],[-74.74,62.23],[-74.7,62.25],[-74.42,62.25],[-74.39,62.26],[-74.35,62.28],[-74.32,62.29],[-74.28,62.32],[-74.24,62.33],[-74.19,62.33],[-74.15,62.33],[-74.09,62.35],[-74.02,62.36],[-73.98,62.38],[-73.94,62.42],[-73.91,62.43],[-73.88,62.46],[-73.75,62.47],[-73.7,62.48],[-73.67,62.48],[-73.63,62.46],[-73.59,62.41],[-73.55,62.39],[-73.5,62.39],[-73.45,62.37],[-73.42,62.37],[-73.38,62.37],[-73.34,62.34],[-73.25,62.32],[-73.21,62.31],[-73.21,62.28],[-73.08,62.21],[-73.01,62.18],[-72.97,62.17],[-72.93,62.16],[-72.9,62.14],[-72.95,62.12],[-72.82,62.12],[-72.78,62.11],[-72.82,62.14],[-72.75,62.15],[-72.69,62.13],[-72.63,62.12],[-72.64,62.08],[-72.67,62.06],[-72.63,62.06],[-72.6,62.02],[-72.6,61.99],[-72.67,61.96],[-72.69,61.93],[-72.8,61.84],[-72.75,61.84],[-72.69,61.88],[-72.66,61.85],[-72.63,61.82],[-72.6,61.81],[-72.6,61.84],[-72.63,61.9],[-72.61,61.94],[-72.57,61.93],[-72.49,61.92],[-72.36,61.89],[-72.23,61.88],[-72.2,61.87],[-72.18,61.83],[-72.14,61.81],[-72.21,61.79],[-72.22,61.75],[-72.19,61.74],[-72.15,61.76],[-72.08,61.74],[-72.04,61.73],[-72.0,61.68],[-72.02,61.64],[-72.06,61.62],[-72.09,61.61],[-72.13,61.6],[-72.2,61.62],[-72.24,61.62],[-72.28,61.6],[-72.3,61.57],[-72.24,61.6],[-72.12,61.59],[-72.08,61.59],[-72.04,61.6],[-71.99,61.6],[-71.97,61.63],[-71.94,61.66],[-71.97,61.7],[-71.86,61.7],[-71.81,61.68],[-71.76,61.68],[-71.73,61.67],[-71.67,61.66],[-71.58,61.61],[-71.55,61.57],[-71.61,61.57],[-71.69,61.54],[-71.8,61.54],[-71.86,61.53],[-71.83,61.52],[-71.79,61.53],[-71.8,61.5],[-71.77,61.48],[-71.81,61.45],[-71.89,61.44],[-71.86,61.42],[-71.8,61.42],[-71.73,61.41],[-71.62,61.42],[-71.58,61.41],[-71.63,61.4],[-71.67,61.38],[-71.71,61.37],[-71.82,61.38],[-71.78,61.35],[-71.74,61.35],[-71.69,61.33],[-71.73,61.29],[-71.7,61.28],[-71.6,61.26],[-71.62,61.23],[-71.59,61.22],[-71.56,61.2],[-71.57,61.17],[-71.52,61.16],[-71.53,61.2],[-71.5,61.23],[-71.46,61.21],[-71.4,61.15],[-71.37,61.13],[-71.27,61.16],[-71.23,61.17],[-71.2,61.13],[-71.11,61.13],[-71.07,61.13],[-70.96,61.12],[-70.94,61.07],[-70.85,61.08],[-70.82,61.07],[-70.77,61.05],[-70.76,61.09],[-70.73,61.08],[-70.66,61.05],[-70.69,61.03],[-70.6,61.03],[-70.55,61.01],[-70.57,61.05],[-70.53,61.07],[-70.49,61.06],[-70.47,61.03],[-70.43,61.03],[-70.43,61.07],[-70.4,61.06],[-70.4,61.09],[-70.36,61.07],[-70.31,61.1],[-70.27,61.09],[-70.23,61.07],[-70.2,61.08],[-70.16,61.09],[-70.12,61.07],[-70.16,61.02],[-70.13,61.01],[-70.1,61.02],[-70.1,60.98],[-70.1,60.94],[-70.09,60.9],[-70.15,60.89],[-70.08,60.88],[-70.04,60.85],[-69.99,60.85],[-69.96,60.83],[-69.9,60.82],[-69.86,60.84],[-69.91,60.84],[-69.86,60.88],[-69.82,60.9],[-69.78,60.92],[-69.74,60.92],[-69.74,60.89],[-69.7,60.87],[-69.66,60.89],[-69.65,60.92],[-69.68,60.94],[-69.68,60.98],[-69.67,61.02],[-69.65,61.06],[-69.6,61.08],[-69.56,61.09],[-69.52,61.07],[-69.47,61.0],[-69.43,60.96],[-69.42,60.92],[-69.37,60.92],[-69.39,60.88],[-69.39,60.85],[-69.38,60.8],[-69.41,60.78],[-69.44,60.78],[-69.51,60.77],[-69.57,60.75],[-69.6,60.74],[-69.64,60.71],[-69.67,60.7],[-69.71,60.69],[-69.69,60.66],[-69.7,60.61],[-69.67,60.6],[-69.69,60.56],[-69.81,60.54],[-69.79,60.49],[-69.76,60.47],[-69.77,60.43],[-69.73,60.39],[-69.73,60.36],[-69.75,60.33],[-69.72,60.3],[-69.67,60.26],[-69.62,60.24],[-69.64,60.2],[-69.6,60.18],[-69.61,60.15],[-69.61,60.11],[-69.65,60.07],[-69.7,60.07],[-69.74,60.05],[-69.77,60.07],[-69.81,60.07],[-69.84,60.03],[-69.79,60.01],[-69.9,60.0],[-70.3,60.03],[-70.34,60.03],[-70.31,60.01],[-70.57,59.99],[-70.6,60.0],[-70.65,60.02],[-71.0,60.08],[-71.04,60.07],[-70.92,60.06],[-70.88,60.04],[-70.81,60.02],[-70.77,60.01],[-70.72,60.01],[-70.58,59.98],[-70.48,59.97],[-70.41,59.99],[-70.38,59.99],[-70.34,59.98],[-70.23,59.99],[-70.16,59.96],[-70.11,59.95],[-70.05,59.95],[-69.94,59.96],[-69.86,59.96],[-69.77,59.97],[-69.74,59.97],[-69.72,59.94],[-69.77,59.92],[-69.72,59.9],[-69.59,59.88],[-69.56,59.86],[-69.59,59.84],[-69.61,59.79],[-69.56,59.77],[-69.59,59.74],[-69.62,59.73],[-69.65,59.71],[-69.62,59.7],[-69.59,59.68],[-69.53,59.68],[-69.52,59.65],[-69.54,59.62],[-69.59,59.59],[-69.63,59.59],[-69.66,59.58],[-69.69,59.56],[-69.75,59.52],[-69.75,59.48],[-69.7,59.48],[-69.66,59.45],[-69.65,59.41],[-69.64,59.36],[-69.75,59.34],[-69.74,59.31],[-69.63,59.31],[-69.58,59.33],[-69.53,59.33],[-69.45,59.36],[-69.42,59.36],[-69.37,59.35],[-69.36,59.31],[-69.3,59.33],[-69.27,59.34],[-69.25,59.3],[-69.23,59.24],[-69.27,59.22],[-69.31,59.22],[-69.34,59.24],[-69.37,59.24],[-69.37,59.21],[-69.41,59.2],[-69.44,59.23],[-69.53,59.19],[-69.54,59.15],[-69.52,59.11],[-69.48,59.13],[-69.44,59.12],[-69.4,59.12],[-69.36,59.12],[-69.39,59.07],[-69.43,59.03],[-69.48,59.06],[-69.47,58.94],[-69.45,58.9],[-69.49,58.88],[-69.53,58.88],[-69.54,58.84],[-69.57,58.81],[-69.64,58.79],[-69.67,58.79],[-69.72,58.87],[-69.69,58.88],[-69.67,58.93],[-69.71,58.92],[-69.7,58.96],[-69.73,58.98],[-69.76,58.99],[-69.8,58.98],[-69.84,59.05],[-69.88,59.05],[-69.86,59.01],[-69.89,58.97],[-69.86,58.96],[-69.82,58.95],[-69.8,58.92],[-69.82,58.88],[-69.8,58.85],[-69.84,58.83],[-69.88,58.87],[-69.91,58.87],[-69.89,58.83],[-69.96,58.81],[-70.02,58.82],[-70.06,58.79],[-70.14,58.78],[-70.21,58.79],[-70.25,58.77],[-70.2,58.78],[-70.17,58.78],[-70.06,58.76],[-70.02,58.74],[-69.99,58.75],[-69.95,58.77],[-69.92,58.78],[-69.93,58.74],[-69.93,58.7],[-69.9,58.69],[-69.86,58.72],[-69.8,58.7],[-69.84,58.67],[-69.87,58.65],[-69.85,58.61],[-69.81,58.6],[-69.74,58.65],[-69.71,58.69],[-69.67,58.7],[-69.64,58.72],[-69.61,58.76],[-69.57,58.77],[-69.49,58.79],[-69.42,58.83],[-69.4,58.86],[-69.36,58.87],[-69.33,58.88],[-69.28,58.9],[-69.19,58.9],[-69.12,58.9],[-68.98,58.9],[-68.89,58.88],[-68.79,58.92],[-68.75,58.91],[-68.64,58.9],[-68.54,58.86],[-68.51,58.84],[-68.41,58.82],[-68.37,58.79],[-68.38,58.74],[-68.38,58.71],[-68.34,58.68],[-68.35,58.62],[-68.29,58.6],[-68.27,58.57],[-68.29,58.53],[-68.25,58.53],[-68.21,58.55],[-68.21,58.51],[-68.22,58.48],[-68.21,58.43],[-68.23,58.39],[-68.24,58.35],[-68.32,58.25],[-68.34,58.19],[-68.34,58.15],[-68.38,58.11],[-68.48,58.04],[-68.52,58.03],[-68.72,58.01],[-68.85,57.98],[-68.97,57.96],[-69.04,57.92],[-69.14,57.9],[-69.22,57.86],[-69.37,57.77],[-69.14,57.87],[-69.11,57.89],[-69.04,57.91],[-68.95,57.94],[-68.76,57.97],[-68.69,57.99],[-68.61,58.0],[-68.47,58.02],[-68.42,58.04],[-68.38,58.08],[-68.35,58.08],[-68.32,58.11],[-68.31,58.18],[-68.29,58.22],[-68.25,58.24],[-68.24,58.27],[-68.23,58.31],[-68.19,58.36],[-68.18,58.4],[-68.18,58.48],[-68.14,58.52],[-68.09,58.52],[-68.05,58.52],[-68.01,58.58],[-67.97,58.57],[-67.95,58.54],[-67.95,58.51],[-67.91,58.51],[-67.89,58.48],[-67.92,58.45],[-67.92,58.41],[-67.91,58.37],[-67.87,58.33],[-67.87,58.29],[-67.9,58.26],[-67.98,58.21],[-68.08,58.16],[-68.12,58.1],[-68.07,58.11],[-68.02,58.13],[-67.97,58.19],[-67.93,58.23],[-67.89,58.23],[-67.86,58.24],[-67.84,58.28],[-67.8,58.3],[-67.82,58.34],[-67.82,58.4],[-67.79,58.44],[-67.77,58.48],[-67.74,58.47],[-67.71,58.44],[-67.69,58.4],[-67.69,58.36],[-67.73,58.33],[-67.72,58.3],[-67.69,58.29],[-67.66,58.27],[-67.65,58.22],[-67.69,58.17],[-67.7,58.14],[-67.69,58.11],[-67.67,58.07],[-67.69,58.03],[-67.72,58.0],[-67.74,57.96],[-67.72,57.93],[-67.71,57.97],[-67.69,58.01],[-67.66,58.03],[-67.64,58.07],[-67.66,58.1],[-67.65,58.14],[-67.61,58.18],[-67.57,58.23],[-67.5,58.26],[-67.46,58.29],[-67.4,58.28],[-67.36,58.29],[-67.33,58.32],[-67.29,58.33],[-67.23,58.34],[-67.2,58.35],[-67.16,58.38],[-67.11,58.36],[-67.07,58.38],[-67.08,58.42],[-67.04,58.42],[-66.97,58.48],[-66.91,58.5],[-66.88,58.49],[-66.9,58.45],[-66.87,58.44],[-66.84,58.45],[-66.81,58.46],[-66.81,58.5],[-66.71,58.5],[-66.66,58.49],[-66.62,58.5],[-66.66,58.53],[-66.62,58.55],[-66.63,58.58],[-66.62,58.61],[-66.59,58.64],[-66.6,58.68],[-66.56,58.68],[-66.55,58.71],[-66.5,58.72],[-66.47,58.72],[-66.48,58.75],[-66.46,58.79],[-66.44,58.83],[-66.4,58.84],[-66.36,58.85],[-66.29,58.8],[-66.25,58.8],[-66.21,58.76],[-66.15,58.73],[-66.11,58.72],[-66.1,58.68],[-66.06,58.65],[-66.03,58.66],[-66.0,58.63],[-65.96,58.63],[-65.94,58.6],[-65.97,58.57],[-66.01,58.53],[-66.02,58.49],[-66.0,58.46],[-65.99,58.43],[-66.02,58.4],[-66.07,58.38],[-66.08,58.34],[-66.05,58.33],[-66.04,58.36],[-66.02,58.39],[-65.98,58.39],[-65.96,58.43],[-65.93,58.46],[-65.97,58.47],[-65.96,58.5],[-65.92,58.53],[-65.9,58.57],[-65.87,58.58],[-65.84,58.57],[-65.87,58.62],[-65.9,58.64],[-65.94,58.65],[-65.96,58.69],[-66.01,58.69],[-66.04,58.7],[-66.04,58.75],[-66.09,58.77],[-66.04,58.85],[-65.97,58.83],[-65.94,58.84],[-65.86,58.83],[-65.83,58.84],[-65.8,58.87],[-65.89,58.87],[-65.94,58.88],[-65.98,58.9],[-65.94,58.92],[-65.87,58.94],[-65.87,58.98],[-65.89,59.01],[-65.76,58.98],[-65.7,58.95],[-65.67,58.94],[-65.69,58.97],[-65.79,59.01],[-65.74,59.02],[-65.78,59.03],[-65.75,59.03],[-65.68,59.05],[-65.65,59.05],[-65.61,59.01],[-65.51,58.99],[-65.55,59.02],[-65.59,59.05],[-65.54,59.06],[-65.51,59.07],[-65.48,59.05],[-65.44,59.05],[-65.35,59.04],[-65.32,59.05],[-65.35,59.06],[-65.43,59.06],[-65.47,59.08],[-65.51,59.09],[-65.54,59.11],[-65.58,59.08],[-65.63,59.07],[-65.67,59.11],[-65.71,59.15],[-65.72,59.18],[-65.68,59.2],[-65.72,59.21],[-65.74,59.25],[-65.68,59.26],[-65.65,59.24],[-65.59,59.19],[-65.61,59.25],[-65.57,59.25],[-65.51,59.25],[-65.54,59.29],[-65.57,59.33],[-65.56,59.38],[-65.51,59.36],[-65.37,59.28],[-65.41,59.34],[-65.45,59.37],[-65.42,59.41],[-65.38,59.4],[-65.41,59.42],[-65.5,59.44],[-65.47,59.44],[-65.52,59.47],[-65.55,59.47],[-65.46,59.47],[-65.42,59.47],[-65.38,59.48],[-65.25,59.47],[-65.2,59.46],[-65.06,59.39],[-65.0,59.38],[-65.03,59.39],[-65.08,59.41],[-65.13,59.44],[-65.18,59.48],[-65.25,59.49],[-65.31,59.51],[-65.39,59.51],[-65.43,59.53],[-65.49,59.63],[-65.52,59.7],[-65.55,59.73],[-65.52,59.75],[-65.48,59.76],[-65.5,59.79],[-65.46,59.79],[-65.4,59.81],[-65.35,59.84],[-65.32,59.85],[-65.21,59.82],[-65.17,59.79],[-65.11,59.78],[-65.08,59.77],[-65.05,59.77],[-64.98,59.76],[-65.05,59.78],[-65.09,59.8],[-65.14,59.81],[-65.2,59.83],[-65.23,59.88],[-65.19,59.89],[-65.14,59.87],[-65.16,59.91],[-65.21,59.92],[-65.15,59.93],[-65.12,59.95],[-65.08,59.93],[-65.09,59.96],[-65.13,59.98],[-65.08,59.98],[-65.12,60.01],[-65.13,60.05],[-65.07,60.05],[-65.02,60.08],[-65.05,60.09],[-65.02,60.12],[-64.98,60.16],[-64.95,60.19],[-64.92,60.2],[-64.89,60.2],[-64.96,60.26],[-64.91,60.27],[-64.88,60.28],[-64.84,60.33],[-64.86,60.36],[-64.82,60.36],[-64.78,60.36],[-64.72,60.34],[-64.69,60.34],[-64.63,60.35],[-64.55,60.31],[-64.58,60.3],[-64.63,60.29],[-64.68,60.29],[-64.73,60.29],[-64.76,60.29],[-64.81,60.28],[-64.84,60.26],[-64.84,60.22],[-64.81,60.2],[-64.77,60.18],[-64.71,60.18],[-64.67,60.18],[-64.64,60.17],[-64.61,60.14],[-64.62,60.11],[-64.67,60.11],[-64.7,60.11],[-64.74,60.1],[-64.71,60.08],[-64.75,60.05],[-64.78,60.04],[-64.82,60.04],[-64.86,60.05],[-64.9,60.06],[-64.88,60.02],[-64.86,59.98],[-64.82,59.96],[-64.76,59.96],[-64.72,59.95],[-64.69,59.95],[-64.66,59.94],[-64.67,59.88],[-64.7,59.88],[-64.74,59.89],[-64.77,59.88],[-64.74,59.85],[-64.78,59.83],[-64.8,59.79],[-64.8,59.75],[-64.78,59.71],[-64.83,59.68],[-64.87,59.67],[-64.9,59.64],[-64.9,59.6],[-64.89,59.56],[-64.85,59.55],[-64.8,59.52],[-64.77,59.5],[-64.76,59.47],[-64.7,59.45],[-64.67,59.45],[-64.64,59.46],[-64.61,59.47],[-64.58,59.48],[-64.55,59.49],[-64.52,59.5],[-64.48,59.52],[-64.45,59.53],[-64.41,59.53],[-64.38,59.52],[-64.35,59.51],[-64.37,59.48],[-64.41,59.47],[-64.46,59.45],[-64.5,59.43],[-64.49,59.39],[-64.54,59.37],[-64.51,59.34],[-64.53,59.31],[-64.52,59.27],[-64.52,59.22],[-64.52,59.18],[-64.49,59.15],[-64.49,59.11],[-64.44,59.08],[-64.39,59.08],[-64.36,59.07],[-64.33,59.06],[-64.3,59.03],[-64.32,58.99],[-64.36,58.99],[-64.39,58.98],[-64.44,58.98],[-64.48,59.0],[-64.52,59.0],[-64.56,59.01],[-64.6,59.02],[-64.64,59.02],[-64.68,59.05],[-64.72,59.07],[-64.75,59.07],[-64.79,59.05],[-64.85,59.01],[-64.84,58.97],[-64.88,58.94],[-64.84,58.91],[-64.79,58.91],[-64.76,58.93],[-64.73,58.94],[-64.7,58.94],[-64.67,58.93],[-64.64,58.91],[-64.61,58.9],[-64.57,58.89],[-64.52,58.89],[-64.47,58.9],[-64.42,58.89],[-64.38,58.88],[-64.35,58.89],[-64.31,58.88],[-64.28,58.88],[-64.26,58.85],[-64.26,58.82],[-64.27,58.79],[-64.22,58.77],[-64.19,58.76],[-64.16,58.75],[-64.13,58.75],[-64.09,58.77],[-64.06,58.79],[-64.02,58.81],[-63.98,58.82],[-63.94,58.83],[-63.89,58.82],[-63.84,58.83],[-63.79,58.87],[-63.76,58.88],[-63.73,58.88],[-63.69,58.87],[-63.66,58.86],[-63.62,58.85],[-63.57,58.84],[-63.54,58.81],[-63.48,58.76],[-63.53,58.72],[-63.57,58.72],[-63.63,58.71],[-63.69,58.71],[-63.74,58.7],[-63.8,58.7],[-63.84,58.7],[-63.88,58.7],[-63.92,58.69],[-63.99,58.68],[-64.03,58.68],[-64.06,58.67],[-64.09,58.64],[-64.1,58.61],[-64.09,58.57],[-64.05,58.53],[-64.01,58.53],[-63.98,58.53],[-63.92,58.56],[-63.89,58.57],[-63.86,58.55],[-63.85,58.51],[-63.82,58.47],[-63.86,58.44],[-63.9,58.43],[-63.94,58.44],[-63.98,58.43],[-64.02,58.4],[-64.05,58.37],[-64.08,58.37],[-64.11,58.36],[-64.16,58.35],[-64.18,58.31],[-64.19,58.26],[-64.24,58.22],[-64.3,58.21],[-64.35,58.21],[-64.39,58.19],[-64.41,58.15],[-64.42,58.12],[-64.43,58.07],[-64.4,58.06],[-64.35,58.07],[-64.31,58.06],[-64.26,58.05],[-64.22,58.05],[-64.22,58.0],[-64.2,57.96],[-64.16,57.92],[-64.13,57.86],[-64.09,57.81],[-64.05,57.77],[-64.02,57.78],[-63.99,57.81],[-63.96,57.8],[-63.92,57.8],[-63.9,57.75],[-63.86,57.73],[-63.83,57.7],[-63.8,57.69],[-63.77,57.73],[-63.74,57.7],[-63.72,57.67],[-63.68,57.67],[-63.67,57.7],[-63.63,57.74],[-63.58,57.71],[-63.6,57.68],[-63.64,57.64],[-63.67,57.62],[-63.7,57.61],[-63.76,57.59],[-63.76,57.56],[-63.76,57.51],[-63.76,57.46],[-63.74,57.42],[-63.71,57.39],[-63.74,57.36],[-63.77,57.36],[-63.81,57.34],[-63.84,57.31],[-63.86,57.27],[-63.88,57.23],[-63.85,57.19],[-63.84,57.22],[-63.83,57.26],[-63.8,57.28],[-63.75,57.24],[-63.75,57.21],[-63.78,57.18],[-63.78,57.14],[-63.8,57.1],[-63.85,57.08],[-63.88,57.04],[-63.87,57.0],[-63.9,56.98],[-63.92,56.94],[-63.88,56.9],[-63.9,56.87],[-63.93,56.88],[-63.97,56.87],[-64.0,56.85],[-64.0,56.81],[-64.02,56.78],[-64.06,56.77],[-64.1,56.75],[-64.13,56.71],[-64.11,56.67],[-64.08,56.66],[-64.04,56.63],[-64.01,56.59],[-63.98,56.57],[-63.94,56.52],[-63.95,56.48],[-63.89,56.46],[-63.91,56.43],[-63.96,56.42],[-64.01,56.42],[-64.06,56.42],[-64.12,56.43],[-64.15,56.44],[-64.16,56.41],[-64.13,56.4],[-64.11,56.35],[-64.11,56.32],[-64.14,56.3],[-64.1,56.28],[-64.07,56.26],[-64.02,56.26],[-63.94,56.25],[-63.9,56.24],[-63.89,56.19],[-63.92,56.18],[-63.96,56.18],[-63.99,56.17],[-64.02,56.14],[-64.02,56.11],[-64.01,56.07],[-63.98,56.08],[-63.94,56.1],[-63.9,56.11],[-63.86,56.12],[-63.87,56.07],[-63.83,56.05],[-63.8,56.04],[-63.74,56.05],[-63.7,56.05],[-63.65,56.03],[-63.61,56.02],[-63.57,56.02],[-63.53,56.02],[-63.49,56.03],[-63.46,56.03],[-63.47,56.0],[-63.5,56.0],[-63.54,56.0],[-63.59,55.99],[-63.63,55.97],[-63.67,55.95],[-63.73,55.94],[-63.76,55.93],[-63.79,55.93],[-63.84,55.91],[-63.83,55.87],[-63.78,55.85],[-63.77,55.8],[-63.74,55.79],[-63.71,55.78],[-63.69,55.75],[-63.71,55.71],[-63.74,55.67],[-63.7,55.65],[-63.67,55.62],[-63.67,55.56],[-63.69,55.52],[-63.74,55.49],[-63.77,55.48],[-63.74,55.44],[-63.64,55.43],[-63.58,55.42],[-63.51,55.42],[-63.46,55.42],[-63.39,55.4],[-63.36,55.41],[-63.33,55.39],[-63.34,55.36],[-63.38,55.36],[-63.46,55.34],[-63.49,55.35],[-63.53,55.35],[-63.58,55.34],[-63.54,55.32],[-63.57,55.3],[-63.6,55.3],[-63.65,55.29],[-63.65,55.24],[-63.59,55.23],[-63.55,55.23],[-63.5,55.24],[-63.46,55.25],[-63.41,55.25],[-63.45,55.2],[-63.5,55.2],[-63.53,55.19],[-63.57,55.16],[-63.59,55.12],[-63.6,55.07],[-63.58,55.02],[-63.58,54.98],[-63.6,54.94],[-63.61,54.9],[-63.66,54.9],[-63.69,54.92],[-63.74,54.93],[-63.77,54.94],[-63.81,54.94],[-63.85,54.88],[-63.84,54.85],[-63.84,54.81],[-63.88,54.8],[-63.9,54.76],[-63.87,54.75],[-63.79,54.71],[-63.76,54.68],[-63.73,54.65],[-63.74,54.62],[-63.8,54.64],[-63.86,54.63],[-63.9,54.6],[-63.97,54.61],[-64.05,54.61],[-64.11,54.63],[-64.14,54.67],[-64.18,54.71],[-64.24,54.73],[-64.31,54.77],[-64.39,54.79],[-64.46,54.79],[-64.5,54.76],[-64.54,54.74],[-64.58,54.73],[-64.63,54.73],[-64.67,54.74],[-64.71,54.73],[-64.77,54.74],[-64.78,54.77],[-64.76,54.82],[-64.81,54.84],[-64.85,54.85],[-64.87,54.89],[-64.94,54.93],[-65.0,54.94],[-65.05,54.95],[-65.1,54.96],[-65.16,54.93],[-65.19,54.88],[-65.22,54.85],[-65.27,54.84],[-65.3,54.83],[-65.35,54.83],[-65.38,54.82],[-65.43,54.83],[-65.47,54.84],[-65.46,54.8],[-65.45,54.75],[-65.48,54.73],[-65.55,54.73],[-65.63,54.75],[-65.68,54.71],[-65.71,54.74],[-65.76,54.78],[-65.79,54.8],[-65.84,54.84],[-65.85,54.88],[-65.89,54.92],[-65.93,54.92],[-65.97,54.93],[-66.01,54.92],[-66.06,54.92],[-66.1,54.94],[-66.16,54.97],[-66.2,54.98],[-66.25,55.0],[-66.3,55.03],[-66.34,55.07],[-66.39,55.11],[-66.43,55.14],[-66.47,55.15],[-66.51,55.19],[-66.54,55.22],[-66.59,55.26],[-66.62,55.26],[-66.65,55.25],[-66.68,55.26],[-66.7,55.31],[-66.73,55.33],[-66.77,55.34],[-66.8,55.34],[-66.84,55.33],[-66.81,55.29],[-66.76,55.26],[-66.73,55.24],[-66.7,55.22],[-66.71,55.19],[-66.74,55.18],[-66.75,55.13],[-66.76,55.09],[-66.73,55.06],[-66.7,55.03],[-66.66,55.0],[-66.68,54.97],[-66.73,54.96],[-66.69,54.9],[-66.64,54.85],[-66.61,54.8],[-66.64,54.78],[-66.68,54.78],[-66.72,54.78],[-66.7,54.74],[-66.74,54.73],[-66.79,54.75],[-66.83,54.76],[-66.87,54.78],[-66.9,54.79],[-66.94,54.8],[-66.97,54.81],[-66.99,54.84],[-67.03,54.9],[-67.07,54.91],[-67.11,54.92],[-67.14,54.94],[-67.17,54.96],[-67.2,54.97],[-67.23,54.99],[-67.27,55.0],[-67.3,55.01],[-67.29,55.04],[-67.29,55.07],[-67.33,55.08],[-67.36,55.09],[-67.41,55.08],[-67.44,55.06],[-67.44,55.03],[-67.42,55.0],[-67.38,54.95],[-67.32,54.89],[-67.26,54.84],[-67.17,54.78],[-67.09,54.73],[-67.09,54.68],[-67.15,54.62],[-67.19,54.61],[-67.24,54.59],[-67.25,54.55],[-67.27,54.48],[-67.32,54.5],[-67.4,54.55],[-67.43,54.57],[-67.5,54.59],[-67.5,54.54],[-67.51,54.49],[-67.55,54.48],[-67.61,54.47],[-67.67,54.46],[-67.7,54.45],[-67.75,54.43],[-67.75,54.38],[-67.75,54.34],[-67.69,54.31],[-67.67,54.26],[-67.64,54.23],[-67.64,54.19],[-67.67,54.17],[-67.7,54.15],[-67.74,54.15],[-67.77,54.13],[-67.79,54.1],[-67.8,54.06],[-67.81,54.03],[-67.78,54.01],[-67.75,53.98],[-67.71,53.97],[-67.67,53.94],[-67.62,53.92],[-67.6,53.89],[-67.59,53.86],[-67.56,53.85],[-67.52,53.84],[-67.51,53.81],[-67.55,53.8],[-67.58,53.8],[-67.53,53.76],[-67.51,53.73],[-67.45,53.71],[-67.41,53.69],[-67.4,53.64],[-67.34,53.59],[-67.19,53.54],[-67.13,53.53],[-67.03,53.51],[-66.98,53.48],[-66.92,53.44],[-66.89,53.41],[-66.93,53.4],[-66.99,53.38],[-67.01,53.35],[-66.96,53.29],[-66.96,53.25],[-66.97,53.19],[-66.98,53.14],[-66.98,53.11],[-67.0,53.08],[-67.05,53.07],[-67.05,53.12],[-67.09,53.12],[-67.12,53.12],[-67.17,53.15],[-67.21,53.15],[-67.24,53.17],[-67.3,53.16],[-67.33,53.13],[-67.36,53.13],[-67.39,53.11],[-67.37,53.02],[-67.34,52.98],[-67.33,52.94],[-67.3,52.87],[-67.26,52.86],[-67.2,52.83],[-67.16,52.82],[-67.13,52.86],[-67.1,52.87],[-67.07,52.87],[-67.05,52.81],[-67.04,52.78],[-66.99,52.76],[-66.95,52.74],[-66.91,52.7],[-66.88,52.68],[-66.85,52.73],[-66.82,52.72],[-66.81,52.69],[-66.77,52.68],[-66.77,52.76],[-66.71,52.77],[-66.66,52.8],[-66.65,52.83],[-66.65,52.89],[-66.62,52.94],[-66.55,52.94],[-66.51,52.96],[-66.46,53.0],[-66.46,53.03],[-66.36,53.0],[-66.32,52.94],[-66.29,52.9],[-66.29,52.87],[-66.33,52.85],[-66.39,52.87],[-66.38,52.8],[-66.33,52.74],[-66.29,52.64],[-66.29,52.61],[-66.37,52.67],[-66.4,52.65],[-66.41,52.59],[-66.37,52.54],[-66.38,52.5],[-66.38,52.47],[-66.36,52.44],[-66.35,52.38],[-66.39,52.37],[-66.44,52.38],[-66.48,52.34],[-66.47,52.31],[-66.46,52.28],[-66.45,52.25],[-66.41,52.22],[-66.38,52.17],[-66.37,52.14],[-66.3,52.13],[-66.26,52.16],[-66.28,52.22],[-66.29,52.25],[-66.3,52.29],[-66.26,52.3],[-66.21,52.25],[-66.2,52.22],[-66.16,52.21],[-66.12,52.2],[-66.08,52.17],[-66.08,52.12],[-66.03,52.08],[-65.99,52.06],[-65.95,52.08],[-65.9,52.08],[-65.87,52.1],[-65.82,52.11],[-65.76,52.09],[-65.73,52.09],[-65.7,52.1],[-65.66,52.11],[-65.66,52.06],[-65.68,52.03],[-65.66,51.99],[-65.63,52.02],[-65.55,52.03],[-65.53,52.06],[-65.5,52.1],[-65.48,52.07],[-65.46,52.03],[-65.43,52.0],[-65.39,51.98],[-65.36,51.95],[-65.37,51.92],[-65.36,51.85],[-65.34,51.82],[-65.32,51.85],[-65.28,51.87],[-65.25,51.85],[-65.22,51.83],[-65.18,51.82],[-65.18,51.79],[-65.13,51.76],[-65.08,51.75],[-65.03,51.76],[-64.99,51.74],[-64.96,51.72],[-64.92,51.73],[-64.92,51.76],[-64.86,51.77],[-64.77,51.76],[-64.71,51.73],[-64.65,51.69],[-64.62,51.65],[-64.58,51.61],[-64.54,51.6],[-64.5,51.6],[-64.44,51.64],[-64.41,51.65],[-64.34,51.67],[-64.32,51.7],[-64.28,51.74],[-64.29,51.77],[-64.33,51.82],[-64.34,51.87],[-64.36,51.97],[-64.34,52.01],[-64.31,51.99],[-64.28,51.97],[-64.23,51.98],[-64.25,52.01],[-64.27,52.04],[-64.26,52.08],[-64.25,52.11],[-64.21,52.13],[-64.17,52.11],[-64.18,52.16],[-64.21,52.22],[-64.22,52.27],[-64.17,52.32],[-64.14,52.36],[-64.13,52.39],[-64.13,52.43],[-64.14,52.46],[-64.14,52.49],[-64.16,52.53],[-64.19,52.57],[-64.16,52.6],[-64.16,52.64],[-64.17,52.68],[-64.12,52.7],[-64.06,52.73],[-64.0,52.73],[-63.79,52.77],[-63.72,52.78],[-63.67,52.81],[-63.65,52.84],[-63.61,52.86],[-63.6,52.82],[-63.61,52.79],[-63.55,52.76],[-63.5,52.73],[-63.46,52.72],[-63.41,52.7],[-63.38,52.67],[-63.41,52.64],[-63.44,52.64],[-63.48,52.65],[-63.53,52.64],[-63.56,52.64],[-63.61,52.64],[-63.66,52.63],[-63.71,52.63],[-63.76,52.62],[-63.81,52.62],[-63.84,52.62],[-63.88,52.61],[-63.93,52.59],[-63.97,52.57],[-64.0,52.56],[-64.04,52.53],[-64.07,52.49],[-64.08,52.45],[-64.04,52.42],[-64.01,52.38],[-63.97,52.35],[-63.91,52.34],[-63.86,52.34],[-63.81,52.34],[-63.77,52.34],[-63.78,52.31],[-63.76,52.27],[-63.71,52.23],[-63.69,52.19],[-63.68,52.14],[-63.67,52.1],[-63.64,52.05],[-63.67,52.04],[-63.71,52.05],[-63.76,52.06],[-63.79,52.07],[-63.82,52.07],[-63.81,52.04],[-63.77,52.01],[-63.74,52.0],[-63.71,52.0],[-63.67,52.0],[-63.64,52.0],[-63.61,52.0],[-63.4,52.0],[-63.3,52.0],[-63.2,52.0],[-63.0,52.0],[-62.79,52.0],[-62.59,52.0],[-62.39,52.0],[-62.19,52.0],[-61.98,52.0],[-61.68,52.0],[-61.37,52.0],[-61.07,52.0],[-60.77,52.0],[-60.46,52.0],[-60.16,52.0],[-59.85,52.0],[-59.55,52.0],[-59.3,52.0],[-59.05,52.0],[-58.8,52.0],[-58.55,52.0],[-58.31,52.0],[-58.06,52.0],[-57.93,52.0],[-57.81,52.0],[-57.56,52.0],[-57.45,52.0],[-57.34,52.0],[-57.23,52.0],[-57.13,52.0],[-57.1,52.0],[-57.1,51.94],[-57.1,51.89],[-57.1,51.79],[-57.1,51.72],[-57.1,51.64],[-57.1,51.6],[-57.1,51.54],[-57.1,51.48],[-57.1,51.44],[-57.14,51.43],[-57.19,51.42],[-57.22,51.44],[-57.25,51.47],[-57.25,51.51],[-57.28,51.51],[-57.36,51.49],[-57.4,51.48],[-57.44,51.49],[-57.45,51.45],[-57.5,51.46],[-57.6,51.43],[-57.58,51.46],[-57.63,51.44],[-57.67,51.43],[-57.69,51.46],[-57.73,51.47],[-57.76,51.44],[-57.78,51.4],[-57.8,51.44],[-57.84,51.41],[-57.88,51.4],[-57.93,51.37],[-57.97,51.34],[-58.04,51.31],[-58.12,51.3],[-58.15,51.3],[-58.18,51.28],[-58.23,51.28],[-58.26,51.3],[-58.29,51.34],[-58.3,51.29],[-58.33,51.28],[-58.41,51.31],[-58.45,51.32],[-58.57,51.26],[-58.6,51.27],[-58.63,51.26],[-58.64,51.23],[-58.66,51.26],[-58.66,51.21],[-58.59,51.19],[-58.63,51.15],[-58.67,51.14],[-58.7,51.11],[-58.78,51.09],[-58.82,51.08],[-58.85,51.06],[-58.85,51.03],[-58.89,51.0],[-58.89,51.04],[-58.93,51.05],[-58.97,51.03],[-59.01,51.01],[-58.96,51.01],[-58.97,50.97],[-58.95,50.94],[-58.97,50.9],[-58.97,50.86],[-58.96,50.82],[-58.99,50.79],[-59.03,50.78],[-59.04,50.75],[-59.07,50.76],[-59.1,50.81],[-59.07,50.85],[-59.06,50.88],[-59.09,50.89],[-59.11,50.83],[-59.13,50.8],[-59.19,50.76],[-59.2,50.73],[-59.24,50.76],[-59.26,50.73],[-59.3,50.71],[-59.34,50.68],[-59.38,50.66],[-59.43,50.66],[-59.47,50.59],[-59.42,50.58],[-59.41,50.55],[-59.45,50.53],[-59.5,50.54],[-59.54,50.53],[-59.57,50.5],[-59.65,50.47],[-59.69,50.46],[-59.73,50.46],[-59.76,50.44],[-59.79,50.44],[-59.82,50.43],[-59.86,50.39],[-59.89,50.38],[-59.86,50.36],[-59.84,50.33],[-59.9,50.29],[-59.94,50.28],[-59.97,50.27],[-60.0,50.26],[-60.04,50.24],[-60.08,50.24],[-60.12,50.22],[-60.17,50.23],[-60.15,50.28],[-60.18,50.29],[-60.22,50.25],[-60.25,50.23],[-60.24,50.27],[-60.28,50.29],[-60.29,50.25],[-60.33,50.25],[-60.37,50.25],[-60.41,50.25],[-60.45,50.25],[-60.5,50.25],[-60.53,50.23],[-60.6,50.22],[-60.62,50.25],[-60.67,50.23],[-60.72,50.23],[-60.77,50.22],[-60.82,50.22],[-60.8,50.26],[-60.84,50.26],[-60.93,50.2],[-60.98,50.21],[-61.03,50.23],[-61.08,50.21],[-61.11,50.21],[-61.15,50.2],[-61.2,50.2],[-61.31,50.2],[-61.43,50.17],[-61.51,50.16],[-61.59,50.13],[-61.64,50.12],[-61.69,50.1],[-61.72,50.1],[-61.78,50.1],[-61.74,50.13],[-61.61,50.16],[-61.58,50.16],[-61.59,50.19],[-61.64,50.17],[-61.69,50.16],[-61.75,50.14],[-61.78,50.13],[-61.8,50.17],[-61.84,50.21],[-61.88,50.23],[-61.92,50.23],[-61.96,50.24],[-62.0,50.23],[-62.13,50.24],[-62.21,50.24],[-62.24,50.25],[-62.28,50.26],[-62.32,50.28],[-62.37,50.28],[-62.41,50.29],[-62.45,50.27],[-62.6,50.28],[-62.75,50.29],[-62.71,50.31],[-62.75,50.31],[-62.78,50.3],[-62.83,50.29],[-62.93,50.29],[-62.96,50.29],[-63.0,50.32],[-63.04,50.29],[-63.07,50.29],[-63.11,50.29],[-63.16,50.29],[-63.18,50.25],[-63.25,50.24],[-63.33,50.25],[-63.36,50.25],[-63.39,50.22],[-63.42,50.22],[-63.45,50.24],[-63.49,50.26],[-63.54,50.27],[-63.6,50.25],[-63.63,50.27],[-63.67,50.27],[-63.7,50.3],[-63.77,50.3],[-63.99,50.31],[-64.03,50.3],[-64.1,50.29],[-64.13,50.27],[-64.25,50.27],[-64.35,50.29],[-64.39,50.31],[-64.42,50.32],[-64.45,50.32],[-64.49,50.32],[-64.53,50.3],[-64.63,50.28],[-64.87,50.27],[-64.91,50.29],[-64.94,50.28],[-65.03,50.28],[-65.12,50.3],[-65.15,50.3],[-65.19,50.29],[-65.22,50.3],[-65.26,50.32],[-65.29,50.31],[-65.46,50.3],[-65.53,50.28],[-65.62,50.28],[-65.74,50.26],[-65.84,50.26],[-65.89,50.28],[-65.93,50.29],[-66.0,50.28],[-66.04,50.24],[-66.08,50.22],[-66.08,50.25],[-66.1,50.21],[-66.16,50.2],[-66.2,50.21],[-66.25,50.22],[-66.29,50.21],[-66.36,50.2],[-66.4,50.22],[-66.41,50.26],[-66.45,50.27],[-66.5,50.25],[-66.53,50.23],[-66.54,50.18],[-66.51,50.16],[-66.47,50.17],[-66.43,50.17],[-66.47,50.14],[-66.5,50.15],[-66.53,50.16],[-66.56,50.16],[-66.59,50.16],[-66.62,50.18],[-66.62,50.15],[-66.67,50.13],[-66.7,50.11],[-66.75,50.05],[-66.81,50.03],[-66.91,50.01],[-66.95,49.99],[-66.98,49.94],[-66.99,49.9],[-67.01,49.86],[-67.06,49.83],[-67.09,49.85],[-67.13,49.83],[-67.17,49.79],[-67.18,49.75],[-67.18,49.72],[-67.17,49.68],[-67.21,49.64],[-67.25,49.57],[-67.23,49.51],[-67.24,49.48],[-67.27,49.43],[-67.38,49.34],[-67.55,49.33],[-67.58,49.33],[-67.62,49.31],[-67.67,49.31],[-67.74,49.31],[-67.77,49.3],[-67.81,49.28],[-67.86,49.28],[-67.92,49.29],[-68.0,49.29],[-68.03,49.29],[-68.07,49.27],[-68.12,49.27],[-68.14,49.23],[-68.19,49.21],[-68.23,49.19],[-68.28,49.19],[-68.25,49.17],[-68.2,49.17],[-68.18,49.12],[-68.22,49.11],[-68.33,49.1],[-68.38,49.07],[-68.41,49.06],[-68.44,49.06],[-68.38,49.1],[-68.37,49.14],[-68.41,49.16],[-68.43,49.2],[-68.42,49.16],[-68.45,49.1],[-68.49,49.08],[-68.52,49.07],[-68.57,49.06],[-68.6,49.05],[-68.63,49.02],[-68.64,48.99],[-68.7,48.94],[-68.66,48.93],[-68.78,48.91],[-68.81,48.89],[-68.88,48.85],[-68.91,48.84],[-68.95,48.83],[-68.97,48.79],[-69.04,48.78],[-69.12,48.63],[-69.14,48.6],[-69.19,48.59],[-69.23,48.59],[-69.27,48.54],[-69.28,48.51],[-69.29,48.46],[-69.33,48.43],[-69.4,48.36],[-69.43,48.32],[-69.47,48.29],[-69.51,48.27],[-69.55,48.25],[-69.58,48.23],[-69.65,48.16],[-69.68,48.15],[-69.75,48.16],[-69.8,48.16],[-69.84,48.17],[-69.86,48.21],[-69.9,48.23],[-69.95,48.26],[-69.99,48.28],[-70.04,48.28],[-70.09,48.27],[-70.14,48.27],[-70.17,48.28],[-70.21,48.32],[-70.26,48.33],[-70.37,48.37],[-70.41,48.37],[-70.44,48.36],[-70.63,48.4],[-70.68,48.39],[-70.75,48.43],[-70.79,48.44],[-70.84,48.43],[-70.88,48.45],[-70.99,48.47],[-71.05,48.45],[-71.0,48.45],[-70.97,48.45],[-70.89,48.42],[-70.83,48.41],[-70.79,48.4],[-70.81,48.37],[-70.84,48.36],[-70.89,48.36],[-70.87,48.33],[-70.84,48.32],[-70.78,48.35],[-70.74,48.36],[-70.6,48.36],[-70.55,48.36],[-70.48,48.36],[-70.44,48.34],[-70.39,48.34],[-70.36,48.33],[-70.33,48.32],[-70.3,48.3],[-70.23,48.27],[-70.16,48.25],[-70.09,48.23],[-70.03,48.25],[-70.0,48.24],[-69.95,48.23],[-69.92,48.22],[-69.87,48.16],[-69.82,48.13],[-69.76,48.13],[-69.77,48.07],[-69.79,48.01],[-69.81,47.98],[-69.84,47.92],[-69.89,47.85],[-69.92,47.79],[-69.97,47.75],[-70.02,47.71],[-70.08,47.68],[-70.12,47.67],[-70.14,47.64],[-70.18,47.61],[-70.21,47.58],[-70.21,47.55],[-70.24,47.5],[-70.28,47.48],[-70.32,47.47],[-70.38,47.46],[-70.41,47.45],[-70.44,47.44],[-70.48,47.44],[-70.51,47.38],[-70.55,47.34],[-70.57,47.29],[-70.6,47.25],[-70.69,47.15],[-70.71,47.12],[-70.75,47.09],[-70.79,47.07],[-70.92,47.04],[-70.96,47.02],[-71.19,46.86],[-71.22,46.81],[-71.3,46.76],[-71.34,46.74],[-71.46,46.73],[-71.51,46.72],[-71.59,46.7],[-71.64,46.69],[-71.69,46.67],[-71.72,46.67],[-71.77,46.67],[-71.8,46.68],[-71.84,46.69],[-71.88,46.69],[-71.97,46.63],[-72.01,46.61],[-72.06,46.59],[-72.14,46.58],[-72.21,46.56],[-72.25,46.48],[-72.3,46.45],[-72.34,46.44],[-72.39,46.42],[-72.44,46.41],[-72.6,46.3],[-72.65,46.29],[-72.74,46.29],[-72.77,46.28],[-72.84,46.26],[-72.91,46.24],[-72.99,46.21],[-73.0,46.14],[-73.02,46.11],[-73.07,46.09],[-73.11,46.09],[-73.16,46.07],[-73.18,46.03],[-73.2,45.98],[-73.26,45.9],[-73.29,45.88],[-73.33,45.85],[-73.36,45.84],[-73.37,45.81],[-73.42,45.77],[-73.5,45.73],[-73.68,45.71],[-73.76,45.68],[-73.86,45.59],[-73.89,45.56],[-73.93,45.53],[-73.98,45.5],[-74.04,45.48],[-74.1,45.49],[-74.13,45.49],[-74.17,45.52],[-74.21,45.53],[-74.31,45.53],[-74.36,45.56],[-74.34,45.52],[-74.31,45.5],[-74.28,45.5],[-74.13,45.47],[-74.1,45.46],[-74.06,45.44],[-74.02,45.45],[-74.01,45.42],[-73.98,45.37],[-74.01,45.33],[-74.11,45.33],[-74.15,45.32],[-74.2,45.27],[-74.23,45.26],[-74.31,45.23],[-74.35,45.22],[-74.39,45.25],[-74.43,45.28],[-74.48,45.32],[-74.47,45.35],[-74.46,45.38],[-74.44,45.43],[-74.42,45.48],[-74.41,45.53],[-74.39,45.57],[-74.46,45.6],[-74.5,45.6],[-74.55,45.61],[-74.59,45.63],[-74.62,45.65],[-74.67,45.66],[-74.71,45.64],[-74.78,45.63],[-74.94,45.64],[-74.97,45.63],[-75.02,45.61],[-75.05,45.6],[-75.28,45.58],[-75.31,45.57],[-75.36,45.54],[-75.59,45.48],[-75.66,45.48],[-75.71,45.46],[-75.75,45.41],[-75.78,45.39],[-75.84,45.39],[-75.88,45.4],[-75.91,45.43],[-75.94,45.45],[-76.0,45.49],[-76.05,45.52],[-76.13,45.53],[-76.22,45.52],[-76.25,45.49],[-76.29,45.47],[-76.34,45.47],[-76.39,45.5],[-76.43,45.52],[-76.5,45.54],[-76.6,45.56],[-76.64,45.57],[-76.67,45.62],[-76.69,45.65],[-76.7,45.69],[-76.73,45.73],[-76.77,45.76],[-76.78,45.8],[-76.78,45.84],[-76.8,45.88],[-76.86,45.89],[-76.9,45.89],[-76.93,45.85],[-76.92,45.82],[-76.94,45.79],[-76.99,45.79],[-77.02,45.8],[-77.06,45.81],[-77.1,45.82],[-77.14,45.84],[-77.18,45.86],[-77.23,45.89],[-77.27,45.93],[-77.28,45.98],[-77.31,46.02],[-77.34,46.04],[-77.4,46.07],[-77.47,46.12],[-77.66,46.18],[-77.72,46.19],[-77.92,46.24],[-78.05,46.24],[-78.11,46.26],[-78.24,46.27],[-78.29,46.27],[-78.35,46.29],[-78.42,46.29],[-78.69,46.34],[-78.72,46.35],[-78.74,46.39],[-78.89,46.47],[-78.93,46.5],[-78.96,46.53],[-78.99,46.57],[-79.0,46.6],[-79.01,46.64],[-79.07,46.68],[-79.1,46.7],[-79.16,46.82],[-79.2,46.85],[-79.25,46.89],[-79.29,46.93],[-79.33,46.98],[-79.36,47.02],[-79.4,47.05],[-79.43,47.09],[-79.45,47.13],[-79.44,47.19],[-79.44,47.23],[-79.44,47.26],[-79.46,47.29],[-79.48,47.32],[-79.53,47.37],[-79.57,47.42],[-79.58,47.45],[-79.55,47.51],[-79.53,47.54],[-79.52,47.57],[-79.51,47.6],[-79.51,47.63],[-79.52,47.69],[-79.52,47.74],[-79.52,47.82],[-79.52,47.87],[-79.52,47.99],[-79.52,48.1],[-79.52,48.21],[-79.52,48.32],[-79.52,48.44],[-79.52,48.55],[-79.52,48.66],[-79.52,48.77],[-79.52,48.89],[-79.52,49.0],[-79.52,49.11],[-79.52,49.22],[-79.52,49.34],[-79.52,49.45],[-79.52,49.56],[-79.52,49.67],[-79.52,49.79],[-79.52,49.9],[-79.52,50.01],[-79.52,50.13],[-79.52,50.24],[-79.52,50.35],[-79.52,50.46],[-79.52,50.58],[-79.52,50.69],[-79.52,50.8],[-79.52,50.91],[-79.52,50.94]]],[[[-59.35,50.6],[-59.38,50.64],[-59.34,50.64],[-59.31,50.6],[-59.3,50.57],[-59.34,50.54],[-59.32,50.61],[-59.35,50.6]]],[[[-58.4,51.25],[-58.46,51.23],[-58.56,51.23],[-58.5,51.28],[-58.43,51.28]]],[[[-69.1,59.13],[-69.06,59.09],[-69.1,59.07],[-69.15,59.04],[-69.18,59.02],[-69.22,58.99],[-69.22,58.96],[-69.26,58.96],[-69.29,58.98],[-69.34,58.95],[-69.33,58.99],[-69.32,59.03],[-69.3,59.06],[-69.34,59.11],[-69.35,59.14],[-69.31,59.15],[-69.23,59.15],[-69.2,59.15],[-69.17,59.15],[-69.11,59.14]]],[[[-74.0,45.32],[-73.92,45.33],[-73.95,45.3],[-73.99,45.27],[-74.03,45.26],[-74.08,45.25],[-74.14,45.25],[-74.17,45.28],[-74.13,45.31],[-74.04,45.31],[-74.0,45.32]]],[[[-73.89,45.4],[-73.86,45.39],[-73.9,45.37],[-73.93,45.37],[-73.98,45.39],[-73.92,45.41]]],[[[-73.86,45.55],[-73.83,45.6],[-73.76,45.65],[-73.72,45.68],[-73.68,45.69],[-73.64,45.69],[-73.59,45.7],[-73.61,45.67],[-73.64,45.65],[-73.68,45.59],[-73.73,45.56],[-73.78,45.55],[-73.84,45.55]]],[[[-73.5,45.71],[-73.5,45.63],[-73.53,45.58],[-73.54,45.54],[-73.54,45.49],[-73.59,45.45],[-73.72,45.46],[-73.79,45.47],[-73.85,45.45],[-73.92,45.43],[-73.96,45.43],[-73.9,45.48],[-73.87,45.49],[-73.85,45.52],[-73.82,45.52],[-73.78,45.52],[-73.72,45.54],[-73.69,45.56],[-73.65,45.6],[-73.63,45.63],[-73.54,45.69],[-73.5,45.71]]],[[[-70.84,47.03],[-70.82,47.0],[-70.86,46.95],[-70.89,46.93],[-70.95,46.9],[-71.03,46.86],[-71.07,46.86],[-71.11,46.86],[-71.09,46.91],[-70.99,46.95],[-70.92,47.0],[-70.89,47.03],[-70.84,47.03]]],[[[-61.67,47.55],[-61.74,47.48],[-61.77,47.47],[-61.84,47.43],[-61.79,47.43],[-61.67,47.54],[-61.64,47.56],[-61.59,47.56],[-61.63,47.55],[-61.71,47.49],[-61.77,47.41],[-61.82,47.41],[-61.85,47.38],[-61.9,47.35],[-61.94,47.33],[-61.96,47.3],[-61.94,47.26],[-61.91,47.28],[-61.83,47.24],[-61.78,47.27],[-61.79,47.24],[-61.82,47.23],[-61.85,47.23],[-61.9,47.23],[-61.94,47.22],[-61.99,47.22],[-62.02,47.25],[-61.99,47.27],[-61.97,47.31],[-61.95,47.34],[-61.95,47.38],[-61.9,47.42],[-61.86,47.43],[-61.7,47.53],[-61.56,47.63],[-61.51,47.64],[-61.39,47.64],[-61.43,47.61],[-61.46,47.58],[-61.5,47.56],[-61.53,47.55],[-61.5,47.58],[-61.47,47.62],[-61.5,47.62],[-61.53,47.62],[-61.58,47.6],[-61.62,47.57],[-61.65,47.55]]],[[[-64.32,49.79],[-64.34,49.82],[-64.37,49.83],[-64.37,49.79],[-64.4,49.8],[-64.45,49.82],[-64.5,49.86],[-64.49,49.89],[-64.45,49.91],[-64.35,49.93],[-64.29,49.93],[-64.25,49.94],[-64.21,49.95],[-64.13,49.95],[-64.03,49.92],[-64.0,49.92],[-63.94,49.9],[-63.7,49.87],[-63.61,49.85],[-63.51,49.85],[-63.37,49.83],[-63.21,49.79],[-63.12,49.78],[-63.04,49.75],[-62.96,49.74],[-62.9,49.7],[-62.85,49.7],[-62.78,49.67],[-62.73,49.66],[-62.69,49.65],[-62.62,49.62],[-62.53,49.6],[-62.48,49.56],[-62.44,49.54],[-62.4,49.5],[-62.37,49.49],[-62.31,49.47],[-62.28,49.47],[-62.23,49.43],[-62.19,49.41],[-62.13,49.4],[-62.02,49.39],[-61.97,49.37],[-61.9,49.35],[-61.82,49.31],[-61.79,49.27],[-61.75,49.23],[-61.71,49.18],[-61.68,49.17],[-61.69,49.13],[-61.73,49.1],[-61.81,49.07],[-61.87,49.08],[-62.05,49.07],[-62.13,49.08],[-62.25,49.07],[-62.28,49.07],[-62.32,49.09],[-62.42,49.11],[-62.51,49.14],[-62.68,49.15],[-62.88,49.2],[-63.09,49.23],[-63.16,49.26],[-63.21,49.27],[-63.28,49.31],[-63.33,49.32],[-63.36,49.34],[-63.4,49.35],[-63.46,49.36],[-63.59,49.39],[-63.58,49.42],[-63.61,49.45],[-63.63,49.5],[-63.68,49.54],[-63.76,49.6],[-63.93,49.67],[-64.06,49.71],[-64.18,49.74],[-64.3,49.78]]],[[[-63.88,50.2],[-63.93,50.22],[-63.9,50.25],[-63.86,50.22]]],[[[-70.37,47.43],[-70.34,47.43],[-70.37,47.38],[-70.41,47.37],[-70.44,47.39],[-70.41,47.41],[-70.37,47.43]]],[[[-58.46,51.18],[-58.43,51.17],[-58.46,51.14],[-58.5,51.12],[-58.57,51.1],[-58.62,51.09],[-58.55,51.15],[-58.46,51.18]]],[[[-58.31,51.25],[-58.33,51.22],[-58.36,51.2],[-58.41,51.2],[-58.39,51.24],[-58.31,51.25]]],[[[-67.56,58.41],[-67.53,58.35],[-67.53,58.3],[-67.58,58.28],[-67.64,58.29],[-67.66,58.33],[-67.66,58.36],[-67.64,58.4],[-67.59,58.42],[-67.56,58.41]]],[[[-69.0,59.02],[-68.97,58.99],[-69.02,58.97],[-69.07,58.96],[-69.12,58.96],[-69.08,59.0],[-69.0,59.02]]],[[[-69.92,61.01],[-69.95,60.99],[-69.97,60.95],[-70.0,60.94],[-70.0,60.97],[-70.01,61.0],[-69.98,61.02],[-69.92,61.03]]],[[[-71.56,61.33],[-71.49,61.34],[-71.49,61.3],[-71.56,61.3],[-71.59,61.3],[-71.56,61.33]]],[[[-72.09,61.89],[-72.02,61.88],[-71.99,61.87],[-72.02,61.85],[-72.06,61.85],[-72.11,61.87],[-72.11,61.9]]],[[[-72.41,62.04],[-72.38,62.03],[-72.33,62.02],[-72.39,62.01],[-72.44,62.03],[-72.41,62.04]]]]}},{"type":"Feature","properties":{"code":"NB","name":"New Brunswick"},"geometry":{"type":"MultiPolygon","coordinates":[[[[-67.18,45.18],[-67.24,45.2],[-67.27,45.2],[-67.32,45.15],[-67.36,45.17],[-67.39,45.19],[-67.43,45.24],[-67.47,45.27],[-67.46,45.32],[-67.43,45.35],[-67.43,45.39],[-67.48,45.46],[-67.49,45.49],[-67.44,45.52],[-67.42,45.57],[-67.43,45.6],[-67.48,45.61],[-67.51,45.61],[-67.55,45.61],[-67.61,45.62],[-67.66,45.64],[-67.69,45.65],[-67.71,45.68],[-67.75,45.68],[-67.79,45.69],[-67.81,45.77],[-67.78,45.82],[-67.79,45.86],[-67.77,45.9],[-67.77,45.94],[-67.79,46.09],[-67.79,46.23],[-67.79,46.36],[-67.79,46.5],[-67.8,46.63],[-67.8,46.77],[-67.8,46.9],[-67.81,47.04],[-67.81,47.08],[-67.85,47.1],[-67.9,47.14],[-67.94,47.16],[-67.95,47.19],[-67.99,47.22],[-68.04,47.25],[-68.1,47.29],[-68.15,47.3],[-68.18,47.33],[-68.25,47.36],[-68.3,47.37],[-68.35,47.36],[-68.38,47.33],[-68.41,47.3],[-68.44,47.29],[-68.47,47.31],[-68.52,47.3],[-68.59,47.28],[-68.63,47.26],[-68.67,47.24],[-68.72,47.25],[-68.76,47.24],[-68.89,47.19],[-69.04,47.25],[-69.06,47.29],[-68.98,47.32],[-68.91,47.33],[-68.84,47.34],[-68.76,47.36],[-68.72,47.38],[-68.67,47.39],[-68.63,47.41],[-68.58,47.42],[-68.55,47.44],[-68.52,47.46],[-68.49,47.48],[-68.46,47.5],[-68.41,47.54],[-68.38,47.59],[-68.38,47.63],[-68.38,47.67],[-68.38,47.7],[-68.38,47.74],[-68.38,47.78],[-68.38,47.82],[-68.38,47.85],[-68.38,47.89],[-68.38,47.93],[-68.34,47.93],[-68.31,47.93],[-68.28,47.93],[-68.25,47.93],[-68.21,47.93],[-68.15,47.93],[-68.11,47.93],[-68.11,47.97],[-68.05,48.0],[-67.99,48.0],[-67.93,48.0],[-67.87,48.0],[-67.81,48.0],[-67.75,48.0],[-67.69,48.0],[-67.63,48.0],[-67.61,47.96],[-67.59,47.93],[-67.54,47.93],[-67.5,47.91],[-67.45,47.89],[-67.41,47.88],[-67.36,47.84],[-67.33,47.89],[-67.3,47.9],[-67.27,47.89],[-67.23,47.89],[-67.2,47.89],[-67.17,47.89],[-67.14,47.9],[-67.1,47.92],[-67.07,47.93],[-67.03,47.93],[-66.99,47.9],[-66.96,47.89],[-66.94,47.92],[-66.95,47.95],[-66.92,47.98],[-66.89,47.99],[-66.84,48.0],[-66.79,47.99],[-66.75,47.99],[-66.69,48.01],[-66.61,48.01],[-66.58,48.02],[-66.39,48.08],[-66.36,48.07],[-66.36,48.04],[-66.32,48.01],[-66.26,48.01],[-66.22,47.99],[-66.18,47.98],[-65.97,47.92],[-65.87,47.92],[-65.82,47.91],[-65.77,47.88],[-65.74,47.85],[-65.69,47.72],[-65.66,47.7],[-65.63,47.67],[-65.66,47.66],[-65.64,47.62],[-65.61,47.66],[-65.57,47.68],[-65.5,47.68],[-65.44,47.71],[-65.36,47.76],[-65.28,47.78],[-65.21,47.82],[-65.03,47.85],[-64.98,47.84],[-65.05,47.8],[-64.99,47.79],[-64.91,47.81],[-64.86,47.82],[-64.83,47.82],[-64.8,47.81],[-64.79,47.77],[-64.86,47.76],[-64.8,47.75],[-64.78,47.71],[-64.76,47.75],[-64.72,47.76],[-64.68,47.74],[-64.74,47.7],[-64.79,47.68],[-64.8,47.64],[-64.83,47.61],[-64.87,47.57],[-64.9,47.54],[-64.87,47.52],[-64.92,47.47],[-64.87,47.49],[-64.89,47.42],[-64.91,47.36],[-64.91,47.4],[-64.95,47.36],[-64.96,47.31],[-65.02,47.28],[-65.06,47.25],[-65.1,47.24],[-65.12,47.2],[-65.33,47.1],[-65.37,47.09],[-65.28,47.08],[-65.24,47.08],[-65.2,47.09],[-65.21,47.06],[-65.15,47.05],[-65.06,47.09],[-65.03,47.09],[-65.0,47.07],[-64.95,47.07],[-64.91,47.09],[-64.83,47.09],[-64.8,47.08],[-64.83,47.06],[-64.81,47.02],[-64.81,46.99],[-64.85,46.96],[-64.9,46.92],[-64.91,46.89],[-64.9,46.86],[-64.89,46.83],[-64.86,46.78],[-64.79,46.72],[-64.84,46.72],[-64.85,46.68],[-64.8,46.7],[-64.75,46.67],[-64.73,46.7],[-64.71,46.67],[-64.71,46.61],[-64.72,46.58],[-64.7,46.55],[-64.68,46.5],[-64.69,46.47],[-64.65,46.46],[-64.62,46.44],[-64.61,46.38],[-64.63,46.35],[-64.68,46.34],[-64.63,46.33],[-64.59,46.34],[-64.56,46.37],[-64.52,46.32],[-64.56,46.3],[-64.56,46.22],[-64.51,46.24],[-64.41,46.24],[-64.37,46.22],[-64.25,46.23],[-64.19,46.21],[-64.16,46.2],[-64.15,46.17],[-64.11,46.19],[-64.08,46.16],[-64.05,46.18],[-64.02,46.19],[-63.97,46.18],[-63.89,46.16],[-63.81,46.14],[-63.77,46.12],[-63.81,46.09],[-63.86,46.09],[-63.89,46.07],[-64.06,46.06],[-64.09,46.03],[-64.05,46.0],[-64.07,45.97],[-64.1,45.98],[-64.14,45.97],[-64.18,45.95],[-64.21,45.9],[-64.25,45.87],[-64.28,45.84],[-64.32,45.88],[-64.35,45.89],[-64.37,45.85],[-64.42,45.79],[-64.45,45.78],[-64.47,45.74],[-64.51,45.72],[-64.55,45.73],[-64.51,45.77],[-64.49,45.82],[-64.52,45.84],[-64.53,45.9],[-64.57,45.89],[-64.63,45.95],[-64.67,45.98],[-64.68,46.03],[-64.73,46.08],[-64.71,46.05],[-64.71,46.01],[-64.67,45.97],[-64.64,45.95],[-64.61,45.9],[-64.58,45.87],[-64.59,45.83],[-64.61,45.8],[-64.65,45.78],[-64.68,45.75],[-64.65,45.73],[-64.68,45.73],[-64.71,45.69],[-64.76,45.63],[-64.79,45.62],[-64.88,45.63],[-64.92,45.62],[-64.99,45.56],[-65.02,45.55],[-65.18,45.51],[-65.32,45.46],[-65.49,45.37],[-65.52,45.36],[-65.54,45.33],[-65.62,45.32],[-65.66,45.29],[-65.7,45.29],[-65.73,45.25],[-65.78,45.26],[-65.83,45.24],[-65.89,45.21],[-65.93,45.21],[-65.98,45.22],[-66.02,45.27],[-66.14,45.31],[-66.03,45.37],[-66.0,45.4],[-66.0,45.44],[-66.06,45.42],[-66.09,45.37],[-66.16,45.35],[-66.19,45.34],[-66.18,45.31],[-66.15,45.29],[-66.11,45.28],[-66.07,45.27],[-66.12,45.24],[-66.14,45.2],[-66.19,45.18],[-66.23,45.2],[-66.28,45.21],[-66.31,45.2],[-66.27,45.19],[-66.26,45.16],[-66.34,45.14],[-66.38,45.12],[-66.41,45.09],[-66.45,45.08],[-66.49,45.16],[-66.54,45.14],[-66.66,45.08],[-66.69,45.07],[-66.72,45.08],[-66.75,45.06],[-66.79,45.06],[-66.78,45.1],[-66.83,45.09],[-66.87,45.07],[-66.91,45.1],[-66.86,45.13],[-66.89,45.15],[-66.92,45.15],[-66.94,45.19],[-66.98,45.17],[-67.01,45.17],[-67.04,45.14],[-67.05,45.1],[-67.09,45.1],[-67.12,45.14],[-67.13,45.17],[-67.14,45.2],[-67.17,45.22],[-67.18,45.18]]],[[[-66.9,44.89],[-66.92,44.85],[-66.96,44.85],[-66.96,44.88],[-66.95,44.92],[-66.9,44.96],[-66.9,44.93],[-66.9,44.89]]],[[[-66.96,44.96],[-67.01,44.95],[-66.99,45.0],[-66.95,45.03],[-66.95,44.98]]],[[[-66.86,44.73],[-66.83,44.79],[-66.79,44.8],[-66.76,44.78],[-66.76,44.75],[-66.74,44.71],[-66.73,44.68],[-66.69,44.64],[-66.71,44.61],[-66.73,44.64],[-66.77,44.65],[-66.8,44.66],[-66.84,44.65],[-66.88,44.61],[-66.91,44.61],[-66.89,44.66],[-66.88,44.69],[-66.86,44.73]]],[[[-64.5,47.89],[-64.5,47.92],[-64.5,47.89],[-64.51,47.84],[-64.54,47.81],[-64.59,47.77],[-64.65,47.73],[-64.7,47.76],[-64.66,47.78],[-64.69,47.79],[-64.7,47.82],[-64.68,47.86],[-64.6,47.89],[-64.57,47.88],[-64.52,47.87]]],[[[-64.55,47.97],[-64.53,48.02],[-64.48,48.02],[-64.47,47.98],[-64.49,47.94],[-64.57,47.91],[-64.58,47.94],[-64.55,47.97]]]]}},{"type":"Feature","properties":{"code":"YT","name":"Yukon"},"geometry":{"type":"MultiPolygon","coordinates":[[[[-140.53,60.22],[-140.66,60.24],[-140.77,60.26],[-140.91,60.28],[-140.98,60.3],[-141.0,60.47],[-141.0,60.61],[-141.0,60.76],[-141.0,60.9],[-141.0,61.05],[-141.0,61.2],[-141.0,61.34],[-141.0,61.49],[-141.0,61.63],[-141.0,61.78],[-141.0,61.92],[-141.0,62.07],[-141.0,62.22],[-141.0,62.36],[-141.0,62.51],[-141.0,62.65],[-141.0,62.8],[-141.0,62.95],[-141.0,63.09],[-141.0,63.24],[-141.0,63.38],[-141.0,63.53],[-141.0,63.67],[-141.0,63.82],[-141.0,63.97],[-141.0,64.11],[-141.0,64.26],[-141.0,64.4],[-141.0,64.55],[-141.0,64.69],[-141.0,64.84],[-141.0,64.99],[-141.0,65.13],[-141.0,65.28],[-141.0,65.42],[-141.0,65.57],[-141.0,65.71],[-141.0,65.86],[-141.0,66.01],[-141.0,66.15],[-141.0,66.3],[-141.0,66.44],[-141.0,66.59],[-141.0,66.74],[-141.0,66.88],[-141.0,67.03],[-141.0,67.17],[-141.0,67.32],[-141.0,67.46],[-141.0,67.61],[-141.0,67.76],[-141.0,67.9],[-141.0,68.05],[-141.0,68.19],[-141.0,68.34],[-141.01,68.48],[-141.01,68.63],[-141.01,68.78],[-141.01,68.92],[-141.01,69.07],[-141.01,69.21],[-141.01,69.36],[-141.01,69.51],[-141.01,69.65],[-140.9,69.64],[-140.87,69.63],[-140.84,69.63],[-140.64,69.62],[-140.41,69.6],[-140.22,69.6],[-140.15,69.62],[-139.92,69.62],[-139.61,69.58],[-139.71,69.59],[-139.77,69.6],[-139.7,69.57],[-139.36,69.54],[-139.31,69.52],[-139.14,69.51],[-139.05,69.45],[-138.99,69.42],[-138.96,69.41],[-138.77,69.36],[-138.72,69.33],[-138.66,69.3],[-138.61,69.25],[-138.57,69.25],[-138.51,69.26],[-138.48,69.24],[-138.45,69.23],[-138.42,69.25],[-138.4,69.3],[-138.43,69.29],[-138.39,69.31],[-138.34,69.29],[-138.34,69.26],[-138.31,69.23],[-138.23,69.18],[-138.1,69.14],[-137.87,69.09],[-137.52,69.02],[-137.42,69.01],[-137.38,69.0],[-137.43,69.0],[-137.3,68.98],[-137.22,68.95],[-137.19,68.95],[-137.06,68.95],[-136.99,68.95],[-136.91,68.92],[-136.8,68.89],[-136.75,68.88],[-136.66,68.88],[-136.62,68.9],[-136.53,68.89],[-136.5,68.92],[-136.46,68.91],[-136.44,68.86],[-136.44,68.8],[-136.44,68.75],[-136.44,68.68],[-136.44,68.63],[-136.44,68.58],[-136.44,68.53],[-136.44,68.43],[-136.44,68.33],[-136.44,68.24],[-136.44,68.14],[-136.45,68.05],[-136.45,67.96],[-136.44,67.87],[-136.44,67.79],[-136.45,67.75],[-136.44,67.71],[-136.42,67.67],[-136.39,67.65],[-136.35,67.64],[-136.31,67.64],[-136.28,67.63],[-136.25,67.62],[-136.22,67.6],[-136.19,67.56],[-136.18,67.52],[-136.17,67.49],[-136.18,67.46],[-136.2,67.41],[-136.17,67.4],[-136.14,67.39],[-136.12,67.36],[-136.11,67.33],[-136.1,67.29],[-136.12,67.26],[-136.13,67.23],[-136.16,67.22],[-136.19,67.21],[-136.23,67.19],[-136.22,67.15],[-136.22,67.11],[-136.22,67.07],[-136.18,67.02],[-136.14,67.0],[-136.09,67.0],[-135.99,67.0],[-135.9,67.0],[-135.8,67.0],[-135.7,67.0],[-135.61,67.0],[-135.55,67.0],[-135.42,67.0],[-135.29,67.0],[-135.23,67.0],[-135.12,67.0],[-135.0,67.0],[-134.88,67.0],[-134.77,67.0],[-134.65,67.0],[-134.53,67.0],[-134.42,67.0],[-134.3,67.0],[-134.21,67.0],[-134.11,67.0],[-134.02,67.0],[-133.93,67.0],[-133.83,67.0],[-133.87,66.99],[-133.93,66.98],[-133.98,66.98],[-134.03,66.99],[-134.06,66.98],[-134.09,66.95],[-134.05,66.94],[-134.0,66.93],[-133.96,66.92],[-133.92,66.91],[-133.89,66.9],[-133.86,66.87],[-133.83,66.84],[-133.8,66.82],[-133.76,66.8],[-133.78,66.76],[-133.83,66.74],[-133.81,66.71],[-133.77,66.7],[-133.77,66.66],[-133.74,66.64],[-133.71,66.63],[-133.68,66.59],[-133.63,66.58],[-133.59,66.57],[-133.64,66.55],[-133.67,66.54],[-133.68,66.5],[-133.64,66.46],[-133.69,66.45],[-133.73,66.45],[-133.76,66.44],[-133.76,66.4],[-133.78,66.36],[-133.82,66.31],[-133.76,66.3],[-133.73,66.3],[-133.69,66.3],[-133.63,66.3],[-133.58,66.29],[-133.56,66.26],[-133.58,66.22],[-133.56,66.18],[-133.57,66.15],[-133.6,66.14],[-133.64,66.13],[-133.68,66.11],[-133.7,66.07],[-133.66,66.06],[-133.61,66.05],[-133.63,66.01],[-133.61,65.96],[-133.58,65.96],[-133.53,65.96],[-133.5,65.96],[-133.46,65.95],[-133.42,65.94],[-133.39,65.95],[-133.35,65.96],[-133.33,65.99],[-133.28,65.99],[-133.24,66.0],[-133.17,66.02],[-133.13,66.02],[-133.08,66.03],[-133.03,66.02],[-133.0,66.03],[-132.96,66.03],[-132.92,66.03],[-132.91,66.0],[-132.94,65.96],[-132.97,65.94],[-132.97,65.91],[-132.94,65.91],[-132.9,65.91],[-132.87,65.91],[-132.84,65.91],[-132.81,65.92],[-132.78,65.97],[-132.75,65.98],[-132.7,65.99],[-132.67,66.02],[-132.62,66.03],[-132.58,66.03],[-132.54,66.02],[-132.48,65.98],[-132.44,65.99],[-132.39,66.0],[-132.35,65.99],[-132.33,65.95],[-132.37,65.94],[-132.44,65.92],[-132.48,65.91],[-132.51,65.9],[-132.54,65.89],[-132.57,65.84],[-132.54,65.83],[-132.5,65.82],[-132.46,65.81],[-132.41,65.79],[-132.37,65.77],[-132.33,65.75],[-132.29,65.72],[-132.26,65.68],[-132.23,65.67],[-132.21,65.63],[-132.17,65.59],[-132.21,65.57],[-132.26,65.55],[-132.28,65.52],[-132.31,65.48],[-132.32,65.44],[-132.36,65.44],[-132.4,65.41],[-132.44,65.39],[-132.5,65.37],[-132.53,65.35],[-132.55,65.3],[-132.6,65.28],[-132.63,65.28],[-132.68,65.26],[-132.71,65.23],[-132.75,65.23],[-132.72,65.21],[-132.75,65.19],[-132.79,65.19],[-132.74,65.16],[-132.69,65.16],[-132.66,65.17],[-132.61,65.18],[-132.57,65.19],[-132.53,65.16],[-132.55,65.12],[-132.53,65.09],[-132.5,65.09],[-132.45,65.08],[-132.41,65.08],[-132.37,65.08],[-132.34,65.05],[-132.35,65.02],[-132.39,65.02],[-132.43,64.99],[-132.47,64.98],[-132.51,64.96],[-132.5,64.92],[-132.48,64.88],[-132.54,64.86],[-132.58,64.85],[-132.61,64.84],[-132.6,64.81],[-132.57,64.77],[-132.54,64.77],[-132.5,64.78],[-132.46,64.78],[-132.42,64.78],[-132.36,64.77],[-132.32,64.77],[-132.28,64.76],[-132.24,64.74],[-132.2,64.72],[-132.16,64.71],[-132.12,64.7],[-132.07,64.7],[-132.03,64.68],[-132.0,64.65],[-131.96,64.61],[-131.92,64.59],[-131.89,64.58],[-131.83,64.55],[-131.79,64.55],[-131.76,64.55],[-131.68,64.52],[-131.71,64.49],[-131.77,64.46],[-131.81,64.43],[-131.82,64.4],[-131.77,64.38],[-131.73,64.39],[-131.7,64.39],[-131.65,64.38],[-131.62,64.37],[-131.58,64.38],[-131.55,64.39],[-131.51,64.39],[-131.46,64.41],[-131.42,64.43],[-131.38,64.47],[-131.35,64.46],[-131.31,64.45],[-131.27,64.44],[-131.22,64.43],[-131.18,64.43],[-131.15,64.42],[-131.11,64.4],[-131.07,64.38],[-131.05,64.35],[-131.0,64.33],[-131.04,64.3],[-131.0,64.27],[-130.96,64.25],[-130.93,64.21],[-130.87,64.19],[-130.91,64.17],[-130.94,64.15],[-130.93,64.11],[-130.88,64.09],[-130.86,64.05],[-130.82,64.05],[-130.79,64.05],[-130.75,64.04],[-130.78,64.01],[-130.74,63.97],[-130.7,63.96],[-130.65,63.95],[-130.61,63.94],[-130.57,63.92],[-130.53,63.93],[-130.48,63.91],[-130.45,63.9],[-130.42,63.87],[-130.36,63.84],[-130.32,63.83],[-130.28,63.82],[-130.24,63.81],[-130.2,63.8],[-130.16,63.8],[-130.11,63.8],[-130.13,63.76],[-130.16,63.76],[-130.2,63.76],[-130.24,63.74],[-130.28,63.74],[-130.32,63.72],[-130.29,63.69],[-130.25,63.67],[-130.22,63.67],[-130.19,63.68],[-130.16,63.69],[-130.13,63.7],[-130.09,63.7],[-130.11,63.66],[-130.07,63.63],[-130.03,63.63],[-130.0,63.63],[-129.96,63.62],[-129.96,63.58],[-129.92,63.57],[-129.87,63.55],[-129.85,63.51],[-129.82,63.48],[-129.87,63.46],[-129.91,63.44],[-129.91,63.41],[-129.93,63.37],[-129.97,63.35],[-130.0,63.35],[-130.04,63.35],[-130.07,63.34],[-130.11,63.32],[-130.14,63.28],[-130.1,63.27],[-130.06,63.27],[-130.03,63.26],[-129.99,63.22],[-129.95,63.21],[-129.91,63.2],[-129.87,63.14],[-129.84,63.11],[-129.81,63.09],[-129.77,63.07],[-129.74,63.06],[-129.7,63.07],[-129.66,63.08],[-129.61,63.07],[-129.62,63.03],[-129.66,63.0],[-129.69,62.96],[-129.71,62.93],[-129.7,62.89],[-129.74,62.89],[-129.77,62.89],[-129.76,62.85],[-129.72,62.83],[-129.68,62.8],[-129.65,62.77],[-129.63,62.74],[-129.62,62.7],[-129.58,62.7],[-129.55,62.68],[-129.52,62.66],[-129.5,62.61],[-129.55,62.59],[-129.51,62.57],[-129.47,62.58],[-129.42,62.58],[-129.39,62.56],[-129.33,62.54],[-129.3,62.53],[-129.25,62.52],[-129.2,62.51],[-129.17,62.48],[-129.2,62.46],[-129.24,62.46],[-129.28,62.45],[-129.3,62.41],[-129.26,62.39],[-129.22,62.38],[-129.27,62.36],[-129.3,62.34],[-129.29,62.3],[-129.26,62.26],[-129.23,62.23],[-129.2,62.22],[-129.26,62.18],[-129.29,62.15],[-129.25,62.15],[-129.22,62.15],[-129.17,62.13],[-129.13,62.12],[-129.09,62.13],[-129.05,62.13],[-129.01,62.14],[-128.98,62.13],[-128.94,62.12],[-128.91,62.12],[-128.87,62.1],[-128.83,62.06],[-128.8,62.06],[-128.76,62.06],[-128.72,62.11],[-128.68,62.12],[-128.65,62.12],[-128.6,62.12],[-128.56,62.12],[-128.52,62.09],[-128.48,62.07],[-128.42,62.05],[-128.38,62.03],[-128.38,61.99],[-128.34,61.98],[-128.3,61.96],[-128.26,61.93],[-128.24,61.89],[-128.2,61.85],[-128.17,61.85],[-128.14,61.86],[-128.08,61.85],[-128.05,61.82],[-128.02,61.79],[-128.0,61.75],[-128.0,61.71],[-127.95,61.68],[-127.91,61.68],[-127.87,61.65],[-127.84,61.63],[-127.81,61.61],[-127.77,61.6],[-127.73,61.6],[-127.7,61.59],[-127.68,61.56],[-127.64,61.54],[-127.61,61.54],[-127.57,61.53],[-127.53,61.51],[-127.48,61.51],[-127.43,61.51],[-127.39,61.51],[-127.35,61.51],[-127.31,61.52],[-127.28,61.52],[-127.25,61.5],[-127.22,61.49],[-127.19,61.48],[-127.15,61.47],[-127.13,61.44],[-127.12,61.4],[-127.09,61.38],[-127.06,61.36],[-127.07,61.32],[-127.04,61.28],[-127.02,61.23],[-127.01,61.19],[-127.03,61.15],[-127.03,61.11],[-127.06,61.1],[-127.1,61.08],[-127.07,61.05],[-127.03,61.05],[-126.99,61.07],[-126.95,61.06],[-126.94,61.03],[-126.93,60.99],[-126.91,60.95],[-126.92,60.91],[-126.92,60.85],[-126.89,60.84],[-126.89,60.79],[-126.85,60.76],[-126.82,60.77],[-126.77,60.78],[-126.72,60.77],[-126.69,60.75],[-126.64,60.76],[-126.6,60.78],[-126.57,60.8],[-126.51,60.81],[-126.48,60.81],[-126.43,60.78],[-126.39,60.78],[-126.33,60.78],[-126.29,60.78],[-126.25,60.79],[-126.22,60.81],[-126.24,60.85],[-126.2,60.86],[-126.17,60.87],[-126.14,60.87],[-126.11,60.85],[-126.09,60.81],[-126.05,60.81],[-126.01,60.8],[-125.98,60.84],[-125.94,60.88],[-125.9,60.89],[-125.86,60.89],[-125.83,60.88],[-125.79,60.87],[-125.76,60.85],[-125.72,60.83],[-125.68,60.83],[-125.64,60.83],[-125.59,60.83],[-125.55,60.82],[-125.5,60.81],[-125.45,60.8],[-125.41,60.79],[-125.36,60.78],[-125.32,60.79],[-125.28,60.8],[-125.24,60.82],[-125.2,60.84],[-125.16,60.85],[-125.11,60.85],[-125.07,60.85],[-125.02,60.86],[-124.97,60.86],[-124.94,60.86],[-124.89,60.86],[-124.88,60.9],[-124.87,60.93],[-124.83,60.96],[-124.78,60.96],[-124.73,60.96],[-124.68,60.95],[-124.6,60.96],[-124.57,60.94],[-124.55,60.9],[-124.53,60.85],[-124.5,60.82],[-124.5,60.76],[-124.54,60.74],[-124.6,60.72],[-124.62,60.68],[-124.58,60.64],[-124.52,60.6],[-124.47,60.58],[-124.44,60.55],[-124.43,60.5],[-124.39,60.48],[-124.34,60.48],[-124.28,60.48],[-124.24,60.48],[-124.21,60.43],[-124.21,60.39],[-124.21,60.35],[-124.18,60.31],[-124.15,60.28],[-124.12,60.24],[-124.08,60.2],[-124.05,60.18],[-124.02,60.16],[-123.98,60.1],[-124.0,60.07],[-124.03,60.04],[-123.99,60.02],[-123.95,60.02],[-123.9,60.04],[-123.86,60.04],[-123.82,60.0],[-124.3,60.0],[-124.77,60.0],[-125.25,60.0],[-125.72,60.0],[-126.2,60.0],[-126.68,60.0],[-127.15,60.0],[-127.63,60.0],[-128.1,60.0],[-128.58,60.0],[-129.06,60.0],[-129.53,60.0],[-130.01,60.0],[-130.48,60.0],[-130.96,60.0],[-131.44,60.0],[-131.91,60.0],[-132.39,60.0],[-132.86,60.0],[-133.34,60.0],[-133.82,60.0],[-134.29,60.0],[-134.77,60.0],[-135.24,60.0],[-135.72,60.0],[-136.2,60.0],[-136.67,60.0],[-137.15,60.0],[-137.62,60.0],[-138.1,60.0],[-138.58,60.0],[-139.05,60.0],[-139.11,60.03],[-139.18,60.07],[-139.18,60.1],[-139.15,60.16],[-139.11,60.23],[-139.07,60.3],[-139.08,60.34],[-139.26,60.34],[-139.41,60.34],[-139.52,60.34],[-139.63,60.33],[-139.68,60.33],[-139.73,60.31],[-139.83,60.26],[-139.92,60.21],[-139.97,60.19],[-140.02,60.19],[-140.17,60.23],[-140.32,60.27],[-140.42,60.29],[-140.45,60.29],[-140.48,60.28],[-140.51,60.24]]],[[[-139.11,69.65],[-139.08,69.65],[-139.01,69.63],[-138.95,69.62],[-138.92,69.62],[-138.89,69.61],[-138.91,69.58],[-138.99,69.59],[-139.03,69.59],[-139.09,69.55],[-139.14,69.54],[-139.17,69.54],[-139.21,69.55],[-139.25,69.58],[-139.29,69.58],[-139.32,69.57],[-139.22,69.63],[-139.16,69.65],[-139.11,69.65]]]]}},{"type":"Feature","properties":{"code":"NU","name":"Nunavut"},"geometry":{"type":"MultiPolygon","coordinates":[[[[-102.57,67.8],[-102.45,67.78],[-102.34,67.75],[-102.31,67.72],[-102.25,67.73],[-102.22,67.69],[-102.23,67.74],[-102.17,67.76],[-102.14,67.77],[-102.1,67.76],[-102.06,67.75],[-102.03,67.75],[-101.99,67.77],[-101.95,67.79],[-101.92,67.76],[-101.86,67.75],[-101.83,67.72],[-101.79,67.71],[-101.74,67.73],[-101.7,67.7],[-101.67,67.69],[-101.62,67.7],[-101.59,67.69],[-101.55,67.68],[-101.48,67.7],[-101.44,67.69],[-101.4,67.69],[-101.45,67.71],[-101.43,67.74],[-101.38,67.72],[-101.34,67.73],[-101.28,67.72],[-101.24,67.74],[-101.25,67.77],[-101.19,67.76],[-101.13,67.78],[-101.09,67.79],[-101.1,67.75],[-100.96,67.75],[-100.92,67.76],[-100.89,67.77],[-100.92,67.8],[-100.89,67.82],[-100.85,67.8],[-100.81,67.8],[-100.77,67.83],[-100.73,67.82],[-100.72,67.85],[-100.69,67.85],[-100.66,67.84],[-100.61,67.84],[-100.58,67.83],[-100.54,67.81],[-100.46,67.84],[-100.41,67.85],[-100.17,67.84],[-100.1,67.82],[-100.03,67.82],[-99.98,67.81],[-99.94,67.82],[-99.91,67.82],[-99.87,67.81],[-99.82,67.8],[-99.77,67.83],[-99.69,67.82],[-99.66,67.81],[-99.63,67.79],[-99.59,67.81],[-99.51,67.8],[-99.47,67.78],[-99.42,67.79],[-99.39,67.78],[-99.32,67.76],[-99.25,67.72],[-99.2,67.72],[-99.16,67.71],[-99.13,67.73],[-99.06,67.72],[-99.02,67.72],[-98.98,67.72],[-98.94,67.7],[-98.91,67.74],[-98.78,67.75],[-98.73,67.75],[-98.7,67.79],[-98.66,67.81],[-98.63,67.79],[-98.59,67.78],[-98.41,67.79],[-98.38,67.79],[-98.39,67.83],[-98.43,67.85],[-98.47,67.87],[-98.54,67.87],[-98.61,67.91],[-98.64,67.92],[-98.71,67.94],[-98.73,68.04],[-98.64,68.07],[-98.6,68.09],[-98.56,68.08],[-98.52,68.05],[-98.35,67.96],[-98.31,67.96],[-98.26,67.93],[-98.23,67.89],[-98.18,67.86],[-98.09,67.76],[-98.06,67.77],[-97.98,67.75],[-97.94,67.7],[-97.91,67.69],[-97.83,67.69],[-97.8,67.68],[-97.76,67.67],[-97.71,67.65],[-97.67,67.65],[-97.64,67.64],[-97.59,67.6],[-97.56,67.6],[-97.5,67.61],[-97.42,67.61],[-97.39,67.62],[-97.34,67.65],[-97.3,67.66],[-97.27,67.67],[-97.24,67.64],[-97.21,67.62],[-97.2,67.66],[-97.15,67.67],[-97.06,67.68],[-97.13,67.71],[-97.16,67.72],[-97.2,67.71],[-97.23,67.71],[-97.12,67.78],[-97.13,67.81],[-97.16,67.84],[-97.2,67.86],[-97.22,67.9],[-97.25,67.92],[-97.3,67.89],[-97.33,67.88],[-97.36,67.88],[-97.4,67.89],[-97.44,67.92],[-97.47,67.94],[-97.57,67.97],[-97.64,68.01],[-97.68,68.02],[-97.71,67.98],[-97.75,67.98],[-97.79,67.98],[-97.83,67.98],[-97.87,67.97],[-97.96,67.93],[-97.99,67.95],[-98.02,67.95],[-98.06,67.92],[-98.06,67.87],[-98.07,67.83],[-98.1,67.84],[-98.13,67.86],[-98.17,67.88],[-98.21,67.92],[-98.24,67.94],[-98.31,67.98],[-98.38,68.0],[-98.42,68.02],[-98.45,68.07],[-98.51,68.1],[-98.57,68.14],[-98.53,68.16],[-98.48,68.19],[-98.44,68.17],[-98.44,68.13],[-98.41,68.08],[-98.36,68.09],[-98.32,68.13],[-98.32,68.16],[-98.37,68.19],[-98.49,68.22],[-98.54,68.24],[-98.51,68.24],[-98.54,68.27],[-98.59,68.29],[-98.69,68.35],[-98.71,68.38],[-98.67,68.39],[-98.63,68.38],[-98.54,68.34],[-98.51,68.33],[-98.54,68.36],[-98.5,68.35],[-98.46,68.37],[-98.52,68.4],[-98.53,68.43],[-98.5,68.42],[-98.45,68.39],[-98.32,68.36],[-98.25,68.32],[-98.21,68.3],[-98.17,68.32],[-98.13,68.33],[-98.08,68.32],[-98.11,68.35],[-97.9,68.34],[-97.91,68.39],[-97.85,68.39],[-97.78,68.37],[-97.75,68.37],[-97.77,68.4],[-97.87,68.42],[-97.9,68.42],[-97.99,68.48],[-98.01,68.52],[-97.98,68.55],[-97.93,68.53],[-97.87,68.54],[-97.8,68.53],[-97.71,68.53],[-97.67,68.51],[-97.64,68.46],[-97.61,68.44],[-97.58,68.44],[-97.55,68.42],[-97.51,68.43],[-97.58,68.45],[-97.61,68.45],[-97.59,68.49],[-97.56,68.5],[-97.43,68.51],[-97.26,68.47],[-97.11,68.39],[-97.14,68.4],[-97.14,68.37],[-97.01,68.35],[-97.0,68.32],[-97.06,68.31],[-97.09,68.27],[-96.97,68.25],[-96.93,68.24],[-96.69,68.29],[-96.66,68.26],[-96.68,68.21],[-96.64,68.19],[-96.62,68.23],[-96.59,68.25],[-96.49,68.3],[-96.45,68.31],[-96.4,68.32],[-96.47,68.29],[-96.48,68.24],[-96.52,68.19],[-96.64,68.14],[-96.64,68.11],[-96.67,68.11],[-96.72,68.08],[-96.76,68.08],[-96.8,68.07],[-96.8,68.03],[-96.76,68.02],[-96.69,68.02],[-96.66,68.05],[-96.62,68.07],[-96.59,68.07],[-96.56,68.04],[-96.52,68.04],[-96.47,68.04],[-96.44,68.05],[-96.47,68.06],[-96.48,68.09],[-96.55,68.09],[-96.53,68.12],[-96.49,68.13],[-96.4,68.17],[-96.35,68.18],[-96.29,68.2],[-96.21,68.21],[-96.15,68.23],[-96.01,68.25],[-95.97,68.27],[-95.91,68.29],[-95.94,68.25],[-96.04,68.19],[-96.08,68.15],[-96.02,68.12],[-96.05,68.08],[-96.09,68.04],[-96.08,68.01],[-96.12,67.97],[-96.14,67.93],[-96.17,67.89],[-96.19,67.85],[-96.22,67.81],[-96.22,67.78],[-96.21,67.75],[-96.2,67.72],[-96.21,67.68],[-96.17,67.7],[-96.18,67.64],[-96.23,67.63],[-96.27,67.64],[-96.3,67.69],[-96.34,67.69],[-96.34,67.66],[-96.34,67.63],[-96.36,67.58],[-96.39,67.57],[-96.47,67.55],[-96.44,67.54],[-96.47,67.51],[-96.47,67.48],[-96.42,67.49],[-96.39,67.5],[-96.36,67.48],[-96.33,67.44],[-96.28,67.44],[-96.23,67.43],[-96.19,67.43],[-96.15,67.44],[-96.12,67.47],[-96.08,67.44],[-96.12,67.4],[-96.14,67.37],[-96.17,67.34],[-96.21,67.33],[-96.24,67.29],[-96.25,67.26],[-96.17,67.26],[-96.13,67.26],[-96.11,67.22],[-96.08,67.23],[-96.04,67.24],[-96.01,67.26],[-95.96,67.29],[-95.91,67.29],[-95.79,67.35],[-95.76,67.37],[-95.73,67.38],[-95.7,67.35],[-95.66,67.34],[-95.63,67.37],[-95.6,67.39],[-95.56,67.38],[-95.54,67.34],[-95.58,67.3],[-95.81,67.19],[-95.84,67.17],[-95.81,67.17],[-95.75,67.18],[-95.71,67.19],[-95.67,67.22],[-95.64,67.23],[-95.62,67.2],[-95.52,67.22],[-95.49,67.2],[-95.49,67.16],[-95.46,67.15],[-95.44,67.19],[-95.39,67.16],[-95.38,67.11],[-95.41,67.08],[-95.38,67.05],[-95.34,67.04],[-95.35,66.97],[-95.39,66.97],[-95.42,66.95],[-95.48,66.95],[-95.6,66.95],[-95.64,66.97],[-95.6,66.99],[-95.66,66.98],[-95.77,66.96],[-95.88,66.95],[-95.91,66.95],[-95.94,66.96],[-95.95,67.0],[-95.99,67.01],[-95.97,67.05],[-95.93,67.07],[-95.98,67.06],[-96.05,67.02],[-96.03,66.97],[-96.06,66.96],[-96.09,66.96],[-96.13,66.96],[-96.16,66.97],[-96.13,66.97],[-96.22,66.98],[-96.26,66.99],[-96.26,67.05],[-96.3,67.08],[-96.33,67.07],[-96.38,67.09],[-96.45,67.07],[-96.42,67.03],[-96.4,67.0],[-96.3,66.97],[-96.26,66.94],[-96.22,66.92],[-96.15,66.9],[-96.12,66.85],[-96.08,66.83],[-95.86,66.77],[-95.84,66.73],[-95.8,66.7],[-95.78,66.66],[-95.79,66.62],[-95.82,66.59],[-95.74,66.65],[-95.71,66.66],[-95.66,66.66],[-95.63,66.69],[-95.66,66.73],[-95.69,66.69],[-95.72,66.68],[-95.75,66.68],[-95.79,66.74],[-95.84,66.76],[-95.89,66.81],[-95.93,66.83],[-95.98,66.84],[-96.03,66.88],[-96.08,66.9],[-96.07,66.94],[-96.03,66.95],[-95.98,66.95],[-95.92,66.95],[-95.89,66.93],[-95.83,66.94],[-95.78,66.94],[-95.76,66.91],[-95.73,66.9],[-95.67,66.91],[-95.58,66.91],[-95.51,66.9],[-95.47,66.92],[-95.43,66.93],[-95.39,66.91],[-95.36,66.9],[-95.32,66.9],[-95.28,66.91],[-95.25,66.93],[-95.22,66.97],[-95.26,67.0],[-95.3,67.01],[-95.3,67.05],[-95.35,67.07],[-95.32,67.11],[-95.35,67.15],[-95.28,67.2],[-95.26,67.24],[-95.21,67.27],[-95.17,67.28],[-95.3,67.33],[-95.33,67.34],[-95.34,67.37],[-95.36,67.41],[-95.37,67.44],[-95.41,67.45],[-95.38,67.49],[-95.32,67.51],[-95.34,67.55],[-95.44,67.6],[-95.46,67.64],[-95.49,67.65],[-95.52,67.65],[-95.55,67.66],[-95.59,67.68],[-95.62,67.69],[-95.66,67.7],[-95.7,67.71],[-95.69,67.76],[-95.63,67.78],[-95.59,67.79],[-95.55,67.81],[-95.53,67.85],[-95.54,67.89],[-95.58,67.9],[-95.55,67.93],[-95.47,67.97],[-95.44,68.01],[-95.43,68.04],[-95.48,68.06],[-95.45,68.07],[-95.27,68.08],[-95.23,68.08],[-95.27,68.04],[-95.23,68.05],[-95.14,68.09],[-95.09,68.09],[-95.04,68.06],[-95.01,68.05],[-94.96,68.06],[-94.91,68.05],[-94.86,68.03],[-94.8,68.04],[-94.74,68.06],[-94.7,68.08],[-94.65,68.12],[-94.56,68.16],[-94.47,68.18],[-94.4,68.21],[-94.37,68.24],[-94.34,68.24],[-94.25,68.26],[-94.21,68.27],[-94.2,68.31],[-94.2,68.35],[-94.17,68.39],[-94.14,68.41],[-93.95,68.48],[-93.76,68.51],[-93.72,68.52],[-93.68,68.53],[-93.62,68.55],[-93.56,68.56],[-93.54,68.6],[-93.45,68.61],[-93.37,68.64],[-93.4,68.63],[-93.58,68.61],[-93.65,68.63],[-93.73,68.61],[-93.72,68.65],[-93.7,68.69],[-93.68,68.73],[-93.65,68.76],[-93.64,68.79],[-93.58,68.83],[-93.58,68.86],[-93.64,68.89],[-93.65,68.92],[-93.64,68.96],[-93.69,68.97],[-93.74,68.97],[-93.78,68.98],[-93.83,68.96],[-93.86,68.96],[-93.86,68.99],[-93.83,69.0],[-93.87,69.01],[-93.91,69.0],[-93.87,69.04],[-93.8,69.06],[-93.83,69.07],[-93.87,69.06],[-93.91,69.05],[-93.94,69.03],[-93.9,69.03],[-93.93,69.01],[-93.93,68.98],[-93.97,68.95],[-94.01,68.93],[-94.04,68.92],[-94.07,68.87],[-94.05,68.84],[-94.01,68.85],[-93.98,68.86],[-93.94,68.88],[-93.81,68.9],[-93.86,68.87],[-93.9,68.86],[-93.94,68.83],[-93.98,68.81],[-94.01,68.8],[-94.06,68.79],[-94.11,68.76],[-94.28,68.76],[-94.41,68.72],[-94.45,68.74],[-94.49,68.73],[-94.53,68.74],[-94.57,68.76],[-94.64,68.76],[-94.6,68.82],[-94.56,68.86],[-94.55,68.89],[-94.57,68.94],[-94.6,68.96],[-94.57,68.98],[-94.53,68.98],[-94.46,68.95],[-94.42,68.95],[-94.37,69.01],[-94.32,69.03],[-94.23,69.04],[-94.2,69.04],[-94.15,69.06],[-94.18,69.08],[-94.11,69.13],[-94.08,69.13],[-94.05,69.14],[-94.01,69.16],[-94.04,69.16],[-94.14,69.13],[-94.25,69.13],[-94.3,69.14],[-94.31,69.18],[-94.28,69.23],[-94.28,69.26],[-94.3,69.29],[-94.24,69.34],[-94.11,69.35],[-94.03,69.37],[-93.93,69.37],[-93.89,69.35],[-93.85,69.35],[-93.81,69.36],[-93.76,69.4],[-93.61,69.44],[-93.53,69.44],[-93.6,69.4],[-93.63,69.39],[-93.67,69.36],[-93.72,69.35],[-93.79,69.32],[-93.88,69.25],[-93.83,69.27],[-93.84,69.24],[-93.88,69.23],[-93.85,69.22],[-93.81,69.22],[-93.84,69.2],[-93.85,69.17],[-93.82,69.18],[-93.78,69.2],[-93.7,69.23],[-93.67,69.25],[-93.61,69.27],[-93.58,69.3],[-93.49,69.32],[-93.45,69.33],[-93.43,69.36],[-93.36,69.37],[-93.39,69.38],[-93.48,69.36],[-93.51,69.36],[-93.56,69.37],[-93.59,69.37],[-93.53,69.42],[-93.49,69.44],[-93.46,69.47],[-93.48,69.5],[-93.51,69.52],[-93.54,69.53],[-93.69,69.52],[-93.76,69.5],[-93.79,69.49],[-93.83,69.5],[-93.87,69.49],[-93.87,69.45],[-93.9,69.44],[-93.93,69.44],[-94.0,69.44],[-94.15,69.43],[-94.32,69.45],[-94.38,69.5],[-94.43,69.51],[-94.52,69.58],[-94.55,69.62],[-94.59,69.65],[-94.63,69.65],[-94.63,69.69],[-94.75,69.67],[-94.74,69.63],[-94.75,69.59],[-94.79,69.58],[-94.84,69.57],[-94.88,69.57],[-94.95,69.59],[-94.99,69.61],[-95.02,69.63],[-95.12,69.62],[-95.16,69.63],[-95.2,69.65],[-95.23,69.65],[-95.41,69.69],[-95.44,69.7],[-95.48,69.71],[-95.54,69.73],[-95.59,69.74],[-95.65,69.78],[-95.74,69.79],[-95.79,69.74],[-95.83,69.77],[-95.79,69.79],[-95.83,69.81],[-95.86,69.78],[-95.93,69.79],[-95.98,69.79],[-96.05,69.83],[-96.09,69.85],[-96.21,69.87],[-96.16,69.88],[-96.11,69.87],[-96.08,69.88],[-96.12,69.9],[-96.09,69.91],[-96.1,69.95],[-96.13,69.96],[-96.17,69.97],[-96.22,69.96],[-96.26,69.97],[-96.49,70.1],[-96.53,70.13],[-96.54,70.17],[-96.56,70.21],[-96.56,70.32],[-96.51,70.37],[-96.44,70.41],[-96.4,70.41],[-96.36,70.41],[-96.33,70.45],[-96.33,70.49],[-96.3,70.52],[-96.26,70.55],[-96.23,70.57],[-96.19,70.53],[-96.14,70.54],[-96.13,70.58],[-96.1,70.59],[-96.07,70.59],[-96.0,70.56],[-95.85,70.54],[-95.81,70.54],[-95.92,70.56],[-95.96,70.57],[-96.0,70.59],[-96.04,70.6],[-96.05,70.64],[-95.96,70.68],[-95.9,70.69],[-95.87,70.71],[-95.83,70.71],[-95.9,70.71],[-96.12,70.66],[-96.16,70.63],[-96.19,70.62],[-96.27,70.64],[-96.35,70.67],[-96.4,70.69],[-96.44,70.74],[-96.47,70.75],[-96.57,70.77],[-96.6,70.79],[-96.62,70.83],[-96.6,70.86],[-96.54,70.92],[-96.51,70.98],[-96.49,71.01],[-96.5,71.05],[-96.47,71.05],[-96.44,71.05],[-96.38,71.09],[-96.42,71.12],[-96.44,71.09],[-96.49,71.09],[-96.54,71.12],[-96.53,71.15],[-96.46,71.17],[-96.41,71.16],[-96.45,71.19],[-96.45,71.23],[-96.43,71.26],[-96.48,71.26],[-96.48,71.29],[-96.45,71.3],[-96.33,71.3],[-96.28,71.31],[-96.27,71.34],[-96.24,71.37],[-96.21,71.39],[-96.13,71.41],[-95.99,71.42],[-95.92,71.4],[-95.88,71.37],[-95.84,71.35],[-95.66,71.29],[-95.63,71.29],[-95.59,71.3],[-95.56,71.29],[-95.52,71.33],[-95.58,71.35],[-95.47,71.36],[-95.44,71.37],[-95.48,71.39],[-95.51,71.4],[-95.55,71.42],[-95.52,71.45],[-95.49,71.46],[-95.46,71.47],[-95.38,71.51],[-95.44,71.51],[-95.48,71.5],[-95.63,71.49],[-95.66,71.5],[-95.69,71.51],[-95.81,71.51],[-95.86,71.54],[-95.92,71.55],[-95.89,71.58],[-95.88,71.62],[-95.85,71.63],[-95.78,71.63],[-95.74,71.63],[-95.68,71.65],[-95.62,71.68],[-95.59,71.69],[-95.56,71.7],[-95.52,71.72],[-95.49,71.72],[-95.3,71.72],[-95.26,71.74],[-95.29,71.76],[-95.26,71.79],[-95.22,71.83],[-95.14,71.83],[-95.08,71.85],[-95.02,71.84],[-94.99,71.85],[-94.83,71.84],[-94.79,71.83],[-94.74,71.83],[-94.69,71.84],[-94.65,71.85],[-94.61,71.87],[-94.64,71.87],[-94.76,71.84],[-94.82,71.85],[-95.1,71.86],[-95.15,71.85],[-95.18,71.85],[-95.22,71.85],[-95.25,71.86],[-95.23,71.89],[-95.26,71.9],[-95.21,71.93],[-94.89,71.98],[-94.55,72.0],[-94.49,71.99],[-94.47,71.96],[-94.4,71.95],[-94.4,71.92],[-94.45,71.91],[-94.48,71.91],[-94.51,71.9],[-94.47,71.89],[-94.48,71.85],[-94.55,71.85],[-94.59,71.84],[-94.65,71.82],[-94.61,71.8],[-94.62,71.76],[-94.55,71.76],[-94.51,71.81],[-94.47,71.82],[-94.44,71.8],[-94.39,71.81],[-94.35,71.8],[-94.39,71.78],[-94.4,71.73],[-94.41,71.68],[-94.28,71.74],[-94.24,71.78],[-94.21,71.79],[-94.16,71.78],[-94.12,71.76],[-94.05,71.79],[-94.01,71.78],[-93.97,71.75],[-93.9,71.75],[-93.87,71.76],[-93.81,71.78],[-93.76,71.78],[-93.72,71.77],[-93.7,71.73],[-93.72,71.7],[-93.82,71.66],[-93.74,71.63],[-93.63,71.58],[-93.54,71.55],[-93.42,71.54],[-93.38,71.52],[-93.26,71.48],[-93.22,71.47],[-93.19,71.44],[-93.17,71.39],[-93.13,71.38],[-93.05,71.37],[-93.02,71.37],[-92.99,71.36],[-93.0,71.32],[-92.96,71.31],[-92.94,71.26],[-92.94,71.22],[-92.88,71.19],[-92.86,71.15],[-92.86,71.11],[-92.89,71.07],[-92.85,71.05],[-92.88,71.02],[-92.9,70.99],[-92.9,70.94],[-92.91,70.9],[-92.88,70.87],[-92.85,70.86],[-92.91,70.85],[-92.94,70.85],[-93.0,70.87],[-93.03,70.88],[-93.02,70.85],[-92.95,70.82],[-92.82,70.81],[-92.77,70.8],[-92.74,70.79],[-92.69,70.77],[-92.67,70.74],[-92.72,70.73],[-92.67,70.72],[-92.69,70.69],[-92.66,70.69],[-92.61,70.69],[-92.42,70.67],[-92.35,70.65],[-92.31,70.64],[-92.3,70.61],[-92.34,70.6],[-92.3,70.57],[-92.27,70.61],[-92.22,70.62],[-92.18,70.6],[-92.18,70.57],[-92.23,70.57],[-92.26,70.56],[-92.23,70.53],[-92.2,70.52],[-92.23,70.51],[-92.29,70.49],[-92.25,70.49],[-92.18,70.47],[-92.14,70.47],[-92.11,70.45],[-92.04,70.42],[-92.01,70.4],[-92.02,70.37],[-91.98,70.37],[-91.99,70.33],[-92.04,70.31],[-92.09,70.31],[-92.03,70.31],[-92.0,70.3],[-91.96,70.27],[-91.92,70.3],[-91.85,70.3],[-91.89,70.33],[-91.9,70.36],[-91.85,70.37],[-91.81,70.36],[-91.76,70.35],[-91.72,70.36],[-91.7,70.33],[-91.7,70.26],[-91.69,70.23],[-91.65,70.23],[-91.62,70.22],[-91.56,70.2],[-91.53,70.18],[-91.55,70.14],[-91.7,70.13],[-91.81,70.14],[-91.84,70.14],[-91.88,70.13],[-92.0,70.12],[-92.05,70.13],[-92.08,70.16],[-92.12,70.17],[-92.21,70.18],[-92.26,70.24],[-92.3,70.26],[-92.37,70.24],[-92.3,70.22],[-92.27,70.2],[-92.31,70.19],[-92.37,70.18],[-92.48,70.18],[-92.45,70.17],[-92.41,70.16],[-92.45,70.13],[-92.47,70.1],[-92.53,70.09],[-92.59,70.08],[-92.53,70.08],[-92.49,70.05],[-92.46,70.05],[-92.31,70.09],[-92.11,70.09],[-92.05,70.08],[-91.99,70.06],[-91.94,70.02],[-92.02,70.0],[-92.07,70.0],[-92.22,69.91],[-92.27,69.91],[-92.24,69.89],[-92.34,69.86],[-92.38,69.85],[-92.42,69.84],[-92.49,69.82],[-92.54,69.82],[-92.55,69.78],[-92.6,69.77],[-92.64,69.79],[-92.67,69.78],[-92.84,69.71],[-92.87,69.71],[-92.54,69.72],[-92.62,69.71],[-92.65,69.7],[-92.71,69.68],[-92.74,69.67],[-92.81,69.68],[-92.86,69.69],[-92.92,69.68],[-92.86,69.66],[-92.83,69.66],[-92.77,69.67],[-92.7,69.66],[-92.67,69.65],[-92.6,69.68],[-92.47,69.7],[-92.41,69.68],[-92.37,69.71],[-92.34,69.7],[-92.35,69.66],[-92.26,69.67],[-92.23,69.66],[-92.18,69.63],[-92.11,69.63],[-92.25,69.63],[-92.29,69.65],[-92.24,69.61],[-92.18,69.59],[-92.14,69.58],[-92.1,69.56],[-91.97,69.53],[-91.94,69.52],[-91.87,69.51],[-91.82,69.49],[-91.77,69.53],[-91.74,69.53],[-91.71,69.54],[-91.74,69.55],[-91.71,69.56],[-91.65,69.56],[-91.6,69.58],[-91.59,69.61],[-91.56,69.63],[-91.51,69.64],[-91.46,69.67],[-91.35,69.66],[-91.31,69.66],[-91.26,69.65],[-91.2,69.66],[-91.17,69.66],[-91.17,69.63],[-91.09,69.64],[-91.13,69.62],[-91.19,69.62],[-91.22,69.61],[-91.32,69.56],[-91.36,69.55],[-91.54,69.53],[-91.5,69.52],[-91.35,69.52],[-91.32,69.54],[-91.19,69.56],[-91.15,69.54],[-91.11,69.51],[-91.01,69.53],[-90.98,69.52],[-90.9,69.54],[-90.88,69.5],[-90.75,69.49],[-90.75,69.52],[-90.72,69.53],[-90.68,69.54],[-90.65,69.54],[-90.5,69.51],[-90.47,69.5],[-90.44,69.49],[-90.4,69.46],[-90.37,69.44],[-90.33,69.45],[-90.48,69.45],[-90.52,69.43],[-90.56,69.43],[-90.6,69.43],[-90.7,69.45],[-90.67,69.44],[-90.63,69.43],[-90.6,69.42],[-90.65,69.41],[-90.7,69.4],[-90.74,69.39],[-90.8,69.37],[-90.82,69.33],[-90.81,69.29],[-90.94,69.25],[-90.91,69.27],[-90.95,69.26],[-90.93,69.29],[-91.07,69.27],[-91.07,69.3],[-91.01,69.31],[-90.96,69.35],[-91.01,69.35],[-91.09,69.31],[-91.16,69.29],[-91.19,69.29],[-91.25,69.3],[-91.45,69.36],[-91.39,69.33],[-91.26,69.28],[-91.18,69.27],[-91.15,69.26],[-91.03,69.22],[-90.86,69.14],[-90.82,69.14],[-90.77,69.11],[-90.74,69.1],[-90.67,69.09],[-90.66,69.06],[-90.7,69.04],[-90.71,69.01],[-90.62,69.0],[-90.58,68.95],[-90.61,68.93],[-90.53,68.91],[-90.45,68.89],[-90.47,68.86],[-90.44,68.85],[-90.5,68.84],[-90.54,68.84],[-90.6,68.8],[-90.56,68.8],[-90.48,68.83],[-90.44,68.83],[-90.48,68.8],[-90.45,68.79],[-90.49,68.77],[-90.53,68.75],[-90.5,68.72],[-90.49,68.69],[-90.53,68.65],[-90.57,68.63],[-90.53,68.62],[-90.5,68.6],[-90.53,68.58],[-90.51,68.55],[-90.5,68.52],[-90.52,68.49],[-90.6,68.46],[-90.57,68.43],[-90.5,68.41],[-90.32,68.38],[-90.36,68.37],[-90.48,68.34],[-90.39,68.35],[-90.34,68.35],[-90.31,68.34],[-90.32,68.3],[-90.28,68.25],[-90.24,68.23],[-90.19,68.24],[-90.15,68.25],[-90.12,68.26],[-90.16,68.3],[-90.11,68.33],[-90.07,68.34],[-90.02,68.37],[-89.99,68.41],[-89.98,68.45],[-89.92,68.45],[-89.91,68.48],[-89.87,68.48],[-89.85,68.52],[-89.82,68.54],[-89.87,68.54],[-89.9,68.55],[-89.94,68.59],[-89.94,68.62],[-89.91,68.63],[-89.9,68.66],[-89.85,68.68],[-89.82,68.71],[-89.77,68.7],[-89.76,68.65],[-89.72,68.65],[-89.73,68.69],[-89.72,68.73],[-89.7,68.77],[-89.7,68.8],[-89.74,68.83],[-89.73,68.89],[-89.75,68.92],[-89.75,68.95],[-89.73,68.99],[-89.71,69.02],[-89.67,69.04],[-89.54,69.09],[-89.44,69.15],[-89.41,69.18],[-89.38,69.22],[-89.33,69.25],[-89.26,69.26],[-89.2,69.28],[-89.04,69.27],[-88.94,69.23],[-88.93,69.2],[-88.89,69.18],[-88.86,69.15],[-88.73,69.08],[-88.56,69.03],[-88.52,69.01],[-88.45,69.0],[-88.25,68.93],[-88.02,68.81],[-87.98,68.77],[-87.95,68.73],[-87.93,68.69],[-87.92,68.65],[-87.95,68.61],[-87.93,68.57],[-87.89,68.54],[-87.88,68.5],[-87.83,68.47],[-87.84,68.43],[-87.8,68.4],[-87.8,68.37],[-87.8,68.34],[-87.81,68.3],[-87.84,68.26],[-87.89,68.24],[-87.93,68.21],[-87.99,68.23],[-88.03,68.24],[-88.09,68.24],[-88.12,68.25],[-88.16,68.24],[-88.19,68.27],[-88.18,68.36],[-88.26,68.34],[-88.3,68.32],[-88.4,68.29],[-88.39,68.26],[-88.34,68.23],[-88.32,68.19],[-88.28,68.13],[-88.33,68.08],[-88.35,68.04],[-88.37,68.01],[-88.37,67.98],[-88.35,67.94],[-88.33,67.9],[-88.3,67.86],[-88.29,67.83],[-88.27,67.79],[-88.18,67.75],[-88.17,67.71],[-88.11,67.66],[-88.07,67.63],[-87.98,67.62],[-87.94,67.6],[-87.91,67.58],[-87.87,67.56],[-87.82,67.52],[-87.71,67.48],[-87.66,67.43],[-87.57,67.39],[-87.48,67.36],[-87.46,67.33],[-87.45,67.27],[-87.4,67.28],[-87.36,67.27],[-87.37,67.24],[-87.41,67.23],[-87.45,67.21],[-87.49,67.2],[-87.51,67.15],[-87.48,67.13],[-87.43,67.17],[-87.37,67.18],[-87.33,67.17],[-87.31,67.14],[-87.3,67.1],[-87.26,67.18],[-87.23,67.19],[-87.23,67.23],[-87.2,67.22],[-87.16,67.24],[-87.12,67.21],[-87.08,67.21],[-87.08,67.25],[-87.05,67.26],[-87.01,67.25],[-86.98,67.25],[-87.01,67.29],[-87.05,67.32],[-87.09,67.34],[-87.04,67.35],[-87.0,67.33],[-86.96,67.33],[-86.97,67.36],[-86.93,67.38],[-86.9,67.4],[-86.81,67.42],[-86.78,67.42],[-86.74,67.41],[-86.69,67.37],[-86.65,67.36],[-86.62,67.4],[-86.58,67.35],[-86.55,67.35],[-86.52,67.37],[-86.53,67.42],[-86.5,67.45],[-86.47,67.48],[-86.48,67.53],[-86.48,67.57],[-86.45,67.61],[-86.49,67.62],[-86.5,67.66],[-86.48,67.72],[-86.39,67.81],[-86.34,67.84],[-86.29,67.87],[-86.25,67.89],[-86.19,67.91],[-86.14,67.95],[-86.13,68.0],[-86.1,67.98],[-86.06,68.0],[-86.03,68.01],[-85.9,68.05],[-85.91,68.09],[-85.89,68.13],[-85.86,68.13],[-85.89,68.18],[-85.85,68.2],[-85.8,68.2],[-85.84,68.23],[-85.84,68.27],[-85.81,68.3],[-85.8,68.34],[-85.72,68.4],[-85.74,68.43],[-85.7,68.44],[-85.73,68.47],[-85.72,68.51],[-85.72,68.55],[-85.74,68.61],[-85.73,68.64],[-85.7,68.66],[-85.68,68.7],[-85.67,68.73],[-85.64,68.74],[-85.61,68.75],[-85.56,68.73],[-85.52,68.73],[-85.49,68.74],[-85.46,68.76],[-85.56,68.78],[-85.41,68.77],[-85.36,68.76],[-85.36,68.73],[-85.22,68.72],[-85.26,68.75],[-85.2,68.76],[-85.12,68.75],[-84.96,68.76],[-84.9,68.75],[-84.81,68.73],[-84.76,68.76],[-84.8,68.79],[-84.84,68.82],[-84.9,68.82],[-84.97,68.81],[-85.15,68.83],[-85.18,68.85],[-85.17,68.88],[-85.04,68.87],[-85.01,68.88],[-85.06,68.9],[-85.01,68.92],[-85.15,68.95],[-85.12,68.96],[-85.08,68.96],[-84.96,68.95],[-84.92,68.94],[-84.88,68.94],[-84.8,68.93],[-84.82,68.97],[-84.91,68.97],[-84.94,68.98],[-84.97,69.0],[-84.84,69.01],[-84.81,69.03],[-84.72,69.01],[-84.67,69.01],[-84.62,69.0],[-84.58,69.0],[-84.54,69.01],[-84.65,69.03],[-84.68,69.04],[-84.73,69.04],[-84.75,69.09],[-84.89,69.08],[-84.92,69.08],[-84.95,69.09],[-85.03,69.12],[-84.98,69.13],[-85.01,69.15],[-85.1,69.12],[-85.14,69.13],[-85.11,69.16],[-85.07,69.16],[-85.02,69.16],[-84.99,69.17],[-85.17,69.17],[-85.2,69.14],[-85.27,69.14],[-85.32,69.15],[-85.22,69.17],[-85.25,69.2],[-85.35,69.2],[-85.39,69.22],[-85.43,69.26],[-85.48,69.28],[-85.5,69.32],[-85.47,69.33],[-85.42,69.31],[-85.39,69.31],[-85.36,69.31],[-85.41,69.34],[-85.44,69.34],[-85.45,69.37],[-85.48,69.38],[-85.51,69.41],[-85.48,69.41],[-85.41,69.41],[-85.39,69.44],[-85.34,69.44],[-85.38,69.46],[-85.42,69.47],[-85.46,69.45],[-85.51,69.45],[-85.54,69.48],[-85.51,69.5],[-85.53,69.53],[-85.48,69.55],[-85.39,69.56],[-85.5,69.62],[-85.54,69.65],[-85.51,69.68],[-85.47,69.68],[-85.44,69.71],[-85.45,69.74],[-85.5,69.75],[-85.43,69.79],[-85.4,69.79],[-85.41,69.76],[-85.37,69.76],[-85.33,69.78],[-85.34,69.81],[-85.59,69.83],[-85.56,69.86],[-85.36,69.85],[-85.32,69.85],[-85.17,69.79],[-85.1,69.78],[-85.06,69.78],[-85.03,69.81],[-84.91,69.81],[-84.88,69.82],[-84.9,69.85],[-84.86,69.86],[-84.77,69.84],[-84.73,69.84],[-84.69,69.85],[-84.34,69.86],[-84.3,69.83],[-84.25,69.84],[-84.17,69.82],[-84.03,69.76],[-83.81,69.73],[-83.75,69.71],[-83.69,69.71],[-83.5,69.69],[-83.45,69.69],[-83.36,69.68],[-83.33,69.69],[-83.28,69.7],[-83.25,69.71],[-83.02,69.68],[-82.9,69.69],[-82.69,69.68],[-82.66,69.69],[-82.7,69.7],[-82.63,69.7],[-82.6,69.7],[-82.57,69.69],[-82.42,69.65],[-82.25,69.64],[-82.41,69.62],[-82.46,69.64],[-82.62,69.65],[-82.65,69.63],[-82.55,69.6],[-82.58,69.59],[-82.75,69.58],[-82.62,69.57],[-82.58,69.55],[-82.48,69.5],[-82.52,69.49],[-82.88,69.53],[-83.25,69.56],[-83.29,69.55],[-83.19,69.54],[-82.74,69.48],[-82.28,69.42],[-82.25,69.41],[-82.39,69.41],[-82.36,69.39],[-82.31,69.36],[-82.24,69.35],[-82.2,69.33],[-82.17,69.32],[-82.14,69.3],[-82.17,69.29],[-82.23,69.3],[-82.29,69.26],[-82.24,69.24],[-82.03,69.25],[-81.99,69.28],[-81.75,69.27],[-81.64,69.25],[-81.5,69.2],[-81.47,69.2],[-81.42,69.21],[-81.36,69.2],[-81.32,69.14],[-81.27,69.1],[-81.36,69.1],[-81.39,69.1],[-81.48,69.06],[-81.55,69.0],[-81.58,68.99],[-81.61,68.99],[-81.64,68.99],[-81.67,68.99],[-81.71,68.95],[-81.89,68.93],[-82.01,68.9],[-82.06,68.88],[-81.88,68.9],[-81.84,68.91],[-81.81,68.91],[-81.77,68.9],[-81.74,68.91],[-81.7,68.91],[-81.67,68.9],[-81.64,68.89],[-81.6,68.88],[-81.58,68.85],[-81.53,68.84],[-81.5,68.86],[-81.45,68.87],[-81.42,68.88],[-81.38,68.87],[-81.29,68.81],[-81.25,68.79],[-81.25,68.76],[-81.27,68.71],[-81.26,68.67],[-81.27,68.64],[-81.34,68.62],[-81.4,68.59],[-81.45,68.58],[-81.48,68.57],[-81.63,68.51],[-81.67,68.51],[-81.77,68.53],[-81.81,68.53],[-81.8,68.49],[-81.83,68.47],[-81.86,68.46],[-81.92,68.45],[-81.95,68.43],[-82.02,68.43],[-82.06,68.5],[-82.09,68.51],[-82.14,68.51],[-82.23,68.53],[-82.27,68.54],[-82.22,68.5],[-82.18,68.5],[-82.19,68.47],[-82.22,68.46],[-82.27,68.46],[-82.43,68.48],[-82.47,68.48],[-82.57,68.53],[-82.61,68.53],[-82.64,68.51],[-82.59,68.5],[-82.55,68.47],[-82.5,68.46],[-82.56,68.44],[-82.6,68.44],[-82.63,68.45],[-82.63,68.41],[-82.6,68.41],[-82.52,68.41],[-82.48,68.39],[-82.37,68.36],[-82.38,68.32],[-82.47,68.32],[-82.51,68.32],[-82.48,68.3],[-82.44,68.28],[-82.41,68.27],[-82.37,68.27],[-82.3,68.29],[-82.27,68.29],[-82.26,68.26],[-82.28,68.22],[-82.34,68.18],[-82.31,68.15],[-82.21,68.12],[-82.17,68.12],[-82.14,68.13],[-82.11,68.15],[-82.08,68.18],[-82.04,68.22],[-81.99,68.22],[-82.02,68.13],[-82.05,68.12],[-82.11,68.11],[-82.11,68.07],[-82.14,68.05],[-82.16,68.01],[-82.14,67.97],[-82.11,67.92],[-82.06,67.89],[-82.0,67.87],[-81.97,67.86],[-81.89,67.81],[-81.83,67.81],[-81.82,67.77],[-81.75,67.75],[-81.72,67.74],[-81.64,67.69],[-81.58,67.66],[-81.46,67.63],[-81.4,67.6],[-81.34,67.55],[-81.31,67.52],[-81.27,67.49],[-81.24,67.46],[-81.29,67.4],[-81.31,67.37],[-81.32,67.34],[-81.35,67.28],[-81.37,67.2],[-81.42,67.13],[-81.42,67.1],[-81.45,67.07],[-81.49,67.06],[-81.49,67.02],[-81.53,67.0],[-81.63,67.01],[-81.66,66.99],[-81.72,66.97],[-81.82,67.0],[-81.88,66.99],[-81.95,66.98],[-81.98,66.97],[-81.99,66.94],[-82.03,66.93],[-82.09,66.86],[-82.13,66.81],[-82.16,66.79],[-82.18,66.75],[-82.16,66.71],[-82.37,66.73],[-82.38,66.7],[-82.46,66.68],[-82.48,66.65],[-82.54,66.64],[-82.58,66.59],[-82.63,66.56],[-82.85,66.57],[-82.91,66.55],[-83.0,66.56],[-83.03,66.5],[-83.06,66.48],[-83.13,66.46],[-83.26,66.4],[-83.3,66.39],[-83.37,66.35],[-83.45,66.35],[-83.5,66.36],[-83.56,66.35],[-83.59,66.36],[-83.64,66.4],[-83.64,66.44],[-83.61,66.44],[-83.58,66.4],[-83.55,66.39],[-83.56,66.43],[-83.59,66.44],[-83.64,66.47],[-83.67,66.52],[-83.73,66.54],[-83.85,66.55],[-83.89,66.57],[-83.94,66.59],[-83.98,66.59],[-83.97,66.62],[-84.01,66.63],[-84.01,66.67],[-84.0,66.7],[-83.96,66.71],[-83.91,66.69],[-83.91,66.65],[-83.88,66.66],[-83.86,66.69],[-83.91,66.72],[-83.95,66.74],[-83.94,66.77],[-83.9,66.79],[-83.88,66.84],[-83.92,66.89],[-83.93,66.84],[-83.97,66.81],[-84.02,66.8],[-84.05,66.79],[-84.1,66.75],[-84.1,66.72],[-84.14,66.71],[-84.27,66.73],[-84.3,66.74],[-84.27,66.78],[-84.3,66.8],[-84.41,66.81],[-84.44,66.83],[-84.39,66.84],[-84.24,66.83],[-84.37,66.87],[-84.41,66.89],[-84.39,66.92],[-84.44,66.94],[-84.49,66.94],[-84.57,66.97],[-84.53,66.98],[-84.42,66.96],[-84.37,66.97],[-84.81,67.03],[-84.84,67.04],[-84.91,67.06],[-84.94,67.06],[-84.9,67.04],[-84.94,67.04],[-84.84,67.02],[-84.88,66.99],[-84.85,66.99],[-84.8,67.0],[-84.77,67.01],[-84.74,67.01],[-84.7,67.0],[-84.67,66.99],[-84.64,66.98],[-85.0,66.97],[-85.21,66.92],[-85.16,66.91],[-85.18,66.88],[-85.23,66.89],[-85.19,66.85],[-85.15,66.84],[-85.1,66.84],[-85.06,66.86],[-84.98,66.86],[-84.94,66.87],[-84.91,66.91],[-84.98,66.92],[-84.92,66.92],[-84.89,66.92],[-84.77,66.96],[-84.73,66.94],[-84.6,66.94],[-84.59,66.9],[-84.75,66.9],[-84.7,66.9],[-84.62,66.88],[-84.54,66.85],[-84.51,66.82],[-84.55,66.83],[-84.65,66.85],[-84.69,66.84],[-84.65,66.82],[-84.55,66.82],[-84.5,66.81],[-84.44,66.79],[-84.34,66.78],[-84.42,66.73],[-84.45,66.72],[-84.37,66.71],[-84.33,66.68],[-84.27,66.7],[-84.23,66.69],[-84.17,66.69],[-84.14,66.69],[-84.15,66.65],[-84.18,66.61],[-84.22,66.6],[-84.08,66.52],[-84.04,66.51],[-84.01,66.49],[-83.98,66.48],[-83.93,66.46],[-83.89,66.43],[-83.87,66.35],[-83.83,66.31],[-83.78,66.3],[-83.77,66.27],[-83.7,66.23],[-83.71,66.19],[-83.76,66.18],[-83.81,66.16],[-83.86,66.16],[-83.83,66.18],[-83.79,66.2],[-83.83,66.21],[-83.92,66.2],[-83.97,66.2],[-84.0,66.23],[-84.09,66.25],[-84.12,66.26],[-84.15,66.3],[-84.18,66.32],[-84.23,66.32],[-84.3,66.3],[-84.35,66.28],[-84.39,66.29],[-84.41,66.34],[-84.45,66.38],[-84.48,66.38],[-84.51,66.39],[-84.54,66.41],[-84.59,66.36],[-84.64,66.34],[-84.6,66.32],[-84.55,66.3],[-84.51,66.27],[-84.43,66.23],[-84.4,66.21],[-84.38,66.17],[-84.48,66.17],[-84.54,66.19],[-84.61,66.21],[-84.75,66.22],[-84.78,66.23],[-84.82,66.24],[-84.85,66.26],[-84.89,66.27],[-84.93,66.26],[-84.98,66.25],[-85.02,66.27],[-85.06,66.28],[-85.09,66.31],[-85.14,66.33],[-85.14,66.29],[-85.18,66.27],[-85.22,66.27],[-85.26,66.28],[-85.28,66.33],[-85.28,66.36],[-85.31,66.37],[-85.3,66.41],[-85.32,66.44],[-85.32,66.48],[-85.35,66.5],[-85.38,66.52],[-85.42,66.57],[-85.47,66.57],[-85.53,66.57],[-85.68,66.53],[-85.75,66.52],[-85.78,66.5],[-85.84,66.5],[-85.91,66.52],[-86.14,66.5],[-86.19,66.52],[-86.26,66.52],[-86.3,66.53],[-86.33,66.55],[-86.36,66.55],[-86.38,66.52],[-86.42,66.52],[-86.53,66.55],[-86.57,66.56],[-86.6,66.56],[-86.62,66.51],[-86.68,66.52],[-86.74,66.53],[-86.78,66.52],[-86.75,66.5],[-86.63,66.44],[-86.67,66.43],[-86.79,66.45],[-86.69,66.37],[-86.65,66.33],[-86.62,66.31],[-86.54,66.31],[-86.47,66.3],[-86.34,66.29],[-86.28,66.27],[-85.96,66.2],[-85.89,66.19],[-85.86,66.16],[-85.9,66.15],[-85.93,66.12],[-85.97,66.1],[-85.99,66.05],[-86.06,66.0],[-86.09,65.99],[-86.16,65.99],[-86.19,65.98],[-86.2,65.94],[-86.23,65.93],[-86.26,65.93],[-86.29,65.93],[-86.33,65.91],[-86.4,65.91],[-86.43,65.9],[-86.44,65.87],[-86.47,65.84],[-86.49,65.8],[-86.46,65.79],[-86.46,65.75],[-86.52,65.71],[-86.55,65.67],[-86.59,65.67],[-86.62,65.67],[-86.66,65.66],[-86.69,65.65],[-86.73,65.62],[-86.79,65.58],[-86.83,65.56],[-86.9,65.56],[-86.97,65.54],[-87.0,65.51],[-87.07,65.49],[-87.11,65.46],[-87.07,65.43],[-87.08,65.4],[-87.16,65.39],[-87.2,65.37],[-87.26,65.36],[-87.31,65.34],[-87.38,65.33],[-87.65,65.33],[-87.93,65.33],[-88.06,65.36],[-88.17,65.4],[-88.21,65.41],[-88.25,65.44],[-88.29,65.46],[-88.33,65.49],[-88.36,65.5],[-88.42,65.53],[-88.46,65.55],[-88.55,65.58],[-88.58,65.59],[-88.66,65.6],[-88.69,65.61],[-88.72,65.62],[-88.76,65.63],[-88.83,65.65],[-88.58,65.65],[-88.48,65.63],[-88.42,65.62],[-88.45,65.64],[-88.74,65.67],[-88.78,65.68],[-88.82,65.69],[-88.85,65.7],[-88.97,65.7],[-89.05,65.72],[-89.11,65.73],[-89.14,65.75],[-89.23,65.8],[-89.27,65.81],[-89.31,65.81],[-89.41,65.87],[-89.45,65.88],[-89.48,65.87],[-89.51,65.86],[-89.53,65.89],[-89.64,65.92],[-89.67,65.94],[-89.71,65.95],[-89.76,65.94],[-89.97,65.96],[-90.0,65.95],[-89.77,65.89],[-89.74,65.88],[-89.73,65.84],[-89.77,65.82],[-89.8,65.82],[-89.84,65.83],[-89.87,65.84],[-89.9,65.86],[-89.97,65.87],[-90.03,65.89],[-90.11,65.89],[-90.14,65.89],[-90.17,65.87],[-90.23,65.86],[-90.3,65.86],[-90.44,65.88],[-90.4,65.9],[-90.37,65.9],[-90.29,65.9],[-90.22,65.91],[-90.4,65.91],[-90.72,65.92],[-91.05,65.94],[-91.09,65.95],[-91.18,65.95],[-91.31,65.98],[-91.35,65.97],[-91.38,65.96],[-91.46,65.96],[-91.5,65.95],[-91.12,65.84],[-91.06,65.82],[-91.03,65.81],[-91.0,65.82],[-91.07,65.86],[-91.11,65.9],[-91.07,65.93],[-90.96,65.92],[-90.9,65.9],[-90.7,65.89],[-90.53,65.88],[-90.3,65.84],[-90.09,65.82],[-89.96,65.79],[-89.85,65.75],[-89.77,65.74],[-89.74,65.73],[-89.64,65.67],[-89.61,65.65],[-89.58,65.64],[-89.49,65.62],[-89.45,65.59],[-89.45,65.56],[-89.41,65.51],[-89.26,65.46],[-89.22,65.45],[-89.18,65.44],[-89.15,65.42],[-89.13,65.38],[-89.09,65.35],[-89.04,65.33],[-88.97,65.34],[-88.93,65.34],[-88.9,65.33],[-88.62,65.31],[-88.55,65.3],[-88.12,65.28],[-88.08,65.27],[-88.05,65.27],[-87.98,65.28],[-87.94,65.29],[-87.83,65.28],[-87.78,65.27],[-87.75,65.27],[-87.71,65.3],[-87.66,65.3],[-87.61,65.29],[-87.53,65.27],[-87.37,65.28],[-87.05,65.24],[-87.06,65.21],[-87.03,65.19],[-86.98,65.18],[-86.95,65.17],[-86.94,65.14],[-86.98,65.12],[-86.99,65.08],[-87.0,65.04],[-87.08,65.02],[-87.11,65.0],[-87.08,64.97],[-87.11,64.95],[-87.14,64.94],[-87.17,64.94],[-87.2,64.91],[-87.24,64.88],[-87.28,64.85],[-87.3,64.81],[-87.3,64.77],[-87.36,64.76],[-87.42,64.72],[-87.47,64.72],[-87.49,64.75],[-87.53,64.71],[-87.51,64.66],[-87.51,64.63],[-87.55,64.61],[-87.57,64.58],[-87.6,64.56],[-87.76,64.52],[-87.81,64.52],[-87.82,64.48],[-87.85,64.45],[-87.86,64.42],[-87.87,64.36],[-87.9,64.33],[-88.02,64.27],[-88.05,64.24],[-88.0,64.21],[-88.04,64.18],[-88.09,64.15],[-88.13,64.14],[-88.22,64.14],[-88.27,64.12],[-88.31,64.11],[-88.48,64.05],[-88.56,64.05],[-88.59,64.02],[-88.67,64.01],[-88.71,63.97],[-88.78,63.98],[-88.83,63.99],[-88.87,63.98],[-88.9,64.01],[-88.97,63.99],[-89.0,63.99],[-89.06,64.03],[-89.1,64.04],[-89.15,64.06],[-89.18,64.08],[-89.21,64.12],[-89.24,64.15],[-89.29,64.14],[-89.23,64.11],[-89.18,64.04],[-89.11,63.99],[-89.07,63.96],[-89.02,63.95],[-89.05,63.95],[-89.15,63.95],[-89.18,63.97],[-89.24,64.0],[-89.27,64.01],[-89.26,63.98],[-89.29,63.99],[-89.33,64.02],[-89.38,64.04],[-89.44,64.02],[-89.5,64.06],[-89.53,64.08],[-89.57,64.08],[-89.56,64.03],[-89.54,63.99],[-89.48,63.95],[-89.51,63.95],[-89.54,63.97],[-89.59,64.02],[-89.66,64.06],[-89.69,64.08],[-89.72,64.08],[-89.71,64.03],[-89.73,64.06],[-89.83,64.11],[-89.79,64.14],[-89.76,64.14],[-89.75,64.18],[-89.75,64.22],[-89.79,64.25],[-89.81,64.21],[-89.87,64.21],[-89.83,64.18],[-89.82,64.15],[-89.86,64.15],[-89.91,64.16],[-89.94,64.17],[-89.97,64.17],[-90.0,64.16],[-90.05,64.14],[-90.13,64.13],[-90.07,64.12],[-90.03,64.1],[-89.96,64.12],[-89.91,64.1],[-89.94,64.1],[-89.93,64.05],[-89.9,64.05],[-89.87,64.03],[-89.91,64.02],[-89.84,63.99],[-89.81,63.95],[-89.85,63.92],[-89.9,63.93],[-89.95,63.92],[-90.0,63.93],[-89.97,63.94],[-89.97,63.98],[-90.0,63.99],[-90.04,63.96],[-90.08,63.97],[-90.12,63.96],[-90.15,63.99],[-90.19,64.01],[-90.22,64.01],[-90.25,64.01],[-90.28,64.01],[-90.22,63.99],[-90.14,63.94],[-90.09,63.92],[-90.13,63.92],[-90.1,63.9],[-90.0,63.84],[-89.97,63.82],[-89.97,63.78],[-90.01,63.78],[-90.12,63.78],[-90.07,63.76],[-90.09,63.72],[-90.14,63.7],[-90.17,63.66],[-90.22,63.61],[-90.26,63.61],[-90.22,63.64],[-90.27,63.65],[-90.3,63.65],[-90.34,63.62],[-90.39,63.62],[-90.45,63.62],[-90.49,63.64],[-90.46,63.65],[-90.53,63.66],[-90.48,63.67],[-90.52,63.69],[-90.61,63.7],[-90.65,63.71],[-90.64,63.68],[-90.68,63.67],[-90.65,63.65],[-90.61,63.67],[-90.57,63.67],[-90.54,63.63],[-90.56,63.6],[-90.59,63.61],[-90.66,63.6],[-90.71,63.59],[-90.91,63.57],[-90.97,63.58],[-91.04,63.6],[-91.1,63.62],[-91.13,63.63],[-91.2,63.63],[-91.23,63.63],[-91.27,63.64],[-91.31,63.66],[-91.37,63.66],[-91.41,63.68],[-91.37,63.69],[-91.33,63.68],[-91.37,63.7],[-91.51,63.73],[-91.54,63.73],[-91.58,63.72],[-91.67,63.72],[-91.66,63.75],[-91.68,63.78],[-91.72,63.77],[-91.9,63.75],[-91.95,63.76],[-91.99,63.78],[-91.89,63.8],[-91.98,63.82],[-92.01,63.78],[-92.05,63.77],[-92.11,63.75],[-92.15,63.75],[-92.19,63.77],[-92.3,63.78],[-92.37,63.78],[-92.4,63.78],[-92.47,63.82],[-92.51,63.83],[-92.75,63.86],[-92.75,63.89],[-92.79,63.9],[-92.83,63.91],[-92.92,63.9],[-92.96,63.94],[-92.99,63.94],[-93.07,63.93],[-93.1,63.94],[-93.13,63.96],[-93.17,63.97],[-93.31,63.99],[-93.37,64.01],[-93.42,64.02],[-93.45,64.02],[-93.48,64.03],[-93.51,64.05],[-93.54,64.08],[-93.61,64.1],[-93.63,64.13],[-93.65,64.17],[-93.7,64.16],[-93.75,64.19],[-93.78,64.19],[-93.7,64.15],[-93.67,64.12],[-93.67,64.09],[-93.61,64.05],[-93.56,64.04],[-93.6,64.01],[-93.57,64.01],[-93.6,63.99],[-93.77,63.99],[-93.73,63.96],[-93.69,63.93],[-93.66,63.91],[-93.53,63.85],[-93.46,63.85],[-93.37,63.82],[-93.33,63.82],[-93.37,63.83],[-93.31,63.83],[-93.28,63.83],[-93.22,63.84],[-93.29,63.85],[-93.33,63.87],[-93.4,63.9],[-93.45,63.93],[-93.46,63.96],[-93.4,63.98],[-93.34,63.96],[-93.22,63.91],[-93.15,63.9],[-93.1,63.88],[-93.01,63.87],[-92.91,63.84],[-92.77,63.83],[-92.63,63.78],[-92.59,63.79],[-92.56,63.81],[-92.5,63.82],[-92.46,63.81],[-92.42,63.75],[-92.3,63.74],[-92.26,63.75],[-92.22,63.73],[-92.13,63.71],[-92.1,63.7],[-92.17,63.69],[-92.21,63.67],[-92.2,63.64],[-92.28,63.62],[-92.31,63.63],[-92.34,63.64],[-92.37,63.61],[-92.4,63.59],[-92.53,63.56],[-92.47,63.53],[-92.44,63.55],[-92.37,63.55],[-92.34,63.57],[-92.3,63.57],[-92.26,63.54],[-92.23,63.54],[-92.21,63.57],[-92.21,63.61],[-92.12,63.62],[-92.08,63.65],[-92.04,63.64],[-91.98,63.67],[-91.9,63.69],[-91.83,63.71],[-91.78,63.71],[-91.66,63.68],[-91.63,63.65],[-91.62,63.61],[-91.59,63.58],[-91.54,63.58],[-91.5,63.56],[-91.4,63.53],[-91.41,63.5],[-91.37,63.49],[-91.33,63.5],[-91.17,63.49],[-91.1,63.46],[-91.06,63.45],[-91.03,63.47],[-90.99,63.47],[-90.96,63.46],[-90.93,63.43],[-90.78,63.4],[-90.81,63.39],[-90.95,63.42],[-90.98,63.42],[-90.92,63.39],[-90.87,63.39],[-90.82,63.37],[-90.71,63.36],[-90.7,63.33],[-90.73,63.33],[-90.74,63.29],[-90.71,63.28],[-90.7,63.25],[-90.69,63.21],[-90.72,63.19],[-90.69,63.17],[-90.69,63.14],[-90.65,63.09],[-90.69,63.08],[-90.64,63.07],[-90.66,63.03],[-90.69,63.04],[-90.69,63.01],[-90.72,63.0],[-90.75,63.0],[-90.75,62.97],[-90.78,62.97],[-90.83,62.94],[-91.03,62.95],[-91.1,62.92],[-91.14,62.92],[-91.2,62.9],[-91.22,62.86],[-91.31,62.83],[-91.4,62.83],[-91.37,62.81],[-91.44,62.79],[-91.66,62.81],[-91.71,62.83],[-91.74,62.83],[-91.83,62.83],[-91.98,62.85],[-92.08,62.87],[-92.13,62.88],[-92.13,62.85],[-92.1,62.83],[-92.1,62.8],[-92.13,62.8],[-92.16,62.8],[-92.23,62.83],[-92.28,62.84],[-92.33,62.85],[-92.43,62.83],[-92.45,62.79],[-92.41,62.77],[-92.36,62.73],[-92.32,62.71],[-92.22,62.69],[-92.26,62.69],[-92.2,62.67],[-91.97,62.66],[-91.9,62.64],[-91.89,62.6],[-91.92,62.57],[-91.95,62.56],[-91.96,62.53],[-92.02,62.53],[-92.09,62.55],[-92.16,62.54],[-92.18,62.57],[-92.14,62.58],[-92.17,62.61],[-92.22,62.6],[-92.26,62.6],[-92.24,62.57],[-92.29,62.56],[-92.34,62.57],[-92.4,62.54],[-92.43,62.54],[-92.48,62.56],[-92.46,62.59],[-92.5,62.58],[-92.58,62.61],[-92.61,62.62],[-92.57,62.58],[-92.56,62.55],[-92.57,62.5],[-92.52,62.51],[-92.55,62.48],[-92.59,62.46],[-92.67,62.46],[-92.7,62.47],[-92.73,62.43],[-92.71,62.39],[-92.73,62.36],[-92.79,62.36],[-92.83,62.36],[-92.74,62.35],[-92.66,62.33],[-92.63,62.33],[-92.6,62.31],[-92.6,62.27],[-92.64,62.26],[-92.6,62.24],[-92.58,62.21],[-92.55,62.19],[-92.5,62.17],[-92.56,62.17],[-92.6,62.16],[-92.62,62.19],[-92.69,62.23],[-92.7,62.27],[-92.73,62.28],[-92.77,62.29],[-92.81,62.3],[-92.86,62.32],[-92.91,62.31],[-92.94,62.32],[-93.13,62.34],[-93.25,62.37],[-93.19,62.35],[-93.15,62.34],[-93.08,62.33],[-92.98,62.29],[-92.95,62.29],[-92.92,62.29],[-92.88,62.27],[-92.85,62.26],[-92.81,62.25],[-92.78,62.24],[-92.78,62.21],[-92.81,62.18],[-92.85,62.18],[-92.89,62.2],[-92.94,62.2],[-92.98,62.2],[-92.99,62.17],[-93.02,62.17],[-93.07,62.18],[-93.1,62.17],[-93.13,62.13],[-93.08,62.12],[-93.01,62.13],[-92.98,62.13],[-92.93,62.12],[-92.99,62.07],[-93.05,62.08],[-93.08,62.04],[-93.11,62.04],[-93.15,62.05],[-93.15,62.01],[-93.19,61.98],[-93.24,62.03],[-93.28,62.05],[-93.31,62.05],[-93.42,62.03],[-93.22,61.96],[-93.37,61.95],[-93.34,61.93],[-93.3,61.92],[-93.31,61.89],[-93.34,61.9],[-93.5,61.94],[-93.6,61.95],[-93.51,61.9],[-93.58,61.89],[-93.61,61.86],[-93.5,61.86],[-93.35,61.82],[-93.39,61.81],[-93.44,61.81],[-93.4,61.79],[-93.33,61.79],[-93.29,61.79],[-93.25,61.79],[-93.26,61.74],[-93.3,61.75],[-93.37,61.75],[-93.4,61.76],[-93.44,61.77],[-93.47,61.77],[-93.44,61.74],[-93.4,61.73],[-93.33,61.73],[-93.44,61.69],[-93.5,61.69],[-93.69,61.62],[-93.72,61.6],[-93.76,61.57],[-93.79,61.55],[-93.83,61.57],[-93.88,61.52],[-93.93,61.5],[-93.98,61.46],[-93.96,61.42],[-93.93,61.39],[-93.88,61.39],[-93.83,61.36],[-93.86,61.32],[-93.92,61.3],[-93.95,61.3],[-93.99,61.31],[-94.07,61.33],[-94.11,61.33],[-94.05,61.29],[-94.03,61.25],[-94.0,61.22],[-94.03,61.22],[-94.04,61.19],[-94.08,61.18],[-94.04,61.16],[-94.07,61.12],[-94.02,61.12],[-94.02,61.08],[-94.07,61.08],[-94.11,61.07],[-94.15,61.05],[-94.17,61.0],[-94.22,60.95],[-94.24,60.91],[-94.27,60.89],[-94.3,60.89],[-94.34,60.87],[-94.36,60.83],[-94.4,60.79],[-94.41,60.76],[-94.4,60.73],[-94.47,60.67],[-94.49,60.63],[-94.51,60.59],[-94.51,60.56],[-94.57,60.53],[-94.69,60.55],[-94.74,60.54],[-94.67,60.52],[-94.64,60.51],[-94.67,60.49],[-94.76,60.51],[-94.8,60.5],[-94.7,60.49],[-94.63,60.42],[-94.62,60.38],[-94.64,60.34],[-94.68,60.31],[-94.71,60.27],[-94.69,60.24],[-94.68,60.2],[-94.7,60.16],[-94.71,60.12],[-94.72,60.08],[-94.76,60.07],[-94.77,60.03],[-94.8,60.01],[-95.25,60.0],[-95.7,60.0],[-96.15,60.0],[-96.6,60.0],[-97.05,60.0],[-97.5,60.0],[-97.83,60.0],[-97.95,60.0],[-98.4,60.0],[-98.85,60.0],[-99.3,60.0],[-99.75,60.0],[-100.2,60.0],[-100.65,60.0],[-101.1,60.0],[-101.55,60.0],[-102.0,60.0],[-102.0,60.41],[-102.0,60.81],[-102.0,61.22],[-102.0,61.63],[-102.0,62.14],[-102.0,62.66],[-102.0,63.18],[-102.01,63.7],[-102.01,63.74],[-102.01,63.77],[-102.01,63.81],[-102.01,63.85],[-102.0,63.89],[-102.0,63.94],[-101.99,63.98],[-101.99,64.03],[-101.99,64.08],[-101.99,64.13],[-101.99,64.18],[-102.0,64.23],[-102.04,64.24],[-102.12,64.25],[-102.21,64.25],[-102.26,64.25],[-102.69,64.29],[-103.12,64.32],[-103.54,64.36],[-103.97,64.39],[-104.58,64.44],[-105.19,64.48],[-105.8,64.53],[-106.41,64.58],[-106.93,64.62],[-107.45,64.66],[-107.96,64.7],[-108.48,64.74],[-108.73,64.76],[-108.97,64.78],[-109.22,64.81],[-109.45,64.88],[-109.52,64.9],[-109.58,64.93],[-109.64,64.97],[-109.7,65.0],[-109.84,65.07],[-109.97,65.14],[-110.1,65.2],[-110.23,65.27],[-110.33,65.32],[-110.43,65.38],[-110.53,65.43],[-110.63,65.48],[-110.67,65.5],[-110.71,65.5],[-110.74,65.5],[-110.78,65.5],[-111.06,65.5],[-111.33,65.5],[-111.6,65.5],[-111.87,65.5],[-111.99,65.5],[-112.12,65.5],[-112.24,65.5],[-112.36,65.5],[-112.4,65.5],[-112.43,65.5],[-112.47,65.5],[-112.5,65.5],[-112.73,65.57],[-112.96,65.64],[-113.19,65.71],[-113.41,65.78],[-113.91,65.93],[-114.41,66.09],[-114.91,66.24],[-115.41,66.39],[-116.0,66.57],[-116.59,66.75],[-117.18,66.93],[-117.77,67.11],[-118.27,67.27],[-118.77,67.42],[-119.26,67.57],[-119.76,67.72],[-119.98,67.79],[-120.2,67.86],[-120.42,67.93],[-120.64,67.99],[-120.68,68.0],[-120.68,68.05],[-120.68,68.08],[-120.68,68.12],[-120.68,68.15],[-120.68,68.29],[-120.68,68.42],[-120.68,68.55],[-120.68,68.69],[-120.68,68.9],[-120.68,69.12],[-120.68,69.33],[-120.68,69.56],[-120.64,69.53],[-120.28,69.41],[-120.16,69.39],[-120.09,69.36],[-120.0,69.35],[-119.79,69.35],[-119.73,69.33],[-119.48,69.31],[-119.26,69.3],[-118.87,69.26],[-118.67,69.23],[-118.63,69.2],[-118.48,69.13],[-118.22,69.08],[-118.04,69.02],[-117.83,68.99],[-117.69,68.99],[-117.37,68.95],[-117.3,68.93],[-117.17,68.89],[-117.13,68.89],[-117.07,68.91],[-117.0,68.91],[-116.96,68.91],[-117.0,68.93],[-116.97,68.95],[-116.94,68.94],[-116.86,68.89],[-116.83,68.89],[-116.8,68.9],[-116.76,68.89],[-116.47,68.86],[-116.42,68.87],[-116.39,68.89],[-116.33,68.88],[-116.25,68.85],[-116.22,68.83],[-115.97,68.81],[-115.94,68.82],[-116.1,68.86],[-116.13,68.88],[-116.09,68.88],[-116.31,68.95],[-116.3,68.98],[-116.27,68.99],[-116.22,68.99],[-116.16,68.98],[-115.91,68.93],[-115.88,68.93],[-115.85,68.94],[-115.77,68.94],[-115.87,68.97],[-115.92,69.0],[-115.8,68.99],[-115.74,68.97],[-115.71,68.97],[-115.59,68.98],[-115.5,68.95],[-115.44,68.94],[-115.38,68.92],[-115.21,68.9],[-115.11,68.86],[-115.06,68.85],[-115.03,68.88],[-114.99,68.87],[-114.83,68.81],[-114.8,68.8],[-114.74,68.76],[-114.52,68.72],[-114.44,68.69],[-114.47,68.67],[-114.43,68.65],[-114.38,68.61],[-114.2,68.57],[-114.16,68.53],[-114.11,68.51],[-114.07,68.48],[-114.06,68.45],[-114.11,68.44],[-114.11,68.41],[-114.06,68.4],[-114.0,68.4],[-113.97,68.44],[-113.91,68.4],[-113.94,68.39],[-114.04,68.32],[-114.02,68.27],[-114.04,68.24],[-114.08,68.24],[-114.21,68.26],[-114.25,68.24],[-114.34,68.24],[-114.38,68.25],[-114.43,68.27],[-114.62,68.25],[-114.84,68.26],[-114.9,68.28],[-114.94,68.29],[-114.97,68.28],[-114.94,68.27],[-114.89,68.25],[-114.84,68.24],[-114.76,68.19],[-114.81,68.19],[-114.84,68.17],[-114.9,68.15],[-115.24,68.19],[-115.2,68.16],[-115.18,68.12],[-115.22,68.1],[-115.24,68.05],[-115.2,68.03],[-115.13,68.02],[-115.17,68.0],[-115.2,67.98],[-115.23,67.98],[-115.3,67.97],[-115.47,67.94],[-115.51,67.94],[-115.54,67.9],[-115.47,67.89],[-115.39,67.88],[-115.26,67.89],[-115.27,67.86],[-115.23,67.85],[-115.19,67.82],[-115.13,67.81],[-115.0,67.79],[-114.79,67.82],[-114.72,67.81],[-114.69,67.8],[-114.63,67.78],[-114.6,67.77],[-114.54,67.78],[-114.4,67.74],[-114.33,67.73],[-114.26,67.73],[-114.2,67.74],[-114.17,67.74],[-113.98,67.72],[-113.94,67.71],[-113.86,67.7],[-113.68,67.69],[-113.32,67.71],[-113.19,67.7],[-113.08,67.68],[-113.04,67.67],[-112.83,67.69],[-112.75,67.68],[-112.42,67.68],[-112.35,67.69],[-112.35,67.72],[-112.33,67.75],[-112.19,67.73],[-112.03,67.75],[-112.0,67.74],[-111.99,67.71],[-111.93,67.69],[-111.9,67.69],[-111.87,67.69],[-111.9,67.71],[-111.92,67.74],[-111.88,67.76],[-111.55,67.72],[-111.58,67.75],[-111.54,67.76],[-111.46,67.77],[-111.47,67.74],[-111.42,67.74],[-111.37,67.79],[-111.33,67.81],[-111.29,67.83],[-111.22,67.83],[-111.17,67.85],[-111.18,67.81],[-111.17,67.78],[-111.2,67.77],[-111.16,67.77],[-111.09,67.79],[-111.06,67.78],[-111.02,67.77],[-110.9,67.8],[-110.85,67.81],[-110.82,67.82],[-110.77,67.85],[-110.73,67.87],[-110.68,67.88],[-110.58,67.89],[-110.53,67.92],[-110.42,67.95],[-110.33,67.95],[-110.28,67.96],[-110.22,67.95],[-110.18,67.92],[-110.13,67.93],[-110.19,67.95],[-110.18,68.0],[-110.15,68.01],[-110.08,68.01],[-110.02,67.99],[-109.97,67.97],[-109.97,67.94],[-110.0,67.89],[-109.99,67.85],[-109.93,67.83],[-109.91,67.86],[-109.95,67.88],[-109.87,67.88],[-109.83,67.87],[-109.78,67.84],[-109.7,67.81],[-109.74,67.79],[-109.65,67.75],[-109.62,67.74],[-109.65,67.74],[-109.72,67.75],[-109.72,67.72],[-109.54,67.69],[-109.5,67.7],[-109.51,67.73],[-109.45,67.74],[-109.41,67.77],[-109.35,67.73],[-109.31,67.72],[-109.28,67.73],[-109.07,67.72],[-109.01,67.68],[-108.98,67.59],[-108.93,67.55],[-108.95,67.52],[-108.99,67.51],[-109.02,67.48],[-108.95,67.44],[-108.87,67.41],[-108.84,67.37],[-108.8,67.36],[-108.76,67.41],[-108.74,67.45],[-108.74,67.59],[-108.73,67.62],[-108.64,67.63],[-108.6,67.63],[-108.59,67.59],[-108.52,67.51],[-108.52,67.47],[-108.52,67.42],[-108.51,67.39],[-108.47,67.35],[-108.43,67.37],[-108.44,67.41],[-108.42,67.44],[-108.37,67.45],[-108.32,67.44],[-108.29,67.39],[-108.26,67.38],[-107.99,67.28],[-107.96,67.25],[-107.89,67.17],[-107.88,67.14],[-107.92,67.14],[-107.89,67.09],[-107.88,67.05],[-107.92,67.06],[-107.95,67.07],[-107.99,67.07],[-108.02,67.08],[-108.07,67.07],[-108.1,67.07],[-108.14,67.08],[-108.2,67.06],[-108.19,67.03],[-108.3,67.04],[-108.37,67.06],[-108.42,67.09],[-108.48,67.1],[-108.51,67.11],[-108.56,67.15],[-108.59,67.16],[-108.62,67.16],[-108.59,67.13],[-108.55,67.07],[-108.51,67.04],[-108.47,67.08],[-108.43,67.06],[-108.36,67.02],[-108.34,66.99],[-108.3,66.98],[-108.22,66.98],[-108.19,66.97],[-108.14,66.95],[-108.11,66.92],[-108.11,66.88],[-108.14,66.86],[-108.17,66.86],[-108.2,66.86],[-108.23,66.85],[-108.19,66.84],[-108.05,66.85],[-108.0,66.83],[-107.95,66.79],[-107.95,66.74],[-107.92,66.71],[-107.89,66.67],[-107.88,66.71],[-107.86,66.74],[-107.83,66.75],[-107.77,66.69],[-107.69,66.65],[-107.72,66.63],[-107.64,66.57],[-107.6,66.55],[-107.55,66.53],[-107.55,66.56],[-107.52,66.55],[-107.45,66.47],[-107.36,66.43],[-107.28,66.36],[-107.24,66.35],[-107.21,66.36],[-107.24,66.39],[-107.29,66.44],[-107.42,66.5],[-107.44,66.53],[-107.47,66.56],[-107.53,66.58],[-107.57,66.6],[-107.63,66.66],[-107.66,66.71],[-107.77,66.74],[-107.8,66.77],[-107.74,66.75],[-107.71,66.75],[-107.7,66.79],[-107.71,66.83],[-107.72,66.88],[-107.76,66.93],[-107.77,66.98],[-107.74,67.01],[-107.69,66.98],[-107.63,66.97],[-107.62,67.01],[-107.66,67.06],[-107.62,67.07],[-107.56,67.04],[-107.52,67.02],[-107.48,66.92],[-107.52,66.93],[-107.57,66.92],[-107.62,66.95],[-107.65,66.96],[-107.7,66.95],[-107.65,66.92],[-107.6,66.88],[-107.54,66.88],[-107.57,66.84],[-107.53,66.83],[-107.49,66.84],[-107.46,66.84],[-107.43,66.81],[-107.45,66.85],[-107.48,66.89],[-107.44,66.88],[-107.41,66.88],[-107.4,66.92],[-107.44,66.96],[-107.4,66.97],[-107.35,66.96],[-107.31,66.93],[-107.22,66.9],[-107.16,66.85],[-107.13,66.83],[-107.09,66.82],[-107.16,66.88],[-107.13,66.89],[-107.27,66.99],[-107.31,67.02],[-107.37,67.03],[-107.4,67.04],[-107.36,67.07],[-107.25,67.08],[-107.2,67.12],[-107.24,67.13],[-107.29,67.12],[-107.34,67.14],[-107.39,67.15],[-107.42,67.16],[-107.53,67.21],[-107.56,67.27],[-107.59,67.31],[-107.66,67.37],[-107.69,67.39],[-107.72,67.4],[-107.7,67.43],[-107.65,67.4],[-107.63,67.45],[-107.58,67.48],[-107.61,67.52],[-107.65,67.52],[-107.68,67.55],[-107.75,67.59],[-107.81,67.62],[-107.87,67.63],[-107.93,67.66],[-107.99,67.69],[-108.02,67.74],[-108.0,67.78],[-107.96,67.82],[-107.93,67.86],[-107.87,67.86],[-107.74,67.9],[-107.71,67.9],[-107.67,67.93],[-107.75,67.97],[-107.79,67.96],[-107.83,67.98],[-107.89,67.99],[-107.9,68.03],[-107.89,68.07],[-107.86,68.1],[-107.81,68.09],[-107.75,68.09],[-107.7,68.08],[-107.75,68.06],[-107.81,68.06],[-107.78,68.04],[-107.74,68.04],[-107.79,68.03],[-107.79,67.99],[-107.75,68.0],[-107.69,68.05],[-107.65,68.05],[-107.61,68.06],[-107.58,68.07],[-107.51,68.06],[-107.43,68.04],[-107.37,68.05],[-107.27,68.08],[-107.19,68.12],[-107.15,68.13],[-107.11,68.13],[-107.13,68.09],[-107.03,68.1],[-106.97,68.1],[-106.93,68.13],[-106.87,68.12],[-106.76,68.1],[-106.75,68.14],[-106.76,68.17],[-106.79,68.19],[-106.79,68.22],[-106.75,68.23],[-106.68,68.23],[-106.68,68.19],[-106.64,68.17],[-106.63,68.21],[-106.64,68.24],[-106.6,68.25],[-106.5,68.2],[-106.46,68.18],[-106.44,68.15],[-106.41,68.18],[-106.36,68.18],[-106.48,68.23],[-106.45,68.27],[-106.43,68.3],[-106.47,68.33],[-106.42,68.36],[-106.35,68.35],[-106.28,68.39],[-106.25,68.39],[-106.18,68.39],[-106.12,68.37],[-106.08,68.39],[-106.05,68.4],[-106.02,68.39],[-105.99,68.4],[-105.94,68.43],[-105.91,68.42],[-105.87,68.41],[-105.84,68.42],[-105.82,68.46],[-105.78,68.42],[-105.75,68.42],[-105.72,68.46],[-105.7,68.49],[-105.74,68.52],[-105.78,68.55],[-105.72,68.58],[-105.7,68.62],[-105.66,68.63],[-105.7,68.64],[-105.73,68.64],[-105.77,68.62],[-105.82,68.61],[-105.88,68.64],[-105.94,68.64],[-106.0,68.63],[-106.05,68.62],[-106.09,68.59],[-106.52,68.53],[-106.55,68.52],[-106.42,68.52],[-106.45,68.51],[-106.54,68.51],[-106.53,68.48],[-106.53,68.45],[-106.57,68.46],[-106.62,68.47],[-106.61,68.44],[-106.57,68.42],[-106.52,68.42],[-106.49,68.41],[-106.51,68.38],[-106.56,68.36],[-106.54,68.31],[-106.58,68.3],[-106.62,68.33],[-106.72,68.35],[-106.72,68.38],[-106.79,68.41],[-106.81,68.37],[-106.84,68.37],[-106.9,68.39],[-106.96,68.37],[-107.01,68.37],[-107.05,68.34],[-107.1,68.32],[-107.13,68.29],[-107.16,68.27],[-107.19,68.28],[-107.25,68.27],[-107.3,68.31],[-107.34,68.32],[-107.37,68.32],[-107.47,68.32],[-107.51,68.32],[-107.55,68.35],[-107.69,68.34],[-107.73,68.33],[-107.77,68.33],[-107.81,68.35],[-107.85,68.33],[-107.87,68.29],[-107.86,68.25],[-107.82,68.24],[-107.77,68.24],[-107.73,68.21],[-107.62,68.18],[-107.73,68.18],[-107.84,68.18],[-107.88,68.17],[-107.92,68.15],[-108.01,68.15],[-108.15,68.17],[-108.18,68.17],[-108.24,68.15],[-108.39,68.11],[-108.42,68.12],[-108.43,68.16],[-108.4,68.17],[-108.36,68.16],[-108.33,68.18],[-108.34,68.22],[-108.38,68.23],[-108.4,68.19],[-108.45,68.19],[-108.42,68.25],[-108.4,68.29],[-108.45,68.31],[-108.49,68.3],[-108.52,68.29],[-108.56,68.28],[-108.6,68.26],[-108.7,68.26],[-108.75,68.24],[-108.8,68.25],[-108.78,68.28],[-108.75,68.3],[-108.75,68.34],[-108.59,68.4],[-108.41,68.56],[-108.35,68.6],[-108.28,68.62],[-107.81,68.65],[-107.75,68.65],[-107.63,68.67],[-107.48,68.69],[-107.43,68.7],[-107.29,68.7],[-107.18,68.74],[-107.15,68.75],[-107.08,68.76],[-106.91,68.8],[-106.86,68.81],[-106.82,68.82],[-106.7,68.81],[-106.67,68.82],[-106.57,68.85],[-106.45,68.87],[-106.38,68.89],[-106.31,68.9],[-106.27,68.91],[-106.24,68.94],[-106.2,68.94],[-106.0,68.9],[-105.81,68.89],[-105.75,68.87],[-105.71,68.84],[-105.61,68.79],[-105.52,68.75],[-105.49,68.73],[-105.48,68.7],[-105.51,68.69],[-105.54,68.68],[-105.54,68.65],[-105.48,68.61],[-105.41,68.53],[-105.36,68.52],[-105.33,68.52],[-105.32,68.48],[-105.38,68.49],[-105.42,68.49],[-105.46,68.48],[-105.5,68.46],[-105.54,68.45],[-105.54,68.41],[-105.37,68.42],[-105.33,68.41],[-105.32,68.35],[-105.1,68.27],[-105.04,68.26],[-105.0,68.28],[-105.07,68.3],[-105.03,68.31],[-104.98,68.32],[-104.95,68.31],[-104.9,68.33],[-104.86,68.33],[-104.84,68.29],[-104.94,68.26],[-104.91,68.23],[-104.88,68.23],[-104.84,68.25],[-104.8,68.25],[-104.63,68.25],[-104.6,68.24],[-104.62,68.2],[-104.68,68.14],[-104.62,68.14],[-104.6,68.09],[-104.57,68.08],[-104.53,68.08],[-104.51,68.05],[-104.48,68.03],[-104.36,68.04],[-104.33,68.05],[-104.3,68.05],[-104.23,68.03],[-104.15,68.02],[-103.99,68.05],[-103.88,68.02],[-103.84,68.02],[-103.79,68.03],[-103.76,68.04],[-103.72,68.06],[-103.69,68.07],[-103.62,68.06],[-103.59,68.06],[-103.54,68.07],[-103.55,68.1],[-103.54,68.13],[-103.44,68.17],[-103.41,68.17],[-103.37,68.15],[-103.34,68.11],[-103.38,68.08],[-103.37,68.04],[-103.35,68.01],[-103.32,68.01],[-103.27,67.98],[-103.24,67.97],[-103.18,67.97],[-103.15,67.97],[-103.11,67.94],[-103.08,67.93],[-103.05,67.92],[-103.02,67.92],[-102.96,67.93],[-102.92,67.9],[-102.84,67.84],[-102.76,67.82],[-102.57,67.8]]],[[[-107.88,66.94],[-107.86,66.97],[-107.84,67.0],[-107.81,67.02],[-107.79,66.99],[-107.82,66.92],[-107.85,66.89],[-107.89,66.87],[-107.92,66.85],[-107.95,66.86],[-107.9,66.89],[-107.88,66.94]]],[[[-108.05,66.98],[-107.99,66.96],[-107.94,66.95],[-107.97,66.94],[-108.0,66.93],[-108.02,66.9],[-108.05,66.93],[-108.1,66.97],[-108.1,67.0],[-108.11,67.04],[-108.08,67.01],[-108.05,66.98]]],[[[-107.42,67.12],[-107.34,67.11],[-107.38,67.08],[-107.52,67.08],[-107.57,67.1],[-107.61,67.17],[-107.61,67.21],[-107.58,67.2],[-107.42,67.12]]],[[[-108.01,67.37],[-108.04,67.37],[-108.08,67.38],[-108.13,67.4],[-108.09,67.41],[-108.04,67.39],[-108.08,67.43],[-108.05,67.45],[-107.97,67.46],[-107.94,67.48],[-107.9,67.49],[-107.89,67.45],[-107.89,67.42],[-107.9,67.39],[-107.93,67.37],[-107.91,67.33],[-107.95,67.32],[-108.01,67.36]]],[[[-108.29,67.54],[-108.3,67.5],[-108.38,67.47],[-108.42,67.47],[-108.45,67.49],[-108.48,67.51],[-108.5,67.54],[-108.46,67.57],[-108.39,67.55],[-108.36,67.55],[-108.31,67.56]]],[[[-108.13,67.65],[-108.1,67.68],[-108.03,67.67],[-108.0,67.66],[-107.96,67.6],[-107.93,67.57],[-107.97,67.54],[-108.05,67.55],[-108.04,67.52],[-108.06,67.48],[-108.11,67.47],[-108.12,67.5],[-108.14,67.55],[-108.09,67.56],[-108.13,67.6],[-108.13,67.65]]],[[[-97.43,67.71],[-97.39,67.73],[-97.34,67.73],[-97.33,67.69],[-97.37,67.67],[-97.43,67.64],[-97.52,67.62],[-97.55,67.65],[-97.54,67.69],[-97.46,67.7]]],[[[-109.21,67.79],[-109.12,67.81],[-109.07,67.81],[-109.14,67.77],[-109.18,67.77]]],[[[-114.14,67.89],[-114.09,67.88],[-113.97,67.89],[-113.93,67.88],[-113.97,67.88],[-114.01,67.87],[-114.24,67.88],[-114.28,67.89],[-114.22,67.91],[-114.14,67.89]]],[[[-113.45,67.93],[-113.34,67.94],[-113.28,67.94],[-113.25,67.92],[-113.3,67.91],[-113.53,67.9],[-113.6,67.91],[-113.56,67.92],[-113.42,67.91],[-113.45,67.92]]],[[[-111.09,67.87],[-110.95,67.91],[-110.84,67.96],[-110.81,67.96],[-110.86,67.9],[-110.95,67.89],[-111.03,67.86],[-111.08,67.86]]],[[[-108.05,67.95],[-108.06,67.92],[-108.09,67.88],[-108.12,67.88],[-108.19,67.89],[-108.23,67.88],[-108.24,67.92],[-108.18,67.96],[-108.1,67.98],[-108.07,67.98],[-108.05,67.95]]],[[[-108.91,67.92],[-108.88,67.92],[-108.88,67.88],[-108.91,67.87],[-108.94,67.88],[-109.14,67.93],[-109.18,67.96],[-109.2,68.0],[-109.16,67.98],[-109.05,67.95],[-109.01,67.97],[-108.94,67.97],[-108.9,67.96],[-108.91,67.92]]],[[[-98.97,68.07],[-98.97,68.02],[-98.93,68.0],[-98.98,67.98],[-99.01,67.99],[-99.05,68.03],[-99.08,68.05],[-99.05,68.05],[-98.99,68.08]]],[[[-109.36,68.06],[-109.32,68.03],[-109.32,67.99],[-109.38,67.99],[-109.52,68.04],[-109.55,68.06],[-109.51,68.05],[-109.47,68.05],[-109.5,68.08],[-109.45,68.1],[-109.41,68.08],[-109.36,68.06]]],[[[-110.06,68.1],[-110.01,68.11],[-109.97,68.13],[-109.92,68.14],[-109.88,68.13],[-109.91,68.09],[-109.96,68.08],[-110.01,68.08],[-110.08,68.06],[-110.16,68.06],[-110.21,68.04],[-110.26,68.04],[-110.22,68.06],[-110.16,68.08],[-110.11,68.09],[-110.06,68.1]]],[[[-109.86,68.16],[-109.78,68.18],[-109.64,68.24],[-109.57,68.25],[-109.6,68.22],[-109.64,68.22],[-109.68,68.2],[-109.7,68.17],[-109.78,68.14],[-109.83,68.14],[-109.86,68.16]]],[[[-111.66,68.3],[-111.53,68.31],[-111.5,68.3],[-111.55,68.3],[-111.6,68.29],[-111.64,68.25],[-111.68,68.23],[-111.73,68.22],[-111.77,68.23],[-111.78,68.26],[-111.75,68.27],[-111.72,68.28],[-111.66,68.3]]],[[[-100.09,68.37],[-100.09,68.3],[-100.12,68.28],[-100.16,68.29],[-100.23,68.32],[-100.2,68.33],[-100.16,68.34],[-100.12,68.35],[-100.12,68.38]]],[[[-110.84,68.55],[-110.8,68.55],[-110.76,68.54],[-110.72,68.52],[-110.7,68.49],[-110.9,68.47],[-111.08,68.47],[-111.03,68.51],[-110.84,68.55]]],[[[-110.64,68.55],[-110.52,68.55],[-110.55,68.53],[-110.61,68.52],[-110.68,68.53],[-110.73,68.54],[-110.69,68.57],[-110.66,68.57],[-110.63,68.58]]],[[[-104.49,68.52],[-104.45,68.49],[-104.43,68.44],[-104.47,68.42],[-104.53,68.4],[-104.66,68.4],[-104.72,68.41],[-104.77,68.42],[-104.81,68.44],[-104.86,68.45],[-104.9,68.46],[-105.0,68.51],[-105.04,68.54],[-105.09,68.55],[-104.99,68.58],[-104.89,68.59],[-104.68,68.58],[-104.65,68.57],[-104.58,68.55],[-104.52,68.53],[-104.49,68.52]]],[[[-113.97,68.61],[-113.94,68.62],[-113.84,68.61],[-113.76,68.6],[-113.8,68.58],[-113.97,68.6]]],[[[-114.15,68.67],[-114.07,68.64],[-114.11,68.63],[-114.16,68.67],[-114.19,68.68],[-114.15,68.68]]],[[[-101.69,68.77],[-101.7,68.73],[-101.68,68.67],[-101.72,68.64],[-101.82,68.65],[-101.82,68.6],[-101.87,68.57],[-101.91,68.59],[-101.95,68.6],[-102.0,68.62],[-102.05,68.61],[-102.08,68.61],[-102.13,68.64],[-102.19,68.64],[-102.25,68.66],[-102.29,68.66],[-102.35,68.69],[-102.31,68.69],[-102.26,68.7],[-102.21,68.71],[-102.16,68.74],[-102.07,68.76],[-102.06,68.8],[-102.02,68.82],[-101.98,68.83],[-101.78,68.79],[-101.73,68.79],[-101.69,68.77]]],[[[-114.47,68.89],[-114.35,68.89],[-114.38,68.87],[-114.42,68.87],[-114.45,68.88]]],[[[-100.21,68.8],[-100.24,68.77],[-100.29,68.77],[-100.33,68.75],[-100.36,68.72],[-100.39,68.72],[-100.42,68.72],[-100.45,68.73],[-100.49,68.76],[-100.45,68.78],[-100.49,68.8],[-100.55,68.79],[-100.58,68.75],[-100.62,68.77],[-100.63,68.8],[-100.63,68.87],[-100.62,68.92],[-100.58,68.95],[-100.63,69.0],[-100.58,69.01],[-100.56,69.04],[-100.4,69.03],[-100.36,69.02],[-100.32,69.0],[-100.31,68.97],[-100.28,68.96],[-100.23,68.93],[-100.15,68.92],[-100.12,68.91],[-100.18,68.89],[-100.17,68.86],[-100.21,68.85],[-100.18,68.8]]],[[[-100.04,69.09],[-100.01,69.05],[-99.99,69.02],[-100.0,68.96],[-100.17,68.97],[-100.2,68.98],[-100.23,69.0],[-100.26,69.05],[-100.22,69.1],[-100.17,69.11],[-100.15,69.14],[-100.1,69.12],[-100.05,69.11]]],[[[-101.53,69.19],[-101.5,69.18],[-101.51,69.15],[-101.55,69.11],[-101.59,69.1],[-101.63,69.1],[-101.66,69.09],[-101.7,69.1],[-101.62,69.13],[-101.69,69.17],[-101.72,69.18],[-101.69,69.21],[-101.63,69.22],[-101.56,69.22],[-101.52,69.2]]],[[[-100.98,69.48],[-101.0,69.45],[-101.04,69.46],[-101.08,69.45],[-101.1,69.41],[-101.14,69.4],[-101.19,69.4],[-101.23,69.37],[-101.28,69.39],[-101.24,69.4],[-101.26,69.43],[-101.29,69.44],[-101.26,69.44],[-101.21,69.46],[-101.25,69.5],[-101.29,69.49],[-101.33,69.51],[-101.38,69.54],[-101.34,69.58],[-101.31,69.58],[-101.28,69.59],[-101.26,69.56],[-101.22,69.55],[-101.19,69.57],[-101.08,69.54],[-101.06,69.51],[-101.0,69.49]]],[[[-96.55,69.48],[-96.61,69.5],[-96.65,69.53],[-96.74,69.58],[-96.7,69.59],[-96.65,69.57],[-96.54,69.57],[-96.38,69.56],[-96.35,69.55],[-96.32,69.53],[-96.27,69.54],[-96.21,69.55],[-96.17,69.57],[-96.14,69.54],[-96.11,69.51],[-96.1,69.47],[-96.13,69.44],[-96.14,69.41],[-96.15,69.37],[-96.23,69.36],[-96.28,69.37],[-96.31,69.39],[-96.37,69.44],[-96.48,69.47],[-96.53,69.47]]],[[[-95.94,69.42],[-95.98,69.44],[-96.01,69.47],[-95.99,69.5],[-95.96,69.51],[-95.92,69.59],[-95.89,69.61],[-95.84,69.61],[-95.8,69.63],[-95.7,69.63],[-95.67,69.61],[-95.64,69.62],[-95.52,69.58],[-95.49,69.57],[-95.38,69.52],[-95.39,69.46],[-95.4,69.4],[-95.46,69.38],[-95.5,69.35],[-95.53,69.33],[-95.71,69.32],[-95.75,69.34],[-95.71,69.35],[-95.72,69.39],[-95.66,69.4],[-95.68,69.46],[-95.67,69.49],[-95.69,69.54],[-95.72,69.56],[-95.76,69.56],[-95.8,69.57],[-95.84,69.56],[-95.81,69.51],[-95.78,69.47],[-95.86,69.4],[-95.88,69.37],[-95.88,69.34],[-95.92,69.34],[-95.96,69.35],[-95.99,69.36],[-95.99,69.39],[-95.94,69.42]]],[[[-102.13,69.72],[-102.12,69.67],[-102.16,69.65],[-102.21,69.66],[-102.24,69.68],[-102.24,69.72],[-102.16,69.73]]],[[[-95.21,68.86],[-95.24,68.83],[-95.37,68.76],[-95.4,68.76],[-95.44,68.74],[-95.53,68.68],[-95.57,68.68],[-95.55,68.73],[-95.6,68.76],[-95.73,68.73],[-95.78,68.74],[-95.8,68.71],[-95.84,68.69],[-95.86,68.64],[-95.88,68.61],[-95.96,68.63],[-96.0,68.63],[-96.05,68.59],[-96.1,68.57],[-96.15,68.56],[-96.3,68.48],[-96.52,68.45],[-96.56,68.45],[-96.63,68.47],[-96.71,68.48],[-96.88,68.52],[-96.94,68.53],[-96.98,68.54],[-97.02,68.55],[-97.06,68.57],[-97.1,68.59],[-97.14,68.59],[-97.11,68.56],[-97.12,68.53],[-97.16,68.52],[-97.2,68.52],[-97.26,68.53],[-97.32,68.53],[-97.39,68.55],[-97.43,68.55],[-97.56,68.56],[-97.65,68.61],[-97.69,68.61],[-97.76,68.65],[-97.79,68.66],[-97.84,68.66],[-97.99,68.7],[-98.04,68.7],[-98.09,68.68],[-98.12,68.67],[-98.15,68.69],[-98.22,68.72],[-98.27,68.74],[-98.27,68.79],[-98.26,68.83],[-98.29,68.84],[-98.36,68.86],[-98.41,68.86],[-98.42,68.83],[-98.4,68.79],[-98.44,68.75],[-98.48,68.75],[-98.52,68.75],[-98.55,68.77],[-98.64,68.8],[-98.67,68.79],[-98.72,68.79],[-98.86,68.83],[-98.88,68.86],[-98.86,68.89],[-98.82,68.9],[-98.87,68.94],[-98.93,68.94],[-98.97,68.95],[-99.01,68.94],[-99.02,68.91],[-99.07,68.92],[-99.12,68.92],[-99.06,68.88],[-99.13,68.85],[-99.16,68.85],[-99.21,68.83],[-99.24,68.86],[-99.27,68.86],[-99.3,68.87],[-99.42,68.89],[-99.46,68.91],[-99.46,68.95],[-99.49,68.97],[-99.54,69.0],[-99.58,69.01],[-99.58,69.05],[-99.55,69.08],[-99.49,69.12],[-99.46,69.13],[-99.42,69.14],[-99.36,69.13],[-99.31,69.16],[-99.26,69.15],[-99.22,69.14],[-99.19,69.14],[-99.13,69.15],[-99.01,69.14],[-98.97,69.15],[-98.94,69.17],[-98.9,69.18],[-98.82,69.17],[-98.75,69.19],[-98.71,69.2],[-98.71,69.24],[-98.68,69.29],[-98.65,69.3],[-98.62,69.3],[-98.59,69.28],[-98.55,69.28],[-98.51,69.3],[-98.44,69.3],[-98.41,69.31],[-98.41,69.35],[-98.46,69.38],[-98.55,69.41],[-98.61,69.44],[-98.59,69.48],[-98.56,69.48],[-98.49,69.47],[-98.45,69.46],[-98.42,69.48],[-98.54,69.5],[-98.59,69.52],[-98.6,69.56],[-98.55,69.59],[-98.46,69.58],[-98.37,69.57],[-98.3,69.52],[-98.18,69.47],[-98.12,69.47],[-98.11,69.44],[-98.06,69.43],[-98.02,69.43],[-98.16,69.5],[-98.2,69.53],[-98.24,69.57],[-98.29,69.59],[-98.34,69.6],[-98.35,69.63],[-98.33,69.67],[-98.31,69.73],[-98.28,69.76],[-98.22,69.8],[-98.19,69.81],[-98.14,69.81],[-98.1,69.82],[-98.06,69.86],[-98.02,69.89],[-97.97,69.9],[-97.93,69.9],[-97.88,69.89],[-97.83,69.87],[-97.73,69.86],[-97.7,69.83],[-97.64,69.8],[-97.48,69.78],[-97.45,69.77],[-97.44,69.74],[-97.41,69.73],[-97.34,69.71],[-97.38,69.69],[-97.46,69.69],[-97.49,69.67],[-97.43,69.62],[-97.39,69.6],[-97.33,69.67],[-97.3,69.7],[-97.22,69.68],[-97.12,69.63],[-97.09,69.59],[-97.04,69.57],[-96.89,69.5],[-96.86,69.49],[-96.79,69.5],[-96.71,69.45],[-96.62,69.45],[-96.53,69.43],[-96.5,69.41],[-96.41,69.37],[-96.32,69.36],[-96.22,69.31],[-96.18,69.29],[-96.17,69.26],[-96.21,69.23],[-96.21,69.19],[-96.24,69.17],[-96.23,69.14],[-96.22,69.1],[-96.24,69.07],[-96.2,69.04],[-96.17,69.03],[-96.12,69.03],[-96.15,69.07],[-96.15,69.1],[-96.14,69.13],[-96.14,69.18],[-96.11,69.2],[-96.07,69.24],[-96.02,69.18],[-95.97,69.15],[-95.95,69.12],[-95.92,69.09],[-95.96,69.07],[-95.95,69.02],[-95.92,69.0],[-95.88,68.99],[-95.85,68.95],[-95.85,68.91],[-95.83,68.88],[-95.78,68.89],[-95.71,68.88],[-95.66,68.84],[-95.57,68.84],[-95.4,68.9],[-95.35,68.9],[-95.31,68.9],[-95.28,68.88],[-95.24,68.87]]],[[[-97.47,69.9],[-97.49,69.93],[-97.43,69.97],[-97.39,69.96],[-97.35,69.95],[-97.36,69.91],[-97.33,69.89],[-97.25,69.89],[-97.25,69.86],[-97.28,69.86],[-97.32,69.88],[-97.36,69.89],[-97.43,69.89],[-97.47,69.9]]],[[[-100.74,70.31],[-100.78,70.28],[-100.82,70.27],[-100.87,70.3],[-100.85,70.33],[-100.79,70.33],[-100.76,70.32]]],[[[-100.35,70.49],[-100.46,70.5],[-100.66,70.55],[-100.68,70.58],[-100.67,70.62],[-100.67,70.65],[-100.71,70.68],[-100.58,70.66],[-100.55,70.67],[-100.52,70.68],[-100.49,70.68],[-100.46,70.66],[-100.41,70.64],[-100.36,70.63],[-100.28,70.61],[-100.23,70.6],[-100.19,70.58],[-100.24,70.57],[-100.27,70.57],[-100.31,70.59],[-100.34,70.59],[-100.37,70.59],[-100.31,70.55],[-100.29,70.52],[-100.25,70.49],[-100.23,70.46],[-100.26,70.46],[-100.33,70.48]]],[[[-110.0,72.71],[-109.88,72.68],[-109.84,72.67],[-109.85,72.7],[-109.82,72.72],[-109.77,72.72],[-109.8,72.73],[-109.91,72.73],[-109.95,72.74],[-109.99,72.75],[-110.0,72.94],[-110.0,72.99],[-109.91,72.97],[-109.88,72.94],[-109.85,72.92],[-109.82,72.92],[-109.76,72.94],[-109.69,72.93],[-109.62,72.92],[-109.73,72.9],[-109.38,72.77],[-109.18,72.77],[-109.13,72.75],[-109.16,72.73],[-109.06,72.69],[-108.95,72.67],[-109.03,72.65],[-109.03,72.62],[-109.04,72.58],[-108.94,72.58],[-108.87,72.57],[-108.84,72.57],[-108.89,72.59],[-108.67,72.58],[-108.63,72.57],[-108.61,72.53],[-108.59,72.5],[-108.62,72.47],[-108.65,72.42],[-108.65,72.39],[-108.66,72.36],[-108.64,72.33],[-108.61,72.3],[-108.53,72.2],[-108.53,72.17],[-108.52,72.14],[-108.48,72.14],[-108.44,72.16],[-108.41,72.16],[-108.43,72.13],[-108.4,72.1],[-108.4,72.07],[-108.4,72.03],[-108.42,71.99],[-108.35,71.99],[-108.32,71.99],[-108.33,71.94],[-108.25,71.96],[-108.22,71.97],[-108.19,71.96],[-108.22,71.91],[-108.25,71.9],[-108.28,71.89],[-108.28,71.86],[-108.25,71.83],[-108.29,71.8],[-108.24,71.77],[-108.21,71.77],[-108.18,71.74],[-108.25,71.72],[-108.2,71.71],[-108.1,71.72],[-108.05,71.72],[-108.02,71.7],[-107.99,71.68],[-107.99,71.63],[-107.92,71.63],[-107.86,71.61],[-107.83,71.61],[-107.79,71.62],[-107.74,71.62],[-107.79,71.66],[-107.84,71.69],[-107.8,71.73],[-107.76,71.73],[-107.71,71.71],[-107.67,71.71],[-107.63,71.73],[-107.6,71.75],[-107.56,71.78],[-107.52,71.78],[-107.25,71.81],[-107.28,71.82],[-107.31,71.83],[-107.38,71.83],[-107.44,71.86],[-107.47,71.87],[-107.44,71.89],[-107.35,71.87],[-107.31,71.87],[-107.27,71.88],[-107.27,71.91],[-107.33,71.92],[-107.39,71.93],[-107.42,71.93],[-107.42,71.98],[-107.48,71.99],[-107.56,72.01],[-107.6,72.01],[-107.64,72.04],[-107.65,72.08],[-107.62,72.09],[-107.65,72.11],[-107.78,72.14],[-107.79,72.18],[-107.79,72.23],[-107.82,72.27],[-107.86,72.3],[-107.81,72.3],[-107.77,72.29],[-107.73,72.29],[-107.73,72.33],[-107.77,72.34],[-107.82,72.35],[-107.85,72.36],[-107.81,72.37],[-107.85,72.4],[-107.87,72.43],[-107.81,72.44],[-107.84,72.47],[-107.89,72.47],[-107.94,72.49],[-107.99,72.52],[-107.88,72.52],[-107.89,72.56],[-107.9,72.59],[-107.94,72.61],[-108.01,72.62],[-107.97,72.64],[-108.01,72.66],[-108.01,72.7],[-108.04,72.72],[-108.07,72.75],[-108.07,72.8],[-108.1,72.84],[-108.13,72.86],[-108.14,72.89],[-108.1,72.91],[-108.15,72.94],[-108.15,72.98],[-108.17,73.01],[-108.23,73.04],[-108.19,73.05],[-108.27,73.1],[-108.3,73.13],[-108.26,73.18],[-108.16,73.21],[-108.07,73.21],[-107.87,73.19],[-107.9,73.21],[-108.05,73.24],[-108.11,73.26],[-108.12,73.29],[-108.15,73.3],[-108.12,73.32],[-108.01,73.31],[-108.07,73.34],[-108.01,73.35],[-107.79,73.33],[-107.66,73.33],[-107.52,73.3],[-107.45,73.29],[-107.34,73.25],[-107.29,73.24],[-107.23,73.22],[-107.17,73.2],[-107.07,73.18],[-107.01,73.2],[-107.04,73.21],[-107.13,73.24],[-107.09,73.26],[-107.09,73.29],[-107.06,73.29],[-107.03,73.3],[-106.99,73.31],[-106.96,73.3],[-106.92,73.31],[-106.87,73.32],[-106.82,73.31],[-106.78,73.3],[-106.74,73.28],[-106.7,73.24],[-106.56,73.21],[-106.54,73.24],[-106.5,73.23],[-106.48,73.2],[-106.42,73.18],[-106.41,73.15],[-106.38,73.15],[-106.34,73.14],[-106.28,73.12],[-106.25,73.09],[-106.18,73.08],[-106.05,73.05],[-106.01,73.05],[-105.96,73.05],[-105.9,73.06],[-105.85,73.06],[-105.83,73.03],[-105.8,73.0],[-105.75,72.98],[-105.61,72.95],[-105.64,72.94],[-105.58,72.92],[-105.54,72.89],[-105.53,72.86],[-105.49,72.86],[-105.46,72.85],[-105.39,72.8],[-105.4,72.77],[-105.35,72.76],[-105.35,72.73],[-105.39,72.74],[-105.44,72.76],[-105.48,72.79],[-105.51,72.78],[-105.43,72.73],[-105.46,72.7],[-105.36,72.67],[-105.31,72.67],[-105.35,72.62],[-105.31,72.58],[-105.25,72.55],[-105.22,72.52],[-105.25,72.5],[-105.2,72.48],[-105.22,72.45],[-105.26,72.46],[-105.31,72.46],[-105.28,72.44],[-105.24,72.4],[-105.21,72.38],[-105.16,72.36],[-105.13,72.32],[-105.09,72.28],[-105.06,72.26],[-105.03,72.23],[-104.98,72.21],[-104.96,72.16],[-105.03,72.13],[-105.01,72.08],[-104.97,72.07],[-104.93,72.03],[-104.89,72.0],[-104.84,71.95],[-104.83,71.91],[-104.81,71.86],[-104.75,71.84],[-104.69,71.83],[-104.65,71.81],[-104.63,71.78],[-104.58,71.76],[-104.54,71.73],[-104.53,71.7],[-104.48,71.67],[-104.38,71.6],[-104.37,71.56],[-104.41,71.51],[-104.37,71.48],[-104.32,71.47],[-104.34,71.44],[-104.34,71.4],[-104.3,71.38],[-104.3,71.35],[-104.41,71.37],[-104.46,71.36],[-104.49,71.35],[-104.48,71.3],[-104.44,71.25],[-104.46,71.21],[-104.54,71.16],[-104.6,71.15],[-104.63,71.14],[-104.62,71.1],[-104.3,70.97],[-104.23,70.97],[-104.2,70.96],[-104.15,70.93],[-104.11,70.9],[-104.02,70.78],[-103.97,70.75],[-103.94,70.75],[-103.88,70.75],[-103.84,70.74],[-103.78,70.71],[-103.75,70.71],[-103.72,70.69],[-103.69,70.68],[-103.66,70.67],[-103.6,70.62],[-103.57,70.61],[-103.31,70.6],[-103.27,70.59],[-103.23,70.56],[-103.18,70.54],[-103.14,70.51],[-102.97,70.49],[-102.93,70.5],[-102.95,70.53],[-103.03,70.54],[-103.06,70.55],[-103.11,70.57],[-103.13,70.6],[-103.14,70.63],[-103.13,70.68],[-103.09,70.68],[-102.99,70.65],[-102.96,70.64],[-102.92,70.61],[-102.89,70.61],[-102.86,70.6],[-102.84,70.56],[-102.86,70.53],[-102.72,70.49],[-102.66,70.48],[-102.62,70.46],[-102.56,70.46],[-102.49,70.44],[-102.41,70.43],[-102.25,70.37],[-102.19,70.33],[-102.15,70.34],[-102.11,70.34],[-102.04,70.31],[-101.95,70.27],[-101.92,70.26],[-101.85,70.26],[-101.82,70.27],[-101.81,70.3],[-101.69,70.31],[-101.66,70.3],[-101.63,70.28],[-101.59,70.28],[-101.63,70.24],[-101.65,70.2],[-101.62,70.16],[-101.58,70.13],[-101.53,70.11],[-101.49,70.13],[-101.42,70.13],[-101.39,70.15],[-101.37,70.18],[-101.33,70.17],[-101.26,70.14],[-101.21,70.15],[-101.16,70.15],[-101.12,70.18],[-101.06,70.2],[-101.02,70.19],[-100.98,70.16],[-100.98,70.13],[-100.99,70.1],[-100.95,70.04],[-100.95,70.01],[-100.93,69.96],[-100.96,69.92],[-100.91,69.91],[-100.89,69.87],[-100.87,69.81],[-100.88,69.78],[-100.92,69.75],[-100.95,69.74],[-100.92,69.72],[-100.96,69.66],[-101.05,69.67],[-101.08,69.66],[-101.11,69.67],[-101.14,69.68],[-101.26,69.67],[-101.29,69.67],[-101.33,69.68],[-101.36,69.7],[-101.43,69.77],[-101.46,69.82],[-101.46,69.85],[-101.43,69.88],[-101.46,69.91],[-101.55,69.8],[-101.56,69.77],[-101.58,69.73],[-101.64,69.7],[-101.67,69.65],[-101.69,69.68],[-101.85,69.75],[-101.9,69.74],[-101.94,69.74],[-101.98,69.77],[-102.02,69.8],[-102.03,69.85],[-102.07,69.85],[-102.11,69.83],[-102.16,69.83],[-102.17,69.88],[-102.2,69.92],[-102.25,69.91],[-102.24,69.85],[-102.3,69.85],[-102.35,69.83],[-102.32,69.82],[-102.32,69.78],[-102.37,69.76],[-102.37,69.8],[-102.4,69.82],[-102.43,69.78],[-102.47,69.79],[-102.53,69.76],[-102.58,69.74],[-102.62,69.75],[-102.66,69.77],[-102.62,69.71],[-102.58,69.7],[-102.49,69.69],[-102.51,69.64],[-102.5,69.6],[-102.51,69.57],[-102.54,69.55],[-102.63,69.54],[-102.69,69.55],[-102.78,69.54],[-102.82,69.54],[-102.87,69.56],[-103.01,69.58],[-103.09,69.6],[-103.16,69.62],[-103.22,69.65],[-103.27,69.68],[-103.3,69.69],[-103.35,69.68],[-103.38,69.68],[-103.42,69.71],[-103.49,69.69],[-103.48,69.66],[-103.51,69.62],[-103.45,69.61],[-103.33,69.57],[-103.22,69.56],[-103.19,69.53],[-103.17,69.5],[-103.14,69.45],[-103.11,69.44],[-103.1,69.5],[-103.06,69.52],[-103.03,69.5],[-103.01,69.46],[-103.0,69.41],[-103.02,69.38],[-103.02,69.34],[-103.02,69.28],[-103.07,69.24],[-103.19,69.21],[-103.21,69.16],[-103.2,69.12],[-103.15,69.13],[-103.14,69.16],[-103.08,69.19],[-103.05,69.2],[-103.02,69.22],[-102.95,69.3],[-102.9,69.32],[-102.88,69.35],[-102.85,69.37],[-102.71,69.39],[-102.67,69.4],[-102.63,69.41],[-102.55,69.41],[-102.52,69.43],[-102.48,69.47],[-102.38,69.48],[-102.35,69.49],[-102.3,69.5],[-102.22,69.49],[-102.08,69.49],[-102.05,69.48],[-101.97,69.44],[-101.94,69.42],[-102.04,69.36],[-102.12,69.37],[-102.16,69.36],[-102.17,69.33],[-102.14,69.33],[-102.11,69.33],[-102.07,69.3],[-102.05,69.27],[-102.08,69.25],[-102.11,69.25],[-102.16,69.28],[-102.21,69.28],[-102.24,69.26],[-102.21,69.22],[-102.16,69.21],[-102.12,69.19],[-102.09,69.18],[-102.06,69.21],[-102.02,69.24],[-101.99,69.25],[-101.95,69.26],[-101.91,69.25],[-101.85,69.22],[-101.81,69.21],[-101.77,69.19],[-101.76,69.16],[-101.77,69.12],[-101.8,69.09],[-101.87,69.04],[-101.83,69.03],[-101.85,68.99],[-101.96,68.97],[-101.99,68.97],[-102.04,69.0],[-102.08,69.0],[-102.13,68.97],[-102.17,68.95],[-102.21,68.95],[-102.31,68.94],[-102.34,68.94],[-102.38,68.96],[-102.41,68.95],[-102.41,68.91],[-102.45,68.9],[-102.49,68.87],[-102.52,68.87],[-102.63,68.87],[-102.7,68.89],[-102.73,68.9],[-102.73,68.86],[-102.7,68.85],[-102.74,68.83],[-102.83,68.83],[-102.92,68.8],[-102.97,68.8],[-103.01,68.8],[-103.07,68.82],[-103.11,68.82],[-103.16,68.84],[-103.33,68.83],[-103.36,68.8],[-103.42,68.78],[-103.45,68.79],[-103.5,68.81],[-103.55,68.83],[-103.61,68.82],[-103.72,68.83],[-103.76,68.84],[-103.83,68.84],[-103.86,68.84],[-103.93,68.86],[-104.07,68.86],[-104.1,68.86],[-104.2,68.88],[-104.24,68.91],[-104.26,68.95],[-104.31,68.94],[-104.28,68.92],[-104.37,68.93],[-104.45,68.94],[-104.53,68.87],[-104.59,68.86],[-104.86,68.88],[-105.12,68.9],[-105.16,68.9],[-105.2,68.93],[-105.23,68.94],[-105.28,68.95],[-105.25,68.96],[-105.22,68.96],[-105.18,68.99],[-105.15,69.0],[-105.06,68.99],[-105.03,69.0],[-104.96,69.03],[-104.92,69.05],[-104.92,69.08],[-104.97,69.09],[-105.08,69.11],[-105.13,69.09],[-105.1,69.09],[-105.05,69.08],[-105.21,69.08],[-105.26,69.09],[-105.46,69.1],[-105.49,69.13],[-105.54,69.15],[-105.89,69.18],[-105.93,69.17],[-105.97,69.15],[-106.01,69.15],[-106.07,69.16],[-106.2,69.15],[-106.33,69.18],[-106.41,69.19],[-106.41,69.23],[-106.29,69.27],[-106.28,69.31],[-106.32,69.39],[-106.35,69.42],[-106.4,69.43],[-106.44,69.44],[-106.51,69.49],[-106.55,69.5],[-106.58,69.5],[-106.62,69.5],[-106.67,69.47],[-106.7,69.46],[-106.73,69.45],[-106.75,69.41],[-106.77,69.38],[-106.92,69.37],[-106.96,69.36],[-106.99,69.35],[-106.96,69.3],[-106.95,69.26],[-106.94,69.22],[-107.03,69.2],[-107.03,69.16],[-107.11,69.16],[-107.17,69.14],[-107.27,69.06],[-107.33,69.03],[-107.47,68.99],[-107.88,68.95],[-107.94,68.94],[-108.23,68.93],[-108.33,68.95],[-108.54,68.95],[-108.55,68.92],[-108.55,68.88],[-108.61,68.87],[-108.67,68.84],[-108.8,68.79],[-108.87,68.78],[-108.92,68.75],[-108.95,68.74],[-109.03,68.73],[-109.35,68.7],[-109.62,68.64],[-109.78,68.63],[-109.9,68.64],[-109.99,68.63],[-110.16,68.63],[-110.23,68.63],[-110.29,68.61],[-110.35,68.58],[-110.38,68.58],[-110.42,68.6],[-110.57,68.62],[-110.61,68.62],[-110.66,68.59],[-110.69,68.59],[-110.76,68.58],[-110.98,68.55],[-111.04,68.56],[-111.0,68.58],[-110.85,68.6],[-110.89,68.61],[-111.02,68.6],[-111.08,68.58],[-111.11,68.58],[-111.36,68.59],[-111.42,68.58],[-111.37,68.56],[-111.26,68.56],[-111.21,68.55],[-111.25,68.52],[-111.35,68.52],[-111.53,68.54],[-111.89,68.53],[-112.25,68.52],[-112.28,68.52],[-112.33,68.51],[-112.39,68.5],[-112.58,68.51],[-112.62,68.5],[-112.65,68.48],[-112.69,68.47],[-112.75,68.46],[-112.9,68.47],[-113.24,68.45],[-113.28,68.46],[-113.3,68.49],[-113.26,68.5],[-113.21,68.5],[-113.06,68.49],[-113.1,68.54],[-113.14,68.55],[-113.22,68.56],[-113.28,68.58],[-113.35,68.59],[-113.39,68.62],[-113.42,68.63],[-113.45,68.67],[-113.47,68.71],[-113.55,68.74],[-113.58,68.77],[-113.64,68.79],[-113.67,68.82],[-113.63,68.84],[-113.67,68.88],[-113.64,68.93],[-113.61,68.95],[-113.57,68.97],[-113.58,69.0],[-113.64,69.03],[-113.6,69.05],[-113.55,69.04],[-113.64,69.08],[-113.66,69.11],[-113.64,69.14],[-113.69,69.16],[-113.67,69.19],[-113.63,69.18],[-113.51,69.17],[-113.54,69.19],[-113.58,69.2],[-113.89,69.23],[-113.92,69.25],[-114.02,69.25],[-114.13,69.25],[-114.2,69.27],[-114.24,69.28],[-114.4,69.29],[-114.86,69.25],[-114.9,69.26],[-114.93,69.28],[-115.01,69.28],[-115.05,69.27],[-115.08,69.25],[-115.11,69.25],[-115.19,69.24],[-115.58,69.27],[-115.97,69.3],[-116.01,69.32],[-116.05,69.34],[-116.15,69.34],[-116.43,69.4],[-116.53,69.41],[-116.63,69.46],[-116.6,69.49],[-116.56,69.5],[-116.59,69.51],[-116.61,69.54],[-116.76,69.58],[-116.71,69.55],[-116.76,69.55],[-116.81,69.57],[-116.91,69.59],[-116.87,69.62],[-116.86,69.65],[-116.83,69.64],[-116.8,69.64],[-116.77,69.63],[-116.72,69.63],[-116.69,69.63],[-116.66,69.63],[-116.63,69.63],[-116.66,69.65],[-116.7,69.67],[-116.74,69.69],[-116.78,69.7],[-116.84,69.74],[-116.91,69.77],[-116.98,69.8],[-117.04,69.84],[-117.08,69.86],[-117.13,69.88],[-117.14,69.91],[-117.13,69.95],[-117.12,70.0],[-117.02,70.0],[-116.97,70.0],[-116.83,70.0],[-116.69,70.0],[-116.56,70.0],[-115.98,70.0],[-115.4,70.0],[-114.83,70.0],[-114.25,70.0],[-114.0,70.0],[-113.75,70.0],[-113.5,70.0],[-113.26,70.0],[-113.18,70.0],[-113.11,70.0],[-113.04,70.0],[-112.97,70.0],[-112.93,70.0],[-112.9,70.0],[-112.88,69.96],[-112.88,69.9],[-112.88,69.85],[-112.85,69.83],[-112.8,69.83],[-112.75,69.83],[-112.7,69.83],[-112.65,69.83],[-112.65,69.86],[-112.6,69.85],[-112.57,69.85],[-112.52,69.85],[-112.49,69.85],[-112.46,69.85],[-112.41,69.87],[-112.43,69.9],[-112.47,69.89],[-112.53,69.89],[-112.57,69.89],[-112.62,69.9],[-112.66,69.9],[-112.63,69.91],[-112.58,69.92],[-112.54,69.91],[-112.5,69.91],[-112.5,69.96],[-112.5,70.0],[-112.04,70.0],[-111.57,70.0],[-111.11,70.0],[-110.65,70.0],[-110.49,70.0],[-110.32,70.0],[-110.16,70.0],[-110.0,70.0],[-110.0,70.19],[-110.0,70.33],[-110.0,70.46],[-110.0,70.7],[-110.0,70.93],[-110.0,71.16],[-110.0,71.39],[-110.0,71.52],[-110.0,71.65],[-110.0,71.85],[-110.0,72.0],[-110.0,72.15],[-110.0,72.27],[-110.0,72.46],[-109.86,72.45],[-109.81,72.43],[-109.78,72.44],[-109.99,72.49],[-110.0,72.52],[-109.89,72.49],[-109.85,72.49],[-109.82,72.49],[-109.83,72.53],[-109.86,72.54],[-109.91,72.56],[-109.96,72.61],[-110.0,72.63],[-110.0,72.71]]],[[[-72.95,66.73],[-72.97,66.76],[-73.01,66.78],[-73.01,66.82],[-72.97,66.87],[-72.91,66.91],[-72.88,66.93],[-72.83,67.02],[-72.8,67.04],[-72.74,67.07],[-72.67,67.08],[-72.48,67.09],[-72.41,67.1],[-72.35,67.12],[-72.29,67.16],[-72.28,67.21],[-72.27,67.24],[-72.19,67.28],[-72.31,67.31],[-72.37,67.33],[-72.36,67.37],[-72.4,67.41],[-72.43,67.44],[-72.43,67.48],[-72.51,67.5],[-72.44,67.53],[-72.46,67.56],[-72.49,67.59],[-72.48,67.62],[-72.52,67.64],[-72.59,67.64],[-72.64,67.67],[-72.67,67.7],[-72.65,67.73],[-72.6,67.75],[-72.61,67.79],[-72.65,67.81],[-72.68,67.81],[-72.71,67.84],[-72.74,67.85],[-72.76,67.88],[-72.79,67.87],[-72.84,67.85],[-72.89,67.9],[-72.88,67.93],[-72.92,67.93],[-72.91,67.98],[-72.9,68.02],[-72.92,68.05],[-72.95,68.1],[-72.98,68.14],[-72.99,68.17],[-72.99,68.23],[-73.03,68.24],[-73.04,68.21],[-73.09,68.22],[-73.12,68.23],[-73.17,68.24],[-73.21,68.24],[-73.19,68.27],[-73.23,68.28],[-73.26,68.28],[-73.29,68.29],[-73.33,68.28],[-73.35,68.25],[-73.38,68.25],[-73.42,68.27],[-73.49,68.28],[-73.46,68.29],[-73.42,68.3],[-73.38,68.32],[-73.34,68.32],[-73.31,68.33],[-73.32,68.36],[-73.27,68.38],[-73.21,68.38],[-73.26,68.4],[-73.32,68.4],[-73.35,68.38],[-73.35,68.34],[-73.43,68.33],[-73.47,68.33],[-73.54,68.29],[-73.61,68.28],[-73.62,68.25],[-73.69,68.28],[-73.65,68.29],[-73.62,68.3],[-73.58,68.3],[-73.64,68.31],[-73.7,68.31],[-73.73,68.31],[-73.83,68.34],[-73.87,68.38],[-73.91,68.4],[-73.95,68.41],[-73.91,68.43],[-73.88,68.48],[-73.84,68.51],[-73.76,68.51],[-73.73,68.54],[-73.82,68.57],[-73.76,68.58],[-73.73,68.61],[-73.77,68.63],[-73.82,68.62],[-73.73,68.65],[-73.77,68.67],[-73.8,68.67],[-73.76,68.69],[-73.84,68.7],[-73.89,68.71],[-73.95,68.7],[-73.98,68.71],[-74.04,68.72],[-74.09,68.72],[-74.12,68.73],[-74.17,68.73],[-74.15,68.7],[-74.1,68.69],[-74.04,68.67],[-74.02,68.63],[-73.98,68.62],[-73.94,68.58],[-73.9,68.57],[-73.91,68.52],[-73.94,68.51],[-73.99,68.5],[-74.02,68.5],[-74.0,68.54],[-74.15,68.53],[-74.2,68.52],[-74.25,68.54],[-74.37,68.54],[-74.4,68.57],[-74.44,68.59],[-74.5,68.6],[-74.53,68.64],[-74.54,68.67],[-74.6,68.68],[-74.67,68.72],[-74.71,68.73],[-74.72,68.76],[-74.62,68.78],[-74.58,68.8],[-74.55,68.82],[-74.61,68.85],[-74.66,68.85],[-74.69,68.85],[-74.72,68.83],[-74.69,68.82],[-74.66,68.82],[-74.63,68.8],[-74.83,68.78],[-74.89,68.8],[-74.96,68.81],[-74.88,68.83],[-74.84,68.83],[-74.79,68.85],[-74.72,68.86],[-74.68,68.88],[-74.7,68.91],[-74.7,68.94],[-74.76,68.94],[-74.9,68.91],[-75.04,68.91],[-74.87,68.93],[-74.84,68.94],[-74.89,68.95],[-75.0,68.93],[-75.04,68.93],[-74.86,68.97],[-74.93,68.96],[-74.98,68.95],[-75.02,68.95],[-74.94,69.0],[-74.73,69.02],[-74.79,69.0],[-74.75,69.01],[-74.68,69.01],[-74.64,69.02],[-74.67,69.05],[-74.71,69.05],[-74.78,69.08],[-74.81,69.08],[-74.85,69.08],[-74.89,69.07],[-74.94,69.06],[-74.99,69.03],[-75.04,69.01],[-75.06,68.98],[-75.07,68.94],[-75.11,68.91],[-75.14,68.89],[-75.19,68.89],[-75.24,68.92],[-75.3,68.93],[-75.36,68.97],[-75.4,68.98],[-75.42,69.01],[-75.46,69.02],[-75.49,69.02],[-75.53,69.01],[-75.57,68.99],[-75.5,68.93],[-75.55,68.91],[-75.61,68.89],[-75.73,68.86],[-75.81,68.84],[-75.93,68.82],[-76.0,68.79],[-76.33,68.7],[-76.54,68.67],[-76.62,68.68],[-76.68,68.73],[-76.67,68.77],[-76.57,68.82],[-76.54,68.85],[-76.53,68.88],[-76.56,68.89],[-76.59,68.88],[-76.62,68.9],[-76.65,68.95],[-76.64,69.0],[-76.57,69.04],[-76.42,69.06],[-76.16,69.04],[-76.13,69.04],[-76.09,69.01],[-76.06,69.01],[-75.99,69.01],[-75.96,69.02],[-75.89,69.05],[-75.83,69.06],[-75.78,69.09],[-75.72,69.09],[-75.65,69.09],[-75.62,69.09],[-75.6,69.13],[-75.6,69.22],[-75.69,69.29],[-75.75,69.3],[-75.81,69.33],[-75.88,69.34],[-75.91,69.35],[-75.94,69.36],[-76.05,69.38],[-76.17,69.41],[-76.22,69.42],[-76.36,69.4],[-76.39,69.41],[-76.41,69.44],[-76.45,69.47],[-76.6,69.53],[-76.63,69.55],[-76.62,69.59],[-76.59,69.6],[-76.55,69.61],[-76.47,69.66],[-76.39,69.65],[-76.33,69.64],[-76.23,69.62],[-76.18,69.67],[-76.36,69.67],[-76.39,69.68],[-76.45,69.69],[-76.58,69.69],[-76.62,69.69],[-76.54,69.68],[-76.53,69.65],[-76.58,69.62],[-76.61,69.62],[-76.65,69.62],[-76.68,69.57],[-76.84,69.58],[-76.88,69.59],[-76.83,69.63],[-76.91,69.62],[-76.95,69.6],[-76.98,69.6],[-77.02,69.6],[-77.05,69.63],[-77.11,69.63],[-77.14,69.63],[-77.2,69.65],[-77.14,69.69],[-77.05,69.69],[-77.02,69.71],[-76.98,69.7],[-76.95,69.7],[-76.92,69.71],[-76.87,69.69],[-76.84,69.69],[-76.79,69.72],[-76.82,69.76],[-76.85,69.75],[-76.88,69.76],[-76.89,69.8],[-76.85,69.81],[-76.8,69.81],[-76.76,69.82],[-76.81,69.83],[-76.84,69.82],[-76.87,69.82],[-77.07,69.82],[-77.03,69.84],[-77.08,69.85],[-77.13,69.83],[-77.2,69.83],[-77.29,69.84],[-77.29,69.87],[-77.12,69.91],[-77.01,69.92],[-76.98,69.94],[-77.07,69.94],[-77.22,69.91],[-77.26,69.89],[-77.3,69.89],[-77.35,69.87],[-77.49,69.86],[-77.63,69.82],[-77.6,69.82],[-77.54,69.83],[-77.5,69.82],[-77.46,69.8],[-77.52,69.8],[-77.52,69.77],[-77.55,69.75],[-77.58,69.74],[-77.61,69.74],[-77.64,69.76],[-77.66,69.8],[-77.67,69.85],[-77.67,69.9],[-77.68,69.94],[-77.69,69.97],[-77.69,70.02],[-77.67,70.06],[-77.67,70.09],[-77.7,70.15],[-77.68,70.18],[-77.74,70.21],[-77.77,70.23],[-77.81,70.25],[-77.85,70.25],[-77.88,70.26],[-77.93,70.26],[-78.02,70.23],[-78.06,70.22],[-78.12,70.25],[-78.16,70.26],[-78.2,70.26],[-78.15,70.23],[-78.22,70.2],[-78.23,70.23],[-78.3,70.22],[-78.35,70.21],[-78.39,70.22],[-78.43,70.26],[-78.54,70.31],[-78.51,70.32],[-78.47,70.33],[-78.43,70.33],[-78.39,70.34],[-78.49,70.35],[-78.54,70.36],[-78.58,70.35],[-78.56,70.32],[-78.66,70.35],[-78.68,70.38],[-78.74,70.43],[-78.78,70.46],[-78.83,70.45],[-78.86,70.46],[-78.9,70.47],[-78.89,70.44],[-78.92,70.43],[-78.96,70.46],[-79.03,70.46],[-79.07,70.48],[-79.1,70.5],[-79.05,70.51],[-78.93,70.54],[-78.88,70.55],[-78.96,70.55],[-79.0,70.56],[-78.96,70.57],[-78.88,70.6],[-78.84,70.6],[-78.8,70.57],[-78.76,70.55],[-78.72,70.55],[-78.76,70.56],[-78.8,70.61],[-78.84,70.64],[-78.88,70.63],[-78.94,70.63],[-78.98,70.64],[-79.01,70.67],[-79.12,70.65],[-79.16,70.63],[-79.13,70.61],[-79.02,70.63],[-79.03,70.59],[-79.1,70.56],[-79.13,70.52],[-79.16,70.52],[-79.15,70.47],[-79.16,70.44],[-79.19,70.43],[-79.23,70.42],[-79.27,70.44],[-79.33,70.44],[-79.29,70.46],[-79.3,70.49],[-79.27,70.51],[-79.22,70.53],[-79.23,70.56],[-79.31,70.54],[-79.3,70.51],[-79.32,70.48],[-79.36,70.48],[-79.39,70.49],[-79.42,70.48],[-79.41,70.44],[-79.44,70.44],[-79.48,70.46],[-79.54,70.44],[-79.58,70.44],[-79.59,70.41],[-79.47,70.37],[-79.42,70.36],[-79.37,70.37],[-79.33,70.37],[-79.29,70.36],[-79.26,70.34],[-79.22,70.32],[-79.18,70.31],[-79.13,70.31],[-79.09,70.32],[-79.05,70.34],[-78.97,70.33],[-78.93,70.3],[-78.87,70.25],[-78.77,70.19],[-78.75,70.14],[-78.74,70.09],[-78.71,70.06],[-78.67,70.02],[-78.66,69.98],[-78.7,69.93],[-78.74,69.91],[-78.78,69.91],[-78.83,69.88],[-78.87,69.89],[-79.16,69.89],[-79.43,69.88],[-79.68,69.85],[-79.73,69.87],[-79.76,69.88],[-79.8,69.92],[-79.84,69.95],[-79.87,69.96],[-79.91,69.98],[-79.98,69.95],[-80.01,69.95],[-80.04,69.96],[-80.03,70.0],[-80.07,70.0],[-80.2,70.01],[-80.25,70.01],[-80.29,69.99],[-80.37,69.99],[-80.55,70.05],[-80.83,70.06],[-80.9,70.07],[-80.94,70.07],[-80.97,70.07],[-81.01,70.06],[-81.05,70.07],[-81.06,70.1],[-81.14,70.09],[-81.2,70.1],[-81.57,70.11],[-81.61,70.12],[-81.7,70.13],[-81.73,70.13],[-81.76,70.13],[-81.69,70.07],[-81.57,70.07],[-81.53,70.05],[-81.46,70.02],[-81.4,70.01],[-81.34,70.04],[-81.31,70.03],[-81.19,70.0],[-81.16,69.98],[-81.15,69.95],[-81.12,69.93],[-81.09,69.92],[-81.05,69.9],[-80.99,69.89],[-80.83,69.8],[-80.78,69.79],[-80.79,69.75],[-80.83,69.73],[-80.93,69.71],[-80.97,69.72],[-81.08,69.77],[-81.12,69.79],[-81.16,69.82],[-81.23,69.83],[-81.28,69.85],[-81.34,69.88],[-81.38,69.89],[-81.44,69.91],[-81.49,69.93],[-81.55,69.93],[-81.58,69.93],[-81.57,69.97],[-81.6,69.98],[-81.73,69.97],[-81.91,70.04],[-81.94,70.04],[-82.12,70.12],[-82.17,70.12],[-82.24,70.15],[-82.29,70.14],[-82.33,70.16],[-82.44,70.17],[-82.47,70.18],[-82.51,70.19],[-82.55,70.19],[-82.6,70.21],[-82.84,70.26],[-82.92,70.29],[-82.96,70.3],[-83.01,70.31],[-83.05,70.31],[-82.86,70.24],[-82.82,70.21],[-82.74,70.21],[-82.66,70.19],[-82.25,70.11],[-82.13,70.07],[-82.06,70.06],[-81.97,70.01],[-81.94,70.0],[-81.89,69.98],[-81.78,69.96],[-81.74,69.95],[-81.71,69.93],[-81.77,69.91],[-81.74,69.89],[-81.81,69.89],[-81.86,69.89],[-81.86,69.86],[-81.96,69.85],[-82.0,69.88],[-82.03,69.87],[-82.08,69.84],[-82.11,69.84],[-82.13,69.79],[-82.26,69.81],[-82.3,69.8],[-82.26,69.82],[-82.31,69.83],[-82.23,69.83],[-82.33,69.86],[-82.39,69.86],[-82.42,69.85],[-82.64,69.89],[-82.7,69.92],[-82.73,69.93],[-82.78,69.92],[-82.85,69.94],[-82.91,69.95],[-83.0,69.99],[-83.04,69.99],[-83.14,70.0],[-83.24,70.0],[-83.27,70.02],[-83.35,69.98],[-83.49,69.97],[-83.57,69.95],[-83.67,69.95],[-84.03,69.98],[-84.06,69.99],[-84.37,69.99],[-84.54,70.01],[-84.69,70.01],[-84.74,70.02],[-84.82,70.03],[-84.85,70.05],[-84.87,70.08],[-84.82,70.09],[-84.81,70.12],[-84.84,70.11],[-84.89,70.08],[-84.95,70.07],[-85.15,70.09],[-85.19,70.1],[-85.23,70.09],[-85.27,70.09],[-85.34,70.11],[-85.37,70.11],[-85.45,70.1],[-85.52,70.11],[-85.8,70.1],[-85.86,70.09],[-85.85,70.05],[-85.8,70.06],[-85.61,70.08],[-85.54,70.06],[-85.49,70.06],[-85.41,70.04],[-85.35,70.03],[-85.23,70.0],[-85.59,70.02],[-85.73,69.99],[-85.78,70.0],[-86.03,70.05],[-86.27,70.11],[-86.52,70.23],[-86.55,70.24],[-86.55,70.27],[-86.56,70.3],[-86.56,70.33],[-86.57,70.36],[-86.52,70.42],[-86.36,70.45],[-86.33,70.46],[-86.3,70.48],[-86.31,70.51],[-86.34,70.52],[-86.37,70.53],[-86.35,70.5],[-86.39,70.47],[-86.47,70.45],[-86.5,70.44],[-86.56,70.43],[-86.63,70.39],[-86.66,70.38],[-86.65,70.34],[-86.86,70.33],[-86.9,70.36],[-86.86,70.37],[-86.78,70.38],[-86.74,70.39],[-86.79,70.39],[-86.9,70.39],[-86.94,70.41],[-86.87,70.41],[-86.97,70.42],[-86.93,70.45],[-86.97,70.47],[-87.03,70.47],[-87.14,70.44],[-87.17,70.4],[-87.25,70.39],[-87.2,70.39],[-87.05,70.38],[-87.01,70.37],[-86.97,70.35],[-86.97,70.32],[-87.0,70.28],[-87.43,70.32],[-87.49,70.33],[-87.78,70.33],[-87.64,70.3],[-87.61,70.29],[-87.77,70.25],[-87.85,70.24],[-87.93,70.25],[-88.03,70.29],[-88.15,70.3],[-88.2,70.32],[-88.24,70.32],[-88.23,70.35],[-88.19,70.35],[-88.08,70.34],[-88.0,70.3],[-87.97,70.3],[-87.94,70.3],[-87.88,70.32],[-87.96,70.33],[-88.14,70.4],[-88.34,70.43],[-88.41,70.45],[-88.69,70.47],[-88.77,70.48],[-88.91,70.54],[-89.0,70.63],[-89.02,70.67],[-89.06,70.68],[-89.13,70.72],[-89.17,70.73],[-89.3,70.78],[-89.33,70.8],[-89.37,70.82],[-89.42,70.88],[-89.45,70.91],[-89.4,70.93],[-89.32,70.94],[-89.21,70.94],[-89.23,70.98],[-89.33,71.0],[-89.46,71.06],[-89.49,71.06],[-89.54,71.09],[-89.23,71.08],[-89.22,71.05],[-89.18,71.04],[-89.15,71.03],[-88.92,71.05],[-88.87,71.04],[-88.84,71.04],[-88.81,71.04],[-88.75,71.05],[-88.64,71.05],[-88.57,71.04],[-88.46,71.04],[-88.41,71.03],[-88.37,71.01],[-88.36,70.98],[-88.32,70.96],[-87.89,70.94],[-87.81,70.95],[-87.73,70.95],[-87.69,70.96],[-87.63,70.96],[-87.59,70.95],[-87.53,70.96],[-87.36,70.95],[-87.33,70.99],[-87.28,71.01],[-87.23,71.01],[-87.06,70.99],[-87.03,70.99],[-87.0,71.0],[-87.05,71.01],[-87.33,71.04],[-87.37,71.05],[-87.41,71.06],[-87.5,71.08],[-87.54,71.1],[-87.65,71.12],[-87.68,71.12],[-87.75,71.14],[-87.84,71.19],[-87.83,71.22],[-87.83,71.26],[-87.86,71.27],[-87.92,71.27],[-88.02,71.24],[-88.07,71.21],[-88.11,71.21],[-88.18,71.23],[-88.51,71.25],[-88.62,71.24],[-89.02,71.27],[-89.41,71.3],[-89.81,71.33],[-89.85,71.34],[-89.88,71.35],[-89.91,71.38],[-89.95,71.41],[-89.98,71.45],[-89.99,71.49],[-90.01,71.52],[-89.97,71.52],[-89.99,71.57],[-90.03,71.59],[-90.0,71.61],[-89.98,71.66],[-89.9,71.68],[-89.87,71.7],[-89.84,71.72],[-89.83,71.75],[-89.8,71.76],[-89.83,71.77],[-89.86,71.78],[-89.91,71.8],[-89.88,71.81],[-89.94,71.82],[-89.95,71.85],[-90.0,71.87],[-90.04,71.89],[-90.1,71.92],[-90.1,71.95],[-90.06,71.95],[-90.01,71.99],[-89.97,72.04],[-90.0,72.06],[-89.76,72.13],[-89.72,72.12],[-89.69,72.11],[-89.65,72.13],[-89.6,72.15],[-89.59,72.18],[-89.62,72.18],[-89.68,72.18],[-89.77,72.16],[-89.83,72.18],[-89.9,72.19],[-89.91,72.23],[-89.96,72.26],[-89.95,72.31],[-89.94,72.35],[-89.9,72.37],[-89.85,72.39],[-89.9,72.42],[-89.85,72.42],[-89.79,72.42],[-89.87,72.43],[-89.81,72.46],[-89.78,72.51],[-89.79,72.55],[-89.75,72.61],[-89.71,72.63],[-89.66,72.63],[-89.61,72.62],[-89.57,72.62],[-89.57,72.66],[-89.49,72.66],[-89.5,72.69],[-89.57,72.7],[-89.57,72.74],[-89.57,72.79],[-89.5,72.79],[-89.43,72.77],[-89.37,72.77],[-89.31,72.75],[-89.29,72.78],[-89.25,72.79],[-89.33,72.81],[-89.37,72.81],[-89.41,72.82],[-89.39,72.85],[-89.34,72.87],[-89.33,72.9],[-89.3,72.94],[-89.34,72.96],[-89.35,72.99],[-89.32,73.01],[-89.28,73.02],[-89.25,73.02],[-89.21,73.01],[-89.31,73.05],[-89.28,73.07],[-89.25,73.11],[-89.22,73.13],[-89.19,73.14],[-89.13,73.15],[-89.18,73.16],[-89.11,73.19],[-89.04,73.22],[-88.94,73.21],[-88.89,73.22],[-88.96,73.22],[-89.03,73.24],[-88.96,73.29],[-88.92,73.3],[-88.86,73.31],[-88.83,73.29],[-88.75,73.29],[-88.65,73.28],[-88.62,73.29],[-88.65,73.3],[-88.83,73.32],[-88.86,73.33],[-88.78,73.37],[-88.73,73.4],[-88.69,73.42],[-88.59,73.45],[-88.52,73.46],[-88.48,73.49],[-88.45,73.5],[-88.41,73.53],[-88.0,73.66],[-87.85,73.68],[-87.76,73.72],[-87.59,73.74],[-87.43,73.77],[-87.3,73.77],[-87.13,73.8],[-86.88,73.82],[-86.71,73.85],[-86.56,73.86],[-86.37,73.85],[-86.02,73.85],[-85.75,73.83],[-85.27,73.82],[-85.24,73.83],[-85.11,73.81],[-84.88,73.75],[-84.84,73.75],[-84.88,73.71],[-84.91,73.7],[-84.95,73.67],[-85.21,73.6],[-85.47,73.53],[-85.55,73.52],[-85.58,73.51],[-85.66,73.46],[-85.74,73.44],[-86.03,73.3],[-86.13,73.23],[-86.22,73.15],[-86.25,73.13],[-86.29,73.12],[-86.29,73.08],[-86.33,73.06],[-86.38,73.02],[-86.41,73.0],[-86.47,72.96],[-86.61,72.89],[-86.67,72.85],[-86.71,72.77],[-86.73,72.74],[-86.68,72.68],[-86.68,72.65],[-86.33,72.5],[-86.27,72.47],[-86.24,72.42],[-86.25,72.39],[-86.28,72.38],[-86.31,72.37],[-86.36,72.33],[-86.4,72.31],[-86.44,72.27],[-86.44,72.24],[-86.46,72.2],[-86.45,72.13],[-86.43,72.07],[-86.42,72.03],[-86.38,72.0],[-86.35,71.99],[-86.33,71.96],[-86.26,71.91],[-86.19,71.84],[-86.13,71.79],[-86.09,71.78],[-86.04,71.77],[-86.01,71.75],[-85.96,71.74],[-85.93,71.71],[-85.85,71.67],[-85.82,71.66],[-85.77,71.66],[-85.73,71.64],[-85.67,71.59],[-85.57,71.57],[-85.53,71.55],[-85.5,71.51],[-85.43,71.52],[-85.39,71.49],[-85.33,71.49],[-85.3,71.47],[-85.25,71.47],[-85.21,71.46],[-85.02,71.44],[-84.96,71.43],[-84.92,71.39],[-84.94,71.34],[-84.89,71.34],[-84.85,71.32],[-84.86,71.28],[-85.19,71.3],[-85.28,71.28],[-85.23,71.27],[-85.17,71.28],[-85.2,71.27],[-85.26,71.25],[-85.3,71.24],[-85.42,71.25],[-85.45,71.24],[-85.42,71.23],[-85.39,71.21],[-85.43,71.19],[-85.48,71.2],[-85.52,71.18],[-85.7,71.21],[-85.8,71.19],[-85.84,71.19],[-85.88,71.18],[-85.91,71.18],[-85.95,71.18],[-85.99,71.16],[-86.02,71.15],[-86.17,71.11],[-86.21,71.1],[-86.31,71.06],[-86.34,71.05],[-86.39,71.05],[-86.5,71.04],[-86.8,71.0],[-86.66,70.98],[-86.28,71.01],[-86.25,71.02],[-86.22,71.02],[-86.16,71.04],[-86.12,71.06],[-85.89,71.11],[-85.82,71.14],[-85.77,71.15],[-85.54,71.16],[-85.5,71.17],[-85.19,71.15],[-85.15,71.15],[-85.09,71.15],[-85.01,71.16],[-84.97,71.2],[-84.93,71.18],[-84.89,71.18],[-84.85,71.15],[-84.87,71.12],[-84.87,71.08],[-84.96,71.1],[-85.15,71.09],[-84.96,71.08],[-84.99,71.06],[-85.01,71.03],[-84.97,71.03],[-84.93,71.0],[-84.97,70.96],[-84.97,70.92],[-84.9,70.93],[-84.8,70.93],[-84.76,70.97],[-84.75,71.0],[-84.78,71.02],[-84.81,71.06],[-84.83,71.09],[-84.81,71.13],[-84.8,71.17],[-84.78,71.2],[-84.75,71.21],[-84.69,71.21],[-84.66,71.22],[-84.76,71.26],[-84.8,71.29],[-84.76,71.37],[-84.76,71.41],[-84.7,71.43],[-84.59,71.44],[-84.55,71.45],[-84.53,71.49],[-84.56,71.54],[-84.61,71.57],[-84.64,71.58],[-84.66,71.61],[-84.6,71.65],[-84.64,71.68],[-84.71,71.68],[-84.87,71.68],[-84.84,71.66],[-84.87,71.63],[-85.26,71.67],[-85.33,71.69],[-85.46,71.76],[-85.53,71.77],[-85.57,71.79],[-85.45,71.8],[-85.45,71.83],[-85.49,71.85],[-85.55,71.89],[-85.65,71.92],[-85.75,71.95],[-86.02,71.98],[-86.05,72.01],[-86.01,72.0],[-85.98,71.98],[-85.98,72.02],[-85.95,72.03],[-85.92,72.03],[-85.87,72.03],[-85.72,72.01],[-85.77,72.03],[-85.74,72.05],[-85.61,72.06],[-85.57,72.06],[-85.51,72.08],[-85.54,72.12],[-85.47,72.13],[-85.43,72.14],[-85.4,72.13],[-85.44,72.16],[-85.48,72.17],[-85.51,72.18],[-85.51,72.23],[-85.54,72.24],[-85.51,72.24],[-85.45,72.22],[-85.42,72.22],[-85.45,72.25],[-85.48,72.25],[-85.44,72.27],[-85.36,72.25],[-85.3,72.26],[-85.24,72.26],[-85.2,72.24],[-85.16,72.26],[-85.11,72.26],[-85.07,72.23],[-85.02,72.25],[-84.96,72.24],[-84.91,72.23],[-84.86,72.22],[-84.68,72.14],[-84.61,72.14],[-84.58,72.13],[-84.52,72.12],[-84.47,72.1],[-84.43,72.07],[-84.36,72.06],[-84.32,72.04],[-84.27,72.02],[-84.25,71.99],[-84.23,71.95],[-84.18,71.94],[-84.18,71.98],[-84.18,72.01],[-84.25,72.06],[-84.32,72.07],[-84.39,72.11],[-84.49,72.14],[-84.59,72.16],[-84.75,72.23],[-84.71,72.23],[-84.67,72.24],[-84.71,72.25],[-84.75,72.24],[-84.82,72.26],[-84.91,72.28],[-84.94,72.29],[-84.89,72.31],[-84.81,72.36],[-84.78,72.36],[-84.57,72.35],[-84.53,72.36],[-84.43,72.38],[-84.54,72.37],[-84.83,72.38],[-84.86,72.37],[-84.88,72.4],[-84.85,72.41],[-84.8,72.41],[-84.78,72.45],[-84.83,72.44],[-84.89,72.44],[-85.02,72.4],[-85.08,72.38],[-85.12,72.36],[-85.15,72.36],[-85.12,72.38],[-85.34,72.41],[-85.45,72.45],[-85.51,72.46],[-85.55,72.48],[-85.57,72.52],[-85.61,72.54],[-85.5,72.57],[-85.47,72.57],[-85.58,72.58],[-85.63,72.59],[-85.7,72.63],[-85.69,72.67],[-85.7,72.72],[-85.7,72.76],[-85.69,72.79],[-85.67,72.83],[-85.65,72.87],[-85.68,72.89],[-85.61,72.94],[-85.57,72.97],[-85.32,72.96],[-85.16,72.95],[-84.92,72.9],[-84.46,72.84],[-84.37,72.81],[-84.31,72.8],[-84.26,72.79],[-84.13,72.78],[-83.99,72.75],[-83.95,72.76],[-84.08,72.79],[-84.24,72.8],[-84.62,72.9],[-84.72,72.91],[-84.92,72.96],[-84.95,72.96],[-85.09,72.98],[-85.06,72.99],[-85.08,73.02],[-85.12,73.03],[-85.16,73.04],[-85.19,73.02],[-85.54,73.03],[-85.46,73.11],[-85.42,73.14],[-85.39,73.14],[-85.35,73.1],[-85.21,73.06],[-85.12,73.05],[-85.15,73.07],[-85.21,73.11],[-85.18,73.15],[-85.03,73.14],[-84.88,73.1],[-84.73,73.09],[-84.46,73.06],[-84.2,73.05],[-84.0,73.04],[-83.86,73.04],[-83.71,73.0],[-83.66,72.99],[-83.78,73.03],[-83.92,73.06],[-84.17,73.07],[-84.24,73.09],[-84.49,73.12],[-84.57,73.11],[-85.02,73.2],[-85.11,73.2],[-85.16,73.21],[-85.19,73.23],[-85.16,73.25],[-85.15,73.29],[-85.11,73.32],[-84.84,73.39],[-84.8,73.39],[-84.76,73.38],[-84.69,73.33],[-84.66,73.31],[-84.63,73.3],[-84.6,73.29],[-84.57,73.29],[-84.51,73.28],[-84.46,73.25],[-84.4,73.22],[-84.34,73.23],[-84.38,73.26],[-84.57,73.32],[-84.6,73.34],[-84.62,73.38],[-84.66,73.4],[-84.6,73.41],[-84.24,73.47],[-84.18,73.48],[-83.78,73.44],[-83.73,73.41],[-83.72,73.37],[-83.7,73.34],[-83.65,73.3],[-83.62,73.3],[-83.59,73.31],[-83.63,73.35],[-83.64,73.38],[-83.63,73.42],[-83.67,73.46],[-84.01,73.5],[-83.98,73.52],[-83.64,73.6],[-83.55,73.6],[-83.36,73.64],[-83.16,73.67],[-83.13,73.67],[-83.06,73.65],[-83.03,73.66],[-83.0,73.68],[-82.9,73.71],[-82.87,73.73],[-82.83,73.74],[-82.44,73.73],[-82.05,73.74],[-81.88,73.72],[-81.53,73.72],[-81.47,73.7],[-81.45,73.67],[-81.42,73.64],[-81.34,73.61],[-81.26,73.57],[-81.23,73.54],[-81.21,73.49],[-81.19,73.43],[-81.18,73.37],[-81.21,73.33],[-81.22,73.29],[-81.19,73.26],[-81.13,73.25],[-80.64,73.17],[-80.57,73.12],[-80.55,73.09],[-80.6,73.05],[-80.6,73.01],[-80.64,73.0],[-80.64,72.96],[-80.63,72.92],[-80.59,72.91],[-80.53,72.86],[-80.46,72.83],[-80.36,72.82],[-80.32,72.81],[-80.28,72.77],[-80.25,72.74],[-80.3,72.72],[-80.37,72.71],[-80.41,72.69],[-80.45,72.68],[-80.48,72.66],[-80.52,72.64],[-80.56,72.63],[-80.53,72.58],[-80.76,72.52],[-80.9,72.46],[-80.95,72.46],[-80.98,72.44],[-81.05,72.39],[-81.09,72.37],[-81.13,72.35],[-81.18,72.34],[-81.2,72.29],[-81.23,72.28],[-81.29,72.28],[-81.38,72.24],[-81.31,72.25],[-81.24,72.26],[-80.89,72.44],[-80.82,72.44],[-80.74,72.47],[-80.56,72.52],[-80.52,72.51],[-80.5,72.47],[-80.52,72.42],[-80.51,72.38],[-80.58,72.37],[-80.64,72.36],[-80.75,72.31],[-80.83,72.26],[-80.86,72.23],[-80.83,72.21],[-80.87,72.2],[-80.97,72.2],[-80.76,72.14],[-80.72,72.14],[-80.68,72.12],[-80.62,72.11],[-80.57,72.09],[-80.6,72.06],[-80.69,72.08],[-80.76,72.1],[-81.03,72.09],[-80.99,72.07],[-81.09,72.05],[-81.05,72.04],[-81.0,72.04],[-80.95,72.04],[-80.84,72.05],[-80.81,72.05],[-80.8,72.02],[-80.83,72.0],[-80.83,71.96],[-80.88,71.92],[-80.96,71.91],[-80.99,71.89],[-80.83,71.91],[-80.76,71.94],[-80.76,71.98],[-80.66,72.01],[-80.57,72.01],[-80.52,72.03],[-80.46,72.04],[-80.4,72.05],[-80.35,72.07],[-80.37,72.11],[-80.44,72.14],[-80.48,72.18],[-80.45,72.2],[-80.42,72.2],[-80.38,72.18],[-80.35,72.18],[-80.31,72.19],[-80.27,72.21],[-80.31,72.26],[-80.28,72.29],[-80.25,72.3],[-80.2,72.3],[-80.16,72.28],[-80.07,72.21],[-80.03,72.2],[-79.99,72.18],[-79.94,72.16],[-79.68,72.13],[-79.73,72.16],[-79.84,72.17],[-79.93,72.2],[-80.03,72.25],[-80.07,72.28],[-80.16,72.31],[-80.05,72.4],[-79.93,72.41],[-79.87,72.43],[-79.87,72.48],[-79.82,72.51],[-79.77,72.5],[-79.73,72.49],[-79.7,72.48],[-79.74,72.45],[-79.77,72.43],[-79.75,72.4],[-79.66,72.37],[-79.63,72.35],[-79.59,72.34],[-79.63,72.31],[-79.66,72.29],[-79.74,72.27],[-79.78,72.24],[-79.74,72.22],[-79.71,72.22],[-79.65,72.26],[-79.62,72.27],[-79.59,72.28],[-79.55,72.28],[-79.52,72.27],[-79.49,72.23],[-79.48,72.2],[-79.45,72.22],[-79.48,72.26],[-79.51,72.28],[-79.55,72.29],[-79.51,72.3],[-79.47,72.33],[-79.42,72.35],[-79.39,72.36],[-79.36,72.37],[-79.37,72.4],[-79.33,72.4],[-79.28,72.39],[-79.13,72.34],[-79.09,72.32],[-79.04,72.29],[-78.97,72.29],[-78.96,72.26],[-78.98,72.23],[-78.94,72.2],[-78.98,72.17],[-79.01,72.12],[-79.03,72.09],[-79.06,72.06],[-79.12,72.03],[-79.21,71.99],[-79.17,71.96],[-79.13,71.96],[-79.09,71.97],[-78.72,71.92],[-78.59,71.87],[-78.55,71.86],[-78.5,71.87],[-78.57,71.89],[-78.6,71.92],[-78.62,71.95],[-78.76,71.96],[-78.82,71.97],[-78.86,71.99],[-78.9,72.0],[-78.92,72.03],[-78.88,72.06],[-78.87,72.1],[-78.87,72.13],[-78.88,72.17],[-78.83,72.17],[-78.5,72.1],[-78.47,72.08],[-78.44,72.05],[-78.39,71.97],[-78.38,71.94],[-78.21,71.82],[-78.12,71.81],[-78.05,71.79],[-77.95,71.77],[-77.91,71.77],[-77.94,71.78],[-78.01,71.8],[-78.07,71.81],[-78.17,71.85],[-78.23,71.89],[-78.3,71.92],[-78.31,71.95],[-78.28,71.96],[-78.18,71.97],[-78.15,71.97],[-78.09,71.92],[-78.04,71.9],[-77.99,71.88],[-77.98,71.85],[-77.93,71.82],[-77.82,71.8],[-77.77,71.78],[-77.74,71.78],[-77.71,71.81],[-77.77,71.82],[-77.82,71.83],[-77.86,71.84],[-77.89,71.84],[-77.92,71.85],[-78.02,71.92],[-78.09,71.94],[-78.12,71.98],[-78.19,71.98],[-78.26,71.98],[-78.29,71.98],[-78.33,71.99],[-78.35,72.05],[-78.39,72.1],[-78.43,72.12],[-78.56,72.14],[-78.62,72.16],[-78.68,72.17],[-78.85,72.22],[-78.88,72.23],[-78.8,72.25],[-78.77,72.27],[-78.78,72.3],[-78.82,72.32],[-78.74,72.33],[-78.63,72.35],[-78.6,72.36],[-78.57,72.36],[-78.51,72.33],[-78.53,72.29],[-78.53,72.25],[-78.5,72.23],[-78.46,72.22],[-78.46,72.19],[-78.4,72.18],[-78.41,72.22],[-78.48,72.24],[-78.46,72.28],[-78.47,72.32],[-78.41,72.33],[-78.02,72.28],[-78.02,72.25],[-77.95,72.26],[-77.92,72.26],[-77.79,72.24],[-77.69,72.22],[-77.65,72.19],[-77.65,72.16],[-77.63,72.13],[-77.6,72.13],[-77.62,72.18],[-77.59,72.18],[-77.3,72.19],[-77.26,72.18],[-77.18,72.16],[-77.0,72.13],[-77.13,72.17],[-77.27,72.2],[-77.55,72.2],[-77.63,72.23],[-77.69,72.24],[-77.83,72.28],[-77.94,72.29],[-78.0,72.31],[-78.23,72.34],[-78.53,72.43],[-78.55,72.47],[-78.56,72.51],[-78.46,72.56],[-78.43,72.59],[-78.39,72.59],[-78.19,72.65],[-78.02,72.68],[-77.99,72.69],[-77.8,72.7],[-77.72,72.73],[-77.65,72.74],[-77.6,72.76],[-77.25,72.75],[-76.89,72.74],[-76.78,72.73],[-76.69,72.7],[-76.66,72.68],[-76.65,72.64],[-76.2,72.6],[-76.17,72.59],[-76.16,72.56],[-76.13,72.49],[-76.1,72.48],[-76.04,72.49],[-76.07,72.55],[-76.01,72.58],[-75.94,72.59],[-75.74,72.58],[-75.64,72.56],[-75.57,72.56],[-75.47,72.53],[-75.2,72.5],[-75.19,72.46],[-75.16,72.42],[-75.07,72.36],[-75.04,72.32],[-74.97,72.28],[-74.94,72.26],[-75.0,72.23],[-75.03,72.2],[-75.06,72.19],[-75.25,72.13],[-75.28,72.12],[-75.48,72.15],[-75.64,72.15],[-76.03,72.09],[-76.07,72.08],[-76.1,72.03],[-76.15,71.99],[-76.18,71.98],[-76.28,71.95],[-76.32,71.93],[-76.36,71.89],[-76.4,71.87],[-76.36,71.86],[-76.33,71.87],[-76.28,71.91],[-76.25,71.93],[-76.19,71.96],[-76.12,71.98],[-76.09,71.99],[-76.06,72.01],[-76.03,72.04],[-75.66,72.12],[-75.51,72.13],[-75.24,72.08],[-75.25,72.05],[-75.3,72.04],[-75.54,72.02],[-75.59,72.0],[-75.62,71.97],[-75.63,71.93],[-75.66,71.9],[-75.69,71.87],[-75.69,71.84],[-75.75,71.81],[-75.8,71.76],[-75.87,71.73],[-76.02,71.72],[-76.1,71.7],[-76.06,71.7],[-76.0,71.71],[-75.93,71.7],[-75.87,71.71],[-75.83,71.72],[-75.78,71.74],[-75.71,71.8],[-75.67,71.82],[-75.64,71.86],[-75.59,71.9],[-75.57,71.94],[-75.57,71.97],[-75.5,72.0],[-75.46,72.01],[-75.33,72.0],[-75.29,72.0],[-75.24,72.01],[-75.2,72.02],[-75.16,72.04],[-75.13,72.09],[-75.1,72.1],[-75.06,72.13],[-75.02,72.13],[-74.98,72.13],[-74.89,72.11],[-74.6,72.1],[-74.32,72.09],[-74.28,72.08],[-74.25,72.08],[-74.17,72.03],[-74.14,71.99],[-74.19,71.93],[-74.18,71.89],[-74.19,71.86],[-74.25,71.82],[-74.32,71.82],[-74.41,71.81],[-74.47,71.81],[-74.52,71.82],[-74.57,71.83],[-74.57,71.79],[-74.63,71.78],[-74.67,71.77],[-74.71,71.74],[-74.74,71.73],[-74.81,71.73],[-74.84,71.73],[-74.9,71.71],[-74.93,71.71],[-75.05,71.72],[-75.35,71.7],[-75.38,71.69],[-75.09,71.7],[-75.01,71.7],[-74.97,71.69],[-74.94,71.68],[-74.96,71.65],[-75.17,71.6],[-75.26,71.56],[-75.41,71.52],[-75.31,71.55],[-75.2,71.55],[-75.05,71.61],[-74.92,71.62],[-74.88,71.63],[-74.86,71.66],[-74.8,71.68],[-74.72,71.7],[-74.69,71.7],[-74.66,71.69],[-74.66,71.62],[-74.72,71.59],[-74.75,71.58],[-74.79,71.57],[-74.83,71.55],[-75.02,71.54],[-75.05,71.53],[-75.08,71.51],[-75.13,71.49],[-75.09,71.5],[-75.06,71.51],[-75.03,71.52],[-74.84,71.52],[-74.83,71.49],[-74.91,71.46],[-74.81,71.45],[-74.74,71.44],[-74.71,71.4],[-74.76,71.37],[-74.8,71.35],[-74.84,71.32],[-74.88,71.31],[-74.92,71.27],[-74.98,71.25],[-75.03,71.22],[-75.08,71.2],[-75.05,71.19],[-74.89,71.25],[-74.86,71.27],[-74.83,71.29],[-74.75,71.32],[-74.72,71.34],[-74.67,71.37],[-74.63,71.39],[-74.63,71.42],[-74.66,71.44],[-74.7,71.46],[-74.73,71.48],[-74.74,71.51],[-74.73,71.54],[-74.69,71.55],[-74.65,71.55],[-74.62,71.56],[-74.54,71.64],[-74.5,71.67],[-74.42,71.67],[-74.32,71.71],[-74.14,71.74],[-74.1,71.73],[-74.12,71.69],[-74.17,71.66],[-74.23,71.64],[-74.25,71.61],[-74.25,71.58],[-74.21,71.55],[-74.17,71.54],[-74.2,71.59],[-74.22,71.62],[-74.19,71.63],[-74.15,71.64],[-74.11,71.65],[-74.06,71.7],[-74.0,71.75],[-73.91,71.78],[-73.72,71.78],[-73.68,71.74],[-73.62,71.77],[-73.61,71.73],[-73.65,71.71],[-73.77,71.67],[-73.8,71.64],[-73.88,71.62],[-73.9,71.58],[-73.96,71.56],[-73.98,71.53],[-74.0,71.5],[-74.0,71.46],[-74.07,71.47],[-74.1,71.47],[-74.16,71.45],[-74.19,71.45],[-74.26,71.43],[-74.32,71.42],[-74.25,71.41],[-74.18,71.44],[-74.03,71.44],[-74.06,71.41],[-74.06,71.38],[-74.07,71.34],[-74.12,71.33],[-74.18,71.31],[-74.13,71.31],[-74.1,71.3],[-74.12,71.27],[-74.16,71.24],[-74.22,71.22],[-74.19,71.22],[-74.0,71.33],[-74.01,71.36],[-73.95,71.43],[-73.92,71.44],[-73.9,71.48],[-73.88,71.51],[-73.85,71.54],[-73.82,71.55],[-73.76,71.58],[-73.73,71.59],[-73.69,71.59],[-73.65,71.59],[-73.62,71.58],[-73.56,71.56],[-73.6,71.53],[-73.61,71.49],[-73.65,71.44],[-73.6,71.41],[-73.64,71.36],[-73.61,71.36],[-73.55,71.38],[-73.51,71.42],[-73.46,71.44],[-73.42,71.42],[-73.39,71.4],[-73.42,71.38],[-73.45,71.37],[-73.49,71.37],[-73.51,71.34],[-73.57,71.32],[-73.63,71.29],[-73.66,71.27],[-73.69,71.24],[-73.69,71.2],[-73.71,71.17],[-73.71,71.13],[-73.75,71.09],[-73.86,71.08],[-73.9,71.06],[-73.85,71.06],[-73.76,71.07],[-73.73,71.07],[-73.69,71.09],[-73.66,71.13],[-73.66,71.18],[-73.63,71.23],[-73.55,71.27],[-73.5,71.29],[-73.47,71.3],[-73.43,71.32],[-73.44,71.35],[-73.32,71.34],[-73.25,71.33],[-73.18,71.31],[-73.12,71.3],[-73.08,71.29],[-73.23,71.25],[-73.28,71.22],[-73.25,71.19],[-73.24,71.15],[-73.27,71.13],[-73.29,71.1],[-73.33,71.08],[-73.43,71.05],[-73.39,70.99],[-73.4,71.03],[-73.37,71.06],[-73.29,71.07],[-73.26,71.11],[-73.2,71.14],[-73.17,71.18],[-73.17,71.23],[-73.13,71.23],[-73.05,71.23],[-73.01,71.24],[-72.98,71.27],[-72.96,71.32],[-72.96,71.36],[-72.98,71.39],[-72.94,71.42],[-72.81,71.42],[-72.76,71.44],[-72.79,71.48],[-72.84,71.51],[-72.77,71.52],[-72.64,71.55],[-72.61,71.59],[-72.6,71.64],[-72.55,71.67],[-72.51,71.66],[-72.47,71.65],[-72.2,71.61],[-71.92,71.57],[-71.78,71.53],[-71.58,71.52],[-71.54,71.51],[-71.51,71.49],[-71.42,71.46],[-71.39,71.41],[-71.29,71.38],[-71.15,71.29],[-71.12,71.27],[-71.15,71.24],[-71.24,71.22],[-71.29,71.18],[-71.33,71.17],[-71.38,71.13],[-71.42,71.09],[-71.45,71.07],[-71.62,71.07],[-71.71,71.1],[-71.86,71.11],[-71.89,71.11],[-71.99,71.09],[-72.05,71.08],[-72.1,71.07],[-72.1,71.03],[-72.17,70.97],[-72.27,70.96],[-72.3,70.95],[-72.31,70.91],[-72.34,70.89],[-72.75,70.83],[-72.78,70.82],[-72.48,70.84],[-72.3,70.87],[-72.23,70.86],[-72.18,70.85],[-72.2,70.81],[-72.27,70.78],[-72.32,70.76],[-72.36,70.69],[-72.49,70.65],[-72.58,70.65],[-72.62,70.63],[-72.59,70.63],[-72.56,70.63],[-72.53,70.62],[-72.48,70.65],[-72.39,70.65],[-72.36,70.66],[-72.33,70.67],[-72.3,70.69],[-72.23,70.75],[-71.95,70.79],[-71.82,70.83],[-71.73,70.84],[-71.59,70.87],[-71.32,70.89],[-71.22,70.86],[-71.17,70.86],[-71.25,70.9],[-71.29,70.91],[-71.25,70.95],[-71.2,71.01],[-71.15,71.04],[-70.98,71.07],[-70.86,71.11],[-70.79,71.11],[-70.71,71.1],[-70.64,71.08],[-70.59,71.03],[-70.58,71.0],[-70.53,70.96],[-70.52,70.91],[-70.71,70.84],[-70.74,70.81],[-70.75,70.75],[-70.81,70.72],[-71.07,70.68],[-71.1,70.66],[-71.13,70.62],[-71.16,70.59],[-71.21,70.58],[-71.26,70.58],[-71.53,70.62],[-71.58,70.61],[-71.59,70.58],[-71.6,70.54],[-71.73,70.5],[-71.74,70.46],[-71.77,70.44],[-71.89,70.44],[-71.93,70.44],[-71.97,70.42],[-71.94,70.41],[-71.81,70.44],[-71.74,70.43],[-71.74,70.36],[-71.77,70.33],[-71.81,70.31],[-71.85,70.3],[-71.82,70.29],[-71.75,70.31],[-71.67,70.37],[-71.67,70.41],[-71.64,70.46],[-71.56,70.51],[-71.51,70.55],[-71.51,70.58],[-71.45,70.59],[-71.42,70.58],[-71.39,70.57],[-71.44,70.56],[-71.34,70.57],[-71.31,70.56],[-71.25,70.55],[-71.22,70.54],[-71.18,70.54],[-71.24,70.42],[-71.26,70.39],[-71.28,70.34],[-71.31,70.33],[-71.32,70.3],[-71.27,70.27],[-71.31,70.23],[-71.37,70.2],[-71.39,70.16],[-71.43,70.14],[-71.5,70.09],[-71.54,70.04],[-71.48,70.07],[-71.35,70.12],[-71.33,70.15],[-71.31,70.19],[-71.25,70.22],[-71.22,70.26],[-71.23,70.3],[-71.19,70.33],[-71.18,70.37],[-71.15,70.4],[-71.13,70.43],[-71.08,70.49],[-71.0,70.52],[-71.06,70.55],[-71.01,70.59],[-71.01,70.62],[-70.84,70.65],[-70.69,70.7],[-70.64,70.71],[-70.56,70.74],[-70.51,70.74],[-70.45,70.77],[-70.4,70.78],[-70.24,70.8],[-69.91,70.88],[-69.88,70.88],[-69.82,70.88],[-69.78,70.87],[-69.79,70.83],[-69.87,70.78],[-69.96,70.73],[-70.21,70.66],[-70.28,70.64],[-70.41,70.64],[-70.45,70.64],[-70.48,70.61],[-70.45,70.57],[-70.41,70.54],[-70.42,70.51],[-70.49,70.49],[-70.45,70.48],[-70.36,70.5],[-70.31,70.5],[-70.33,70.54],[-70.38,70.58],[-70.41,70.61],[-70.37,70.62],[-70.33,70.61],[-70.19,70.62],[-70.1,70.61],[-70.06,70.63],[-70.04,70.6],[-69.98,70.65],[-69.9,70.67],[-69.86,70.69],[-69.8,70.68],[-69.77,70.69],[-69.81,70.7],[-69.78,70.72],[-69.71,70.69],[-69.66,70.71],[-69.64,70.75],[-69.59,70.77],[-69.47,70.79],[-69.4,70.79],[-69.27,70.79],[-69.2,70.78],[-69.13,70.73],[-69.1,70.72],[-68.73,70.65],[-68.36,70.58],[-68.3,70.56],[-68.28,70.52],[-68.35,70.47],[-68.39,70.43],[-68.44,70.42],[-68.45,70.39],[-68.49,70.37],[-68.53,70.38],[-68.57,70.39],[-68.55,70.44],[-68.57,70.47],[-68.61,70.46],[-68.66,70.44],[-68.67,70.4],[-68.65,70.36],[-68.68,70.33],[-68.72,70.32],[-68.84,70.31],[-68.91,70.3],[-69.01,70.3],[-69.1,70.28],[-69.14,70.28],[-69.21,70.28],[-69.27,70.27],[-69.31,70.27],[-69.36,70.26],[-69.47,70.25],[-69.54,70.22],[-69.62,70.22],[-69.72,70.18],[-69.81,70.17],[-69.84,70.13],[-69.87,70.11],[-69.9,70.09],[-69.94,70.08],[-70.09,70.07],[-70.12,70.05],[-70.16,70.05],[-70.15,70.02],[-70.12,70.03],[-70.06,70.06],[-70.03,70.07],[-69.95,70.06],[-69.88,70.04],[-69.83,70.01],[-69.83,69.98],[-70.0,70.0],[-70.04,69.99],[-70.11,69.97],[-70.14,69.97],[-70.19,69.96],[-70.23,69.94],[-70.24,69.91],[-70.27,69.9],[-70.32,69.89],[-70.37,69.87],[-70.4,69.86],[-70.44,69.87],[-70.47,69.85],[-70.37,69.84],[-70.34,69.85],[-70.09,69.96],[-70.05,69.96],[-69.93,69.97],[-69.88,69.95],[-69.85,69.95],[-69.81,69.96],[-69.78,69.97],[-69.74,69.99],[-69.75,70.02],[-69.79,70.03],[-69.8,70.07],[-69.77,70.1],[-69.72,70.13],[-69.68,70.14],[-69.21,70.19],[-69.16,70.19],[-69.08,70.17],[-69.04,70.17],[-69.01,70.19],[-69.11,70.2],[-69.0,70.2],[-68.96,70.2],[-68.71,70.21],[-68.67,70.18],[-68.76,70.11],[-68.73,70.08],[-68.79,70.04],[-68.86,70.02],[-69.09,69.99],[-69.12,69.98],[-69.16,69.95],[-69.19,69.94],[-69.22,69.93],[-69.25,69.91],[-69.29,69.9],[-69.37,69.84],[-69.41,69.83],[-69.44,69.82],[-69.48,69.82],[-69.71,69.84],[-69.75,69.84],[-69.79,69.83],[-69.84,69.81],[-69.88,69.75],[-69.91,69.72],[-69.96,69.7],[-70.0,69.67],[-70.01,69.63],[-69.98,69.62],[-69.95,69.66],[-69.9,69.68],[-69.87,69.7],[-69.83,69.72],[-69.81,69.76],[-69.76,69.8],[-69.6,69.81],[-69.56,69.8],[-69.5,69.79],[-69.39,69.78],[-69.21,69.89],[-69.16,69.9],[-69.1,69.92],[-69.01,69.93],[-68.95,69.95],[-68.78,69.95],[-68.71,69.93],[-68.66,69.94],[-68.66,69.98],[-68.63,69.99],[-68.58,70.02],[-68.55,70.03],[-68.55,70.06],[-68.52,70.05],[-68.47,70.05],[-68.44,70.07],[-68.39,70.07],[-68.34,70.07],[-68.28,70.08],[-68.19,70.13],[-68.22,70.13],[-68.32,70.14],[-68.33,70.17],[-68.29,70.19],[-68.31,70.23],[-68.24,70.26],[-68.18,70.28],[-68.15,70.3],[-68.08,70.33],[-68.05,70.33],[-68.02,70.3],[-67.86,70.28],[-67.81,70.26],[-67.77,70.24],[-67.74,70.23],[-67.59,70.16],[-67.55,70.15],[-67.49,70.12],[-67.44,70.08],[-67.4,70.07],[-67.37,70.03],[-67.34,70.01],[-67.25,69.96],[-67.22,69.93],[-67.22,69.88],[-67.16,69.83],[-67.17,69.79],[-67.14,69.76],[-67.12,69.73],[-67.35,69.72],[-67.55,69.74],[-67.62,69.76],[-67.66,69.76],[-67.7,69.77],[-67.75,69.78],[-68.01,69.78],[-68.06,69.77],[-68.11,69.74],[-68.19,69.72],[-68.23,69.71],[-68.29,69.65],[-68.35,69.63],[-68.55,69.63],[-68.67,69.65],[-68.7,69.65],[-68.73,69.65],[-68.76,69.64],[-68.81,69.62],[-68.97,69.6],[-69.02,69.58],[-69.11,69.57],[-69.15,69.57],[-69.22,69.54],[-69.26,69.53],[-69.71,69.57],[-69.79,69.57],[-69.95,69.54],[-70.01,69.54],[-69.95,69.52],[-69.89,69.51],[-69.84,69.52],[-69.8,69.54],[-69.76,69.54],[-69.66,69.55],[-69.29,69.51],[-69.24,69.51],[-69.18,69.52],[-69.14,69.52],[-69.11,69.53],[-69.04,69.53],[-69.01,69.54],[-68.95,69.57],[-68.77,69.59],[-68.59,69.59],[-68.46,69.57],[-68.4,69.55],[-68.01,69.46],[-67.92,69.45],[-67.87,69.46],[-67.79,69.48],[-67.59,69.48],[-67.55,69.47],[-67.23,69.46],[-66.79,69.34],[-66.74,69.3],[-66.69,69.28],[-66.66,69.24],[-66.65,69.2],[-66.74,69.14],[-66.78,69.13],[-66.98,69.18],[-67.16,69.18],[-67.2,69.17],[-67.25,69.16],[-67.32,69.18],[-67.36,69.19],[-67.39,69.19],[-67.46,69.17],[-67.51,69.16],[-67.68,69.18],[-67.9,69.23],[-67.94,69.25],[-68.0,69.26],[-68.05,69.27],[-68.1,69.28],[-68.2,69.31],[-68.24,69.31],[-68.35,69.3],[-68.68,69.33],[-69.01,69.36],[-69.21,69.3],[-69.26,69.28],[-69.2,69.27],[-69.14,69.3],[-69.0,69.33],[-68.95,69.34],[-68.77,69.32],[-68.7,69.3],[-68.42,69.28],[-68.22,69.28],[-68.17,69.28],[-68.13,69.25],[-68.1,69.24],[-68.1,69.21],[-68.14,69.2],[-68.18,69.2],[-68.22,69.21],[-68.63,69.24],[-68.69,69.22],[-68.78,69.22],[-68.96,69.22],[-68.88,69.2],[-68.74,69.2],[-68.68,69.21],[-68.53,69.21],[-68.65,69.17],[-68.69,69.15],[-68.73,69.14],[-68.8,69.14],[-68.92,69.12],[-69.04,69.12],[-69.1,69.09],[-69.05,69.09],[-68.92,69.11],[-68.94,69.07],[-68.96,69.02],[-69.02,68.97],[-68.98,68.97],[-68.93,69.0],[-68.9,69.05],[-68.86,69.09],[-68.77,69.11],[-68.68,69.11],[-68.63,69.14],[-68.46,69.17],[-68.37,69.18],[-68.2,69.15],[-68.16,69.15],[-68.12,69.13],[-67.74,69.04],[-67.7,69.02],[-67.74,69.01],[-67.95,69.01],[-67.98,69.0],[-68.0,68.97],[-68.04,68.97],[-68.24,69.01],[-68.39,69.01],[-68.43,69.0],[-68.47,69.0],[-68.5,68.98],[-68.53,68.99],[-68.55,68.96],[-68.52,68.97],[-68.3,68.99],[-68.27,68.96],[-68.21,68.96],[-68.16,68.95],[-68.04,68.95],[-68.06,68.91],[-68.09,68.91],[-68.03,68.9],[-67.97,68.87],[-68.0,68.86],[-68.13,68.87],[-68.18,68.88],[-68.49,68.9],[-68.46,68.89],[-68.28,68.88],[-68.24,68.86],[-68.18,68.85],[-68.13,68.84],[-67.93,68.81],[-67.89,68.81],[-67.85,68.79],[-67.8,68.79],[-67.77,68.78],[-67.82,68.77],[-67.88,68.77],[-68.22,68.83],[-68.27,68.82],[-68.4,68.85],[-68.47,68.84],[-68.53,68.85],[-68.58,68.85],[-68.61,68.85],[-68.54,68.83],[-68.51,68.82],[-68.6,68.8],[-68.65,68.79],[-68.69,68.8],[-68.72,68.81],[-68.79,68.8],[-68.84,68.82],[-68.89,68.81],[-68.97,68.82],[-69.04,68.85],[-69.16,68.85],[-69.3,68.88],[-69.36,68.88],[-69.4,68.86],[-69.27,68.86],[-69.2,68.85],[-69.15,68.83],[-69.35,68.83],[-69.38,68.82],[-68.99,68.8],[-68.96,68.8],[-68.96,68.76],[-69.0,68.76],[-68.97,68.74],[-68.9,68.76],[-68.75,68.76],[-68.66,68.74],[-68.55,68.75],[-68.51,68.74],[-68.4,68.74],[-68.21,68.72],[-68.14,68.7],[-68.05,68.69],[-68.1,68.67],[-68.17,68.67],[-68.09,68.66],[-68.11,68.63],[-68.15,68.64],[-68.19,68.65],[-68.23,68.66],[-68.28,68.65],[-68.36,68.63],[-68.39,68.63],[-68.64,68.67],[-68.73,68.65],[-68.77,68.65],[-68.8,68.62],[-68.83,68.61],[-68.88,68.61],[-68.85,68.59],[-68.8,68.59],[-68.77,68.6],[-68.74,68.61],[-68.7,68.63],[-68.63,68.64],[-68.49,68.62],[-68.55,68.59],[-68.72,68.58],[-68.76,68.57],[-68.46,68.56],[-68.43,68.59],[-68.4,68.6],[-68.35,68.6],[-68.22,68.59],[-68.14,68.58],[-68.12,68.54],[-68.02,68.54],[-67.97,68.54],[-67.93,68.56],[-67.92,68.5],[-67.91,68.46],[-67.95,68.42],[-67.92,68.41],[-67.88,68.47],[-67.86,68.5],[-67.87,68.54],[-67.83,68.54],[-67.7,68.55],[-67.66,68.56],[-67.62,68.56],[-67.59,68.54],[-67.55,68.55],[-67.51,68.54],[-67.54,68.51],[-67.6,68.51],[-67.63,68.49],[-67.6,68.45],[-67.62,68.41],[-67.59,68.39],[-67.56,68.42],[-67.55,68.46],[-67.55,68.49],[-67.46,68.49],[-67.41,68.49],[-67.37,68.49],[-67.33,68.5],[-67.3,68.47],[-67.27,68.45],[-67.25,68.48],[-67.22,68.48],[-67.21,68.44],[-67.27,68.43],[-67.31,68.43],[-67.34,68.41],[-67.12,68.41],[-67.1,68.45],[-67.13,68.48],[-67.06,68.47],[-67.01,68.46],[-66.97,68.44],[-66.93,68.45],[-66.86,68.47],[-66.8,68.47],[-66.66,68.44],[-66.73,68.43],[-66.76,68.43],[-66.79,68.43],[-66.83,68.41],[-66.86,68.42],[-66.89,68.42],[-66.92,68.41],[-66.94,68.38],[-66.97,68.37],[-67.02,68.36],[-67.05,68.36],[-67.12,68.37],[-67.18,68.39],[-67.33,68.4],[-67.37,68.39],[-67.4,68.4],[-67.44,68.38],[-67.79,68.34],[-67.84,68.32],[-67.88,68.28],[-67.85,68.26],[-67.82,68.29],[-67.75,68.32],[-67.65,68.32],[-67.57,68.34],[-67.53,68.34],[-67.57,68.32],[-67.57,68.28],[-67.7,68.25],[-67.64,68.25],[-67.58,68.25],[-67.54,68.27],[-67.54,68.31],[-67.42,68.35],[-67.36,68.36],[-67.33,68.35],[-67.34,68.32],[-67.3,68.33],[-67.27,68.35],[-67.24,68.36],[-67.2,68.36],[-67.03,68.33],[-67.07,68.31],[-67.24,68.3],[-67.28,68.27],[-67.32,68.26],[-67.34,68.23],[-67.33,68.19],[-67.36,68.16],[-67.39,68.15],[-67.45,68.15],[-67.49,68.16],[-67.53,68.17],[-67.56,68.18],[-67.6,68.17],[-67.56,68.15],[-67.4,68.13],[-67.35,68.15],[-67.32,68.16],[-67.28,68.19],[-67.29,68.23],[-67.14,68.28],[-67.07,68.3],[-67.03,68.3],[-67.0,68.29],[-66.94,68.27],[-66.9,68.26],[-66.79,68.25],[-66.78,68.22],[-66.81,68.2],[-66.84,68.18],[-66.83,68.13],[-66.96,68.08],[-66.97,68.04],[-66.93,68.02],[-66.91,68.06],[-66.82,68.1],[-66.77,68.11],[-66.71,68.15],[-66.67,68.11],[-66.68,68.05],[-66.7,68.01],[-66.74,67.99],[-66.7,67.99],[-66.67,68.01],[-66.64,68.03],[-66.63,68.11],[-66.58,68.15],[-66.54,68.15],[-66.35,68.14],[-66.31,68.13],[-66.33,68.1],[-66.38,68.09],[-66.48,68.09],[-66.39,68.07],[-66.3,68.09],[-66.25,68.09],[-66.23,68.04],[-66.18,68.02],[-66.29,67.99],[-66.33,67.98],[-66.36,67.94],[-66.39,67.92],[-66.4,67.88],[-66.43,67.87],[-66.5,67.86],[-66.64,67.89],[-66.7,67.89],[-66.75,67.88],[-66.72,67.87],[-66.67,67.87],[-66.63,67.86],[-66.57,67.85],[-66.51,67.83],[-66.42,67.84],[-66.4,67.8],[-66.37,67.78],[-66.35,67.81],[-66.37,67.85],[-66.34,67.88],[-66.34,67.91],[-66.3,67.95],[-66.26,67.97],[-66.22,67.96],[-66.13,67.99],[-66.07,68.01],[-66.02,68.03],[-65.97,68.03],[-65.95,68.06],[-65.94,68.1],[-65.96,68.14],[-65.91,68.15],[-65.87,68.12],[-65.9,68.09],[-65.85,68.08],[-65.89,68.05],[-65.93,68.02],[-66.03,67.96],[-65.96,67.92],[-65.95,67.87],[-65.99,67.84],[-66.0,67.79],[-66.0,67.76],[-66.03,67.74],[-66.03,67.71],[-66.01,67.67],[-66.01,67.64],[-66.0,67.67],[-65.96,67.7],[-65.95,67.73],[-65.94,67.78],[-65.96,67.82],[-65.89,67.85],[-65.81,67.87],[-65.77,67.9],[-65.79,67.94],[-65.79,67.97],[-65.76,67.97],[-65.7,67.99],[-65.65,68.0],[-65.52,68.0],[-65.48,68.0],[-65.45,68.0],[-65.45,67.95],[-65.52,67.86],[-65.55,67.82],[-65.59,67.81],[-65.61,67.78],[-65.58,67.76],[-65.52,67.73],[-65.47,67.72],[-65.44,67.71],[-65.41,67.67],[-65.37,67.61],[-65.33,67.6],[-65.36,67.69],[-65.38,67.72],[-65.52,67.77],[-65.54,67.8],[-65.51,67.81],[-65.48,67.84],[-65.42,67.9],[-65.39,67.93],[-65.29,67.94],[-65.18,67.97],[-65.15,67.99],[-65.18,68.02],[-65.15,68.03],[-65.11,68.02],[-65.05,68.05],[-64.96,68.05],[-64.85,68.02],[-64.78,68.01],[-64.75,68.0],[-64.72,67.99],[-64.76,67.97],[-64.89,67.94],[-65.01,67.95],[-65.07,67.93],[-64.97,67.92],[-64.94,67.91],[-65.01,67.87],[-65.05,67.85],[-65.08,67.84],[-65.11,67.84],[-65.14,67.81],[-65.08,67.83],[-65.04,67.83],[-65.01,67.79],[-65.05,67.78],[-65.08,67.75],[-65.12,67.75],[-65.16,67.74],[-65.2,67.71],[-65.2,67.66],[-65.17,67.64],[-65.15,67.67],[-65.14,67.71],[-65.11,67.72],[-65.06,67.73],[-65.02,67.74],[-65.0,67.77],[-64.95,67.78],[-64.91,67.79],[-64.88,67.79],[-64.83,67.78],[-64.82,67.73],[-64.86,67.7],[-64.83,67.69],[-64.8,67.7],[-64.77,67.71],[-64.76,67.74],[-64.75,67.78],[-64.76,67.82],[-64.72,67.83],[-64.69,67.82],[-64.62,67.83],[-64.5,67.81],[-64.46,67.79],[-64.46,67.76],[-64.4,67.77],[-64.37,67.75],[-64.4,67.73],[-64.49,67.71],[-64.54,67.7],[-64.6,67.69],[-64.64,67.67],[-64.45,67.7],[-64.4,67.7],[-64.37,67.7],[-64.33,67.73],[-64.29,67.73],[-64.26,67.71],[-64.23,67.7],[-64.21,67.65],[-64.25,67.63],[-64.29,67.63],[-64.26,67.62],[-64.23,67.61],[-64.11,67.62],[-64.08,67.62],[-64.1,67.57],[-64.05,67.54],[-64.1,67.52],[-64.25,67.47],[-64.44,67.48],[-64.39,67.46],[-64.33,67.45],[-64.2,67.45],[-64.1,67.47],[-64.04,67.47],[-64.0,67.45],[-63.96,67.42],[-63.94,67.36],[-63.98,67.33],[-63.92,67.32],[-63.96,67.3],[-64.02,67.31],[-64.39,67.34],[-64.76,67.36],[-64.8,67.35],[-64.36,67.3],[-64.26,67.31],[-64.23,67.3],[-64.29,67.27],[-64.35,67.26],[-64.39,67.25],[-64.53,67.26],[-64.79,67.22],[-64.73,67.2],[-64.64,67.23],[-64.57,67.24],[-64.3,67.24],[-64.01,67.28],[-63.98,67.28],[-64.0,67.23],[-64.05,67.21],[-64.09,67.21],[-64.15,67.22],[-64.2,67.21],[-64.61,67.14],[-64.66,67.12],[-64.7,67.08],[-64.7,67.02],[-64.67,67.01],[-64.63,67.02],[-64.61,67.08],[-64.57,67.11],[-64.5,67.14],[-64.35,67.15],[-64.29,67.16],[-64.24,67.16],[-64.14,67.19],[-63.96,67.19],[-63.93,67.2],[-63.9,67.24],[-63.85,67.23],[-63.79,67.24],[-63.74,67.22],[-63.69,67.23],[-63.57,67.24],[-63.5,67.24],[-63.45,67.23],[-63.46,67.2],[-63.54,67.11],[-63.67,67.06],[-63.74,67.05],[-63.77,67.03],[-63.8,66.99],[-63.77,66.96],[-63.77,66.99],[-63.76,67.02],[-63.67,67.05],[-63.55,67.07],[-63.49,67.09],[-63.44,67.12],[-63.4,67.16],[-63.42,67.2],[-63.33,67.28],[-63.3,67.31],[-63.21,67.3],[-63.25,67.27],[-63.29,67.26],[-63.26,67.25],[-63.22,67.26],[-63.19,67.27],[-63.17,67.3],[-63.21,67.32],[-63.16,67.34],[-63.12,67.33],[-63.07,67.31],[-63.03,67.3],[-63.0,67.29],[-62.98,67.25],[-62.98,67.22],[-63.01,67.2],[-63.04,67.17],[-63.25,67.13],[-63.28,67.1],[-63.23,67.04],[-63.22,67.0],[-63.24,66.97],[-63.29,66.95],[-63.35,66.94],[-63.47,66.93],[-63.52,66.92],[-63.57,66.89],[-63.56,66.85],[-63.59,66.84],[-63.71,66.82],[-63.77,66.83],[-63.81,66.83],[-63.57,66.81],[-63.53,66.82],[-63.5,66.83],[-63.5,66.87],[-63.49,66.91],[-63.44,66.91],[-63.42,66.88],[-63.42,66.84],[-63.41,66.8],[-63.42,66.77],[-63.46,66.71],[-63.43,66.71],[-63.38,66.74],[-63.35,66.79],[-63.33,66.84],[-63.35,66.87],[-63.3,66.9],[-63.23,66.9],[-63.13,66.94],[-63.0,66.95],[-62.95,66.97],[-62.91,66.97],[-62.87,66.97],[-62.84,66.94],[-62.84,66.89],[-62.83,66.86],[-62.82,66.83],[-62.82,66.8],[-62.86,66.75],[-62.87,66.71],[-62.9,66.67],[-62.84,66.67],[-62.83,66.71],[-62.81,66.74],[-62.79,66.77],[-62.75,66.79],[-62.77,66.84],[-62.76,66.87],[-62.77,66.9],[-62.75,66.94],[-62.7,66.95],[-62.61,66.95],[-62.58,66.95],[-62.53,66.93],[-62.5,66.89],[-62.5,66.86],[-62.47,66.83],[-62.44,66.83],[-62.41,66.82],[-62.33,66.74],[-62.3,66.75],[-62.34,66.8],[-62.37,66.83],[-62.41,66.84],[-62.44,66.9],[-62.43,66.93],[-62.36,66.93],[-62.32,66.94],[-62.28,66.95],[-62.28,66.98],[-62.3,67.02],[-62.26,67.05],[-62.23,67.04],[-62.18,67.05],[-62.14,67.06],[-62.09,67.06],[-62.04,67.05],[-62.0,67.04],[-62.03,67.01],[-62.06,66.98],[-62.06,66.95],[-62.1,66.93],[-62.06,66.91],[-62.03,66.91],[-61.96,66.96],[-61.91,66.98],[-61.84,66.97],[-61.85,66.94],[-61.82,66.94],[-61.78,66.95],[-61.75,66.95],[-61.8,66.89],[-61.93,66.91],[-61.99,66.9],[-61.98,66.87],[-61.94,66.89],[-61.8,66.89],[-61.76,66.88],[-61.7,66.89],[-61.61,66.87],[-61.66,66.83],[-61.73,66.83],[-61.66,66.81],[-61.51,66.8],[-61.45,66.77],[-61.41,66.75],[-61.36,66.71],[-61.3,66.68],[-61.28,66.65],[-61.29,66.62],[-61.32,66.59],[-61.35,66.58],[-61.39,66.58],[-61.43,66.56],[-61.58,66.55],[-61.62,66.57],[-61.65,66.61],[-61.73,66.65],[-61.78,66.65],[-61.87,66.66],[-61.91,66.67],[-61.95,66.69],[-62.0,66.7],[-62.03,66.69],[-62.05,66.65],[-62.19,66.63],[-62.12,66.61],[-62.06,66.62],[-62.0,66.65],[-61.97,66.65],[-61.82,66.63],[-61.79,66.61],[-61.67,66.53],[-61.64,66.51],[-61.61,66.51],[-61.58,66.48],[-61.61,66.46],[-61.65,66.46],[-61.7,66.46],[-61.74,66.45],[-61.78,66.43],[-61.82,66.44],[-61.88,66.45],[-61.99,66.42],[-61.96,66.4],[-61.93,66.41],[-61.87,66.42],[-61.56,66.42],[-61.52,66.39],[-61.48,66.38],[-61.54,66.35],[-61.58,66.35],[-61.61,66.35],[-61.65,66.33],[-61.69,66.33],[-61.75,66.34],[-61.78,66.34],[-61.81,66.32],[-61.85,66.29],[-61.88,66.29],[-61.93,66.29],[-61.98,66.3],[-62.02,66.31],[-62.06,66.33],[-62.1,66.33],[-62.13,66.32],[-62.2,66.32],[-62.23,66.36],[-62.22,66.4],[-62.25,66.41],[-62.32,66.41],[-62.38,66.42],[-62.42,66.43],[-62.49,66.43],[-62.61,66.44],[-62.63,66.41],[-62.67,66.41],[-62.72,66.41],[-62.69,66.4],[-62.65,66.39],[-62.61,66.39],[-62.57,66.41],[-62.53,66.41],[-62.5,66.41],[-62.47,66.37],[-62.42,66.34],[-62.35,66.32],[-62.32,66.3],[-62.4,66.28],[-62.48,66.27],[-62.57,66.24],[-62.62,66.23],[-62.66,66.22],[-62.69,66.23],[-62.74,66.25],[-62.78,66.28],[-62.79,66.32],[-62.84,66.33],[-62.89,66.34],[-62.85,66.31],[-62.81,66.28],[-62.8,66.24],[-62.75,66.23],[-62.7,66.2],[-62.66,66.2],[-62.54,66.23],[-62.5,66.21],[-62.45,66.2],[-62.38,66.19],[-62.33,66.16],[-62.14,66.15],[-62.11,66.14],[-62.15,66.13],[-62.15,66.1],[-62.07,66.11],[-62.04,66.1],[-62.08,66.08],[-62.04,66.08],[-62.01,66.08],[-62.04,66.07],[-62.09,66.07],[-61.99,66.05],[-61.96,66.03],[-62.02,66.02],[-62.06,66.02],[-62.11,66.0],[-62.14,66.0],[-62.17,66.01],[-62.2,66.01],[-62.3,65.98],[-62.36,66.0],[-62.4,66.02],[-62.44,66.01],[-62.5,66.03],[-62.53,66.04],[-62.62,66.03],[-62.67,66.04],[-62.71,66.05],[-62.75,66.04],[-62.79,66.04],[-62.83,66.05],[-62.87,66.12],[-62.92,66.15],[-62.97,66.15],[-63.07,66.12],[-63.02,66.12],[-62.95,66.13],[-62.9,66.1],[-62.89,66.07],[-62.85,66.04],[-62.53,66.01],[-62.5,65.98],[-62.45,65.98],[-62.41,65.97],[-62.39,65.93],[-62.46,65.93],[-62.42,65.91],[-62.38,65.91],[-62.37,65.87],[-62.31,65.83],[-62.35,65.82],[-62.4,65.8],[-62.51,65.79],[-62.54,65.8],[-62.58,65.81],[-62.64,65.81],[-62.71,65.83],[-62.76,65.86],[-62.8,65.87],[-62.83,65.9],[-62.87,65.91],[-62.83,65.87],[-62.81,65.84],[-62.74,65.81],[-62.7,65.82],[-62.67,65.81],[-62.61,65.78],[-62.58,65.77],[-62.58,65.73],[-62.65,65.73],[-62.69,65.74],[-62.83,65.77],[-62.82,65.73],[-62.78,65.72],[-62.69,65.71],[-62.64,65.68],[-62.6,65.67],[-62.62,65.62],[-62.66,65.59],[-62.65,65.63],[-62.68,65.64],[-62.71,65.63],[-62.73,65.6],[-62.77,65.59],[-62.82,65.61],[-62.85,65.63],[-62.87,65.7],[-62.9,65.75],[-62.93,65.76],[-62.96,65.76],[-62.93,65.74],[-62.91,65.7],[-62.91,65.67],[-62.9,65.63],[-62.96,65.59],[-62.99,65.59],[-63.01,65.63],[-63.16,65.65],[-63.2,65.63],[-63.23,65.67],[-63.3,65.72],[-63.33,65.74],[-63.35,65.78],[-63.43,65.85],[-63.46,65.91],[-63.5,65.94],[-63.51,65.91],[-63.53,65.88],[-63.48,65.85],[-63.41,65.76],[-63.37,65.73],[-63.36,65.7],[-63.38,65.67],[-63.46,65.69],[-63.58,65.68],[-63.62,65.67],[-63.71,65.68],[-63.66,65.65],[-63.59,65.66],[-63.56,65.65],[-63.52,65.64],[-63.38,65.64],[-63.35,65.62],[-63.32,65.6],[-63.35,65.55],[-63.48,65.53],[-63.51,65.55],[-63.55,65.58],[-63.61,65.6],[-63.59,65.56],[-63.6,65.53],[-63.54,65.52],[-63.52,65.48],[-63.49,65.49],[-63.45,65.49],[-63.29,65.44],[-63.35,65.44],[-63.4,65.43],[-63.57,65.47],[-63.63,65.48],[-63.46,65.41],[-63.41,65.4],[-63.52,65.39],[-63.46,65.39],[-63.5,65.37],[-63.47,65.36],[-63.37,65.33],[-63.34,65.3],[-63.42,65.3],[-63.46,65.28],[-63.43,65.27],[-63.39,65.28],[-63.36,65.28],[-63.41,65.25],[-63.46,65.24],[-63.43,65.23],[-63.35,65.23],[-63.32,65.22],[-63.34,65.19],[-63.38,65.21],[-63.49,65.2],[-63.52,65.19],[-63.44,65.17],[-63.48,65.17],[-63.37,65.15],[-63.38,65.12],[-63.44,65.1],[-63.4,65.08],[-63.46,65.06],[-63.39,65.05],[-63.44,65.04],[-63.47,65.04],[-63.47,65.0],[-63.53,64.97],[-63.54,64.93],[-63.59,64.9],[-63.66,64.92],[-63.66,64.95],[-63.62,64.96],[-63.61,65.0],[-63.66,64.99],[-63.7,64.98],[-63.74,64.97],[-63.83,64.99],[-63.76,65.01],[-63.66,65.04],[-63.72,65.06],[-63.76,65.05],[-63.81,65.03],[-63.84,65.03],[-63.87,65.07],[-63.86,65.12],[-63.8,65.16],[-63.81,65.19],[-63.85,65.18],[-63.88,65.14],[-63.95,65.11],[-63.99,65.1],[-64.06,65.12],[-64.08,65.08],[-64.11,65.05],[-64.14,65.05],[-64.21,65.1],[-64.24,65.1],[-64.28,65.1],[-64.25,65.12],[-64.21,65.16],[-64.11,65.19],[-64.08,65.2],[-64.11,65.21],[-64.23,65.2],[-64.28,65.18],[-64.32,65.16],[-64.35,65.18],[-64.38,65.2],[-64.4,65.24],[-64.35,65.28],[-64.39,65.29],[-64.34,65.33],[-64.25,65.39],[-64.24,65.42],[-64.28,65.43],[-64.31,65.4],[-64.34,65.39],[-64.36,65.35],[-64.42,65.34],[-64.47,65.29],[-64.46,65.24],[-64.46,65.21],[-64.5,65.14],[-64.54,65.11],[-64.59,65.13],[-64.62,65.13],[-64.64,65.16],[-64.63,65.2],[-64.66,65.17],[-64.69,65.17],[-64.73,65.16],[-64.7,65.2],[-64.7,65.24],[-64.66,65.25],[-64.69,65.25],[-64.73,65.28],[-64.76,65.25],[-64.8,65.24],[-64.83,65.24],[-64.87,65.26],[-64.9,65.28],[-64.85,65.28],[-64.88,65.3],[-64.91,65.3],[-64.88,65.32],[-64.84,65.32],[-64.78,65.32],[-64.72,65.33],[-64.68,65.34],[-64.79,65.35],[-64.89,65.34],[-64.92,65.34],[-64.89,65.36],[-64.82,65.37],[-64.75,65.39],[-64.68,65.4],[-64.64,65.41],[-64.51,65.43],[-64.47,65.42],[-64.44,65.43],[-64.41,65.48],[-64.44,65.49],[-64.46,65.46],[-64.51,65.44],[-64.62,65.45],[-64.66,65.46],[-64.71,65.44],[-64.75,65.43],[-64.8,65.42],[-64.87,65.43],[-64.96,65.41],[-64.99,65.39],[-65.04,65.37],[-65.09,65.4],[-65.13,65.42],[-65.14,65.46],[-65.17,65.49],[-65.11,65.5],[-65.03,65.51],[-64.93,65.53],[-64.91,65.56],[-64.86,65.58],[-64.8,65.58],[-64.83,65.61],[-64.73,65.65],[-64.83,65.67],[-64.87,65.65],[-64.97,65.56],[-65.03,65.55],[-65.09,65.55],[-65.15,65.54],[-65.18,65.55],[-65.19,65.58],[-65.29,65.56],[-65.33,65.56],[-65.31,65.59],[-65.3,65.63],[-65.27,65.64],[-65.22,65.64],[-65.18,65.63],[-65.12,65.64],[-65.1,65.67],[-65.05,65.68],[-64.98,65.71],[-64.94,65.71],[-64.86,65.71],[-64.82,65.72],[-65.0,65.73],[-65.07,65.71],[-65.14,65.68],[-65.18,65.66],[-65.45,65.68],[-65.4,65.75],[-65.38,65.79],[-65.42,65.78],[-65.47,65.74],[-65.51,65.76],[-65.48,65.8],[-65.46,65.83],[-65.37,65.89],[-65.28,65.93],[-65.21,65.94],[-65.16,65.96],[-65.13,65.97],[-65.06,65.98],[-64.96,66.0],[-64.91,66.01],[-64.81,65.97],[-64.77,65.97],[-64.74,65.97],[-64.78,66.0],[-64.81,66.01],[-64.84,66.02],[-64.83,66.05],[-64.8,66.07],[-64.78,66.1],[-64.76,66.13],[-64.75,66.17],[-64.74,66.2],[-64.64,66.24],[-64.56,66.29],[-64.52,66.3],[-64.48,66.3],[-64.43,66.31],[-64.39,66.33],[-64.35,66.35],[-64.39,66.34],[-64.43,66.33],[-64.47,66.34],[-64.53,66.32],[-64.56,66.32],[-64.62,66.3],[-64.71,66.28],[-64.77,66.26],[-64.8,66.23],[-64.83,66.2],[-64.85,66.16],[-64.85,66.12],[-64.92,66.1],[-64.95,66.08],[-65.02,66.08],[-65.06,66.06],[-65.2,66.03],[-65.24,66.02],[-65.29,66.04],[-65.32,66.0],[-65.36,65.99],[-65.75,65.97],[-65.82,65.96],[-65.86,65.95],[-65.9,65.95],[-65.93,65.96],[-65.94,66.01],[-65.96,66.05],[-65.92,66.09],[-65.86,66.1],[-65.67,66.17],[-65.64,66.17],[-65.59,66.21],[-65.56,66.23],[-65.54,66.28],[-65.51,66.3],[-65.47,66.32],[-65.52,66.32],[-65.49,66.34],[-65.48,66.37],[-65.51,66.38],[-65.52,66.34],[-65.56,66.33],[-65.57,66.28],[-65.68,66.19],[-65.74,66.18],[-65.78,66.17],[-65.83,66.15],[-65.86,66.13],[-65.91,66.12],[-65.96,66.11],[-66.01,66.12],[-66.15,66.14],[-66.19,66.17],[-66.26,66.22],[-66.23,66.24],[-66.19,66.24],[-66.17,66.27],[-66.24,66.25],[-66.28,66.24],[-66.31,66.26],[-66.36,66.25],[-66.4,66.27],[-66.44,66.27],[-66.39,66.24],[-66.39,66.21],[-66.43,66.2],[-66.48,66.2],[-66.52,66.22],[-66.55,66.27],[-66.49,66.28],[-66.5,66.32],[-66.47,66.34],[-66.54,66.35],[-66.44,66.4],[-66.5,66.41],[-66.57,66.4],[-66.62,66.37],[-66.69,66.37],[-66.73,66.37],[-66.77,66.39],[-66.73,66.39],[-66.69,66.43],[-66.72,66.44],[-66.76,66.44],[-66.79,66.44],[-66.82,66.47],[-66.79,66.5],[-66.81,66.53],[-66.85,66.54],[-66.75,66.57],[-66.76,66.6],[-66.85,66.59],[-66.89,66.6],[-66.97,66.63],[-67.01,66.64],[-67.06,66.65],[-66.88,66.57],[-66.92,66.55],[-66.96,66.54],[-67.0,66.53],[-67.03,66.54],[-67.07,66.53],[-67.1,66.54],[-67.14,66.54],[-67.09,66.52],[-67.1,66.49],[-67.13,66.49],[-67.17,66.49],[-67.2,66.51],[-67.28,66.55],[-67.31,66.56],[-67.34,66.58],[-67.41,66.59],[-67.45,66.57],[-67.51,66.62],[-67.56,66.62],[-67.53,66.6],[-67.54,66.57],[-67.59,66.58],[-67.63,66.6],[-67.69,66.58],[-67.72,66.58],[-67.75,66.57],[-67.7,66.56],[-67.38,66.55],[-67.3,66.53],[-67.27,66.52],[-67.25,66.48],[-67.18,66.45],[-67.14,66.44],[-67.15,66.41],[-67.16,66.37],[-67.2,66.37],[-67.23,66.4],[-67.36,66.41],[-67.41,66.43],[-67.36,66.39],[-67.32,66.38],[-67.28,66.37],[-67.23,66.36],[-67.2,66.36],[-67.14,66.33],[-67.15,66.3],[-67.18,66.3],[-67.23,66.31],[-67.26,66.3],[-67.3,66.28],[-67.34,66.29],[-67.37,66.31],[-67.42,66.31],[-67.44,66.34],[-67.48,66.35],[-67.5,66.39],[-67.53,66.39],[-67.57,66.42],[-67.63,66.43],[-67.7,66.44],[-67.8,66.46],[-67.85,66.52],[-67.89,66.49],[-67.92,66.52],[-67.98,66.51],[-67.95,66.5],[-67.9,66.47],[-67.87,66.44],[-67.84,66.41],[-67.8,66.39],[-67.76,66.37],[-67.75,66.33],[-67.71,66.3],[-67.75,66.25],[-67.69,66.24],[-67.64,66.22],[-67.56,66.19],[-67.48,66.17],[-67.44,66.14],[-67.31,66.12],[-67.28,66.08],[-67.25,66.05],[-67.16,66.04],[-67.23,66.01],[-67.27,66.0],[-67.31,66.0],[-67.27,65.99],[-67.24,65.96],[-67.21,65.94],[-67.17,65.93],[-67.21,65.91],[-67.27,65.93],[-67.31,65.93],[-67.35,65.92],[-67.39,65.94],[-67.42,65.93],[-67.45,65.9],[-67.52,65.91],[-67.55,65.91],[-67.6,65.91],[-67.64,65.91],[-67.69,65.93],[-67.73,65.96],[-67.73,65.92],[-67.7,65.91],[-67.75,65.9],[-67.79,65.88],[-67.92,65.9],[-67.94,65.95],[-67.98,65.96],[-67.99,65.99],[-68.03,65.99],[-68.02,66.03],[-68.03,66.07],[-67.97,66.08],[-68.08,66.12],[-68.14,66.13],[-68.22,66.15],[-68.25,66.18],[-68.26,66.22],[-68.31,66.23],[-68.33,66.19],[-68.37,66.18],[-68.4,66.19],[-68.44,66.25],[-68.46,66.28],[-68.5,66.3],[-68.53,66.3],[-68.49,66.25],[-68.48,66.22],[-68.52,66.21],[-68.83,66.2],[-68.73,66.18],[-68.69,66.17],[-68.65,66.19],[-68.61,66.18],[-68.58,66.17],[-68.54,66.2],[-68.49,66.19],[-68.46,66.19],[-68.4,66.15],[-68.33,66.12],[-68.26,66.08],[-68.22,66.08],[-68.26,66.11],[-68.22,66.11],[-68.15,66.12],[-68.1,66.09],[-68.05,66.08],[-68.07,66.05],[-68.05,66.02],[-68.08,65.98],[-68.12,66.03],[-68.16,66.03],[-68.19,66.03],[-68.16,66.0],[-68.13,65.99],[-68.18,65.97],[-68.28,66.02],[-68.31,66.03],[-68.35,66.04],[-68.3,66.0],[-68.22,65.97],[-68.19,65.95],[-68.23,65.95],[-68.27,65.97],[-68.32,65.96],[-68.31,65.91],[-68.27,65.91],[-68.19,65.93],[-68.16,65.93],[-68.16,65.89],[-68.13,65.84],[-68.09,65.84],[-68.16,65.82],[-68.21,65.8],[-68.12,65.8],[-68.04,65.78],[-68.01,65.78],[-67.98,65.79],[-67.9,65.79],[-67.86,65.83],[-67.81,65.82],[-67.81,65.78],[-67.84,65.76],[-67.92,65.76],[-67.96,65.74],[-67.97,65.71],[-67.93,65.7],[-67.9,65.7],[-67.88,65.65],[-67.91,65.62],[-67.97,65.64],[-67.92,65.6],[-67.97,65.59],[-68.0,65.6],[-68.06,65.57],[-68.02,65.56],[-67.98,65.58],[-67.96,65.55],[-68.01,65.51],[-67.98,65.52],[-67.91,65.55],[-67.88,65.58],[-67.85,65.59],[-67.81,65.59],[-67.78,65.62],[-67.74,65.64],[-67.54,65.66],[-67.5,65.65],[-67.45,65.68],[-67.4,65.68],[-67.37,65.67],[-67.27,65.65],[-67.25,65.61],[-67.28,65.6],[-67.34,65.58],[-67.3,65.56],[-67.27,65.54],[-67.34,65.54],[-67.38,65.54],[-67.42,65.53],[-67.34,65.52],[-67.43,65.5],[-67.38,65.48],[-67.34,65.46],[-67.3,65.47],[-67.27,65.47],[-67.24,65.46],[-67.21,65.46],[-67.14,65.47],[-67.11,65.47],[-67.08,65.47],[-67.1,65.44],[-67.07,65.44],[-67.08,65.41],[-67.09,65.38],[-67.12,65.37],[-67.15,65.37],[-67.31,65.37],[-67.42,65.35],[-67.39,65.33],[-67.36,65.32],[-67.33,65.32],[-67.3,65.35],[-67.24,65.35],[-67.16,65.32],[-67.12,65.32],[-67.15,65.29],[-67.15,65.26],[-67.11,65.26],[-67.08,65.25],[-67.13,65.25],[-67.16,65.24],[-67.12,65.22],[-67.07,65.22],[-67.03,65.22],[-66.99,65.2],[-66.94,65.24],[-66.95,65.13],[-67.03,65.11],[-67.07,65.1],[-67.11,65.07],[-67.08,65.06],[-67.02,65.08],[-66.97,65.09],[-66.97,65.06],[-66.91,65.07],[-66.9,65.1],[-66.84,65.15],[-66.8,65.16],[-66.75,65.18],[-66.75,65.14],[-66.81,65.1],[-66.81,65.06],[-66.89,65.07],[-66.92,65.05],[-66.87,65.04],[-66.83,65.04],[-66.76,65.07],[-66.79,65.04],[-66.78,65.01],[-66.74,64.99],[-66.77,64.96],[-66.83,64.95],[-66.75,64.93],[-66.73,64.9],[-66.77,64.88],[-66.74,64.85],[-66.74,64.82],[-66.71,64.79],[-66.64,64.78],[-66.67,64.8],[-66.69,64.83],[-66.65,64.93],[-66.65,64.97],[-66.69,65.02],[-66.59,65.03],[-66.55,65.01],[-66.54,64.97],[-66.51,64.98],[-66.48,64.97],[-66.48,64.94],[-66.45,64.93],[-66.37,64.92],[-66.37,64.95],[-66.33,64.93],[-66.32,64.89],[-66.28,64.9],[-66.24,64.91],[-66.21,64.9],[-66.15,64.87],[-66.18,64.85],[-66.2,64.82],[-66.19,64.78],[-66.34,64.77],[-66.28,64.76],[-66.21,64.76],[-66.21,64.71],[-66.17,64.68],[-66.15,64.74],[-66.12,64.77],[-66.1,64.81],[-66.07,64.82],[-66.02,64.86],[-66.01,64.83],[-66.02,64.78],[-66.05,64.74],[-66.02,64.71],[-66.01,64.74],[-65.98,64.77],[-65.95,64.75],[-65.91,64.68],[-65.87,64.66],[-65.82,64.64],[-65.85,64.69],[-65.88,64.71],[-65.89,64.75],[-65.85,64.75],[-65.88,64.77],[-65.92,64.79],[-65.89,64.82],[-65.93,64.86],[-65.92,64.89],[-65.89,64.88],[-65.85,64.87],[-65.81,64.87],[-65.79,64.81],[-65.76,64.82],[-65.74,64.85],[-65.69,64.83],[-65.71,64.78],[-65.74,64.75],[-65.71,64.69],[-65.7,64.75],[-65.65,64.77],[-65.58,64.76],[-65.56,64.71],[-65.58,64.66],[-65.61,64.63],[-65.65,64.61],[-65.71,64.6],[-65.75,64.59],[-65.72,64.56],[-65.72,64.52],[-65.71,64.49],[-65.61,64.5],[-65.51,64.5],[-65.46,64.49],[-65.42,64.51],[-65.35,64.53],[-65.4,64.47],[-65.36,64.47],[-65.32,64.49],[-65.27,64.47],[-65.27,64.51],[-65.23,64.53],[-65.23,64.5],[-65.15,64.52],[-65.11,64.51],[-65.17,64.49],[-65.1,64.48],[-65.08,64.43],[-65.15,64.41],[-65.24,64.41],[-65.27,64.38],[-65.2,64.37],[-65.2,64.32],[-65.23,64.3],[-65.27,64.3],[-65.53,64.33],[-65.59,64.32],[-65.66,64.31],[-65.47,64.31],[-65.44,64.31],[-65.45,64.28],[-65.54,64.26],[-65.36,64.25],[-65.29,64.23],[-65.26,64.22],[-65.29,64.2],[-65.38,64.16],[-65.35,64.15],[-65.3,64.18],[-65.26,64.18],[-65.2,64.15],[-65.16,64.14],[-65.13,64.11],[-65.2,64.08],[-65.12,64.08],[-65.08,64.08],[-65.05,64.07],[-65.13,64.05],[-65.18,64.04],[-65.22,64.04],[-65.19,64.02],[-65.08,64.01],[-65.04,64.02],[-64.92,64.01],[-64.96,63.97],[-64.92,63.98],[-64.88,63.99],[-64.85,64.02],[-64.79,64.03],[-64.76,64.01],[-64.73,64.02],[-64.69,64.05],[-64.66,64.02],[-64.8,63.94],[-64.9,63.9],[-64.91,63.86],[-64.97,63.85],[-64.97,63.8],[-64.93,63.78],[-64.76,63.75],[-64.71,63.76],[-64.54,63.69],[-64.5,63.64],[-64.54,63.61],[-64.59,63.6],[-64.54,63.58],[-64.53,63.55],[-64.53,63.5],[-64.52,63.46],[-64.51,63.42],[-64.56,63.4],[-64.61,63.42],[-64.64,63.42],[-64.61,63.39],[-64.52,63.38],[-64.5,63.35],[-64.51,63.32],[-64.55,63.31],[-64.58,63.32],[-64.63,63.32],[-64.59,63.31],[-64.52,63.3],[-64.48,63.29],[-64.52,63.28],[-64.55,63.25],[-64.59,63.26],[-64.63,63.24],[-64.67,63.26],[-64.71,63.28],[-64.77,63.33],[-64.77,63.36],[-64.79,63.39],[-64.81,63.42],[-64.84,63.49],[-64.87,63.54],[-64.93,63.57],[-64.94,63.61],[-65.0,63.66],[-65.06,63.67],[-65.12,63.74],[-65.19,63.76],[-65.15,63.77],[-65.2,63.8],[-65.23,63.81],[-65.26,63.81],[-65.29,63.81],[-65.21,63.75],[-65.16,63.73],[-65.12,63.7],[-65.09,63.66],[-65.05,63.63],[-65.0,63.62],[-65.05,63.58],[-65.1,63.55],[-65.06,63.48],[-65.13,63.44],[-65.1,63.43],[-65.05,63.44],[-65.08,63.42],[-65.12,63.4],[-65.08,63.4],[-65.05,63.4],[-65.01,63.4],[-64.97,63.37],[-64.94,63.34],[-64.92,63.3],[-64.9,63.24],[-64.93,63.24],[-64.99,63.29],[-65.04,63.31],[-65.01,63.27],[-65.07,63.26],[-65.12,63.29],[-65.15,63.29],[-65.11,63.25],[-65.01,63.24],[-64.98,63.23],[-65.01,63.2],[-65.05,63.22],[-65.09,63.21],[-65.05,63.19],[-64.93,63.18],[-64.89,63.17],[-64.86,63.17],[-64.9,63.16],[-64.82,63.14],[-64.78,63.11],[-64.75,63.1],[-64.78,63.09],[-64.84,63.1],[-64.87,63.1],[-64.84,63.08],[-64.78,63.07],[-64.77,63.04],[-64.81,63.05],[-64.79,63.01],[-64.79,62.98],[-64.83,62.98],[-64.78,62.96],[-64.73,62.93],[-64.7,62.96],[-64.63,62.91],[-64.66,62.9],[-64.7,62.9],[-64.74,62.88],[-64.78,62.86],[-64.89,62.87],[-64.92,62.88],[-64.95,62.9],[-65.01,62.91],[-65.06,62.94],[-65.09,62.95],[-65.11,62.99],[-65.15,62.98],[-65.12,62.92],[-65.18,62.95],[-65.24,62.97],[-65.26,63.0],[-65.29,62.98],[-65.25,62.96],[-65.21,62.94],[-65.2,62.9],[-65.12,62.84],[-65.09,62.8],[-65.06,62.79],[-65.03,62.75],[-64.99,62.73],[-64.98,62.69],[-64.96,62.66],[-64.99,62.64],[-65.01,62.61],[-65.08,62.58],[-65.11,62.58],[-65.14,62.57],[-65.17,62.57],[-65.21,62.58],[-65.25,62.61],[-65.3,62.68],[-65.27,62.7],[-65.3,62.7],[-65.33,62.68],[-65.36,62.7],[-65.32,62.75],[-65.24,62.78],[-65.27,62.79],[-65.34,62.78],[-65.38,62.79],[-65.36,62.82],[-65.29,62.83],[-65.25,62.84],[-65.28,62.84],[-65.33,62.84],[-65.34,62.89],[-65.35,62.93],[-65.37,62.89],[-65.4,62.83],[-65.44,62.82],[-65.46,62.85],[-65.53,62.83],[-65.56,62.82],[-65.6,62.83],[-65.64,62.84],[-65.66,62.89],[-65.69,62.9],[-65.75,62.92],[-65.73,62.96],[-65.69,62.99],[-65.71,63.02],[-65.72,63.06],[-65.75,63.03],[-65.74,62.98],[-65.77,62.96],[-65.82,62.95],[-65.81,62.92],[-65.79,62.87],[-65.84,62.91],[-65.88,62.93],[-65.93,62.92],[-65.91,62.97],[-65.89,63.0],[-65.84,63.02],[-65.87,63.03],[-65.9,63.02],[-65.96,63.0],[-66.0,62.98],[-66.03,62.99],[-66.07,63.01],[-66.05,63.05],[-66.08,63.05],[-66.12,63.03],[-66.16,63.08],[-66.21,63.11],[-66.26,63.13],[-66.22,63.09],[-66.21,63.05],[-66.15,63.01],[-66.1,63.0],[-66.11,62.97],[-66.13,62.94],[-66.16,62.94],[-66.19,62.95],[-66.24,62.98],[-66.28,62.98],[-66.31,63.0],[-66.37,63.0],[-66.4,63.0],[-66.46,63.03],[-66.5,63.06],[-66.49,63.09],[-66.53,63.12],[-66.57,63.15],[-66.55,63.19],[-66.56,63.22],[-66.62,63.25],[-66.65,63.27],[-66.69,63.28],[-66.65,63.34],[-66.65,63.38],[-66.67,63.35],[-66.73,63.31],[-66.72,63.27],[-66.65,63.24],[-66.61,63.22],[-66.62,63.18],[-66.59,63.14],[-66.59,63.11],[-66.56,63.08],[-66.6,63.07],[-66.66,63.1],[-66.66,63.07],[-66.63,63.05],[-66.57,63.03],[-66.54,63.0],[-66.6,63.02],[-66.66,63.04],[-66.7,63.04],[-66.76,63.08],[-66.77,63.12],[-66.77,63.16],[-66.8,63.24],[-66.81,63.27],[-66.85,63.25],[-66.81,63.21],[-66.81,63.17],[-66.86,63.15],[-66.89,63.16],[-66.93,63.2],[-67.0,63.23],[-67.02,63.26],[-66.99,63.27],[-66.95,63.29],[-66.98,63.31],[-67.01,63.34],[-66.98,63.38],[-67.02,63.4],[-67.03,63.37],[-67.04,63.32],[-67.01,63.29],[-67.04,63.28],[-67.11,63.29],[-67.16,63.31],[-67.18,63.28],[-67.24,63.32],[-67.34,63.37],[-67.38,63.42],[-67.39,63.45],[-67.42,63.47],[-67.42,63.44],[-67.45,63.43],[-67.48,63.44],[-67.54,63.49],[-67.53,63.52],[-67.56,63.54],[-67.59,63.54],[-67.62,63.56],[-67.63,63.59],[-67.67,63.62],[-67.67,63.66],[-67.7,63.65],[-67.74,63.64],[-67.77,63.64],[-67.8,63.68],[-67.83,63.69],[-67.87,63.74],[-67.92,63.77],[-67.87,63.71],[-67.85,63.67],[-67.81,63.65],[-67.82,63.59],[-67.79,63.54],[-67.72,63.47],[-67.68,63.43],[-67.67,63.39],[-67.7,63.37],[-67.73,63.37],[-67.79,63.4],[-67.83,63.42],[-67.86,63.46],[-67.94,63.51],[-68.0,63.53],[-68.07,63.55],[-68.11,63.59],[-68.14,63.61],[-68.18,63.61],[-68.23,63.6],[-68.23,63.65],[-68.26,63.68],[-68.29,63.7],[-68.29,63.66],[-68.36,63.65],[-68.39,63.66],[-68.43,63.7],[-68.48,63.74],[-68.53,63.75],[-68.58,63.73],[-68.73,63.78],[-68.72,63.75],[-68.75,63.74],[-68.88,63.75],[-68.91,63.76],[-68.99,63.76],[-68.92,63.71],[-68.88,63.68],[-68.83,63.65],[-68.81,63.62],[-68.85,63.62],[-68.8,63.6],[-68.76,63.55],[-68.71,63.53],[-68.64,63.5],[-68.58,63.47],[-68.55,63.45],[-68.51,63.44],[-68.44,63.44],[-68.47,63.43],[-68.5,63.43],[-68.45,63.39],[-68.4,63.38],[-68.34,63.32],[-68.3,63.31],[-68.28,63.28],[-68.21,63.24],[-68.23,63.21],[-68.19,63.19],[-68.15,63.16],[-68.11,63.16],[-68.06,63.17],[-68.01,63.15],[-67.95,63.14],[-67.92,63.14],[-67.95,63.1],[-67.99,63.08],[-67.95,63.07],[-67.91,63.09],[-67.86,63.12],[-67.8,63.09],[-67.76,63.09],[-67.68,63.1],[-67.63,63.1],[-67.6,63.08],[-67.63,63.06],[-67.71,63.06],[-67.74,63.04],[-67.79,63.02],[-67.77,62.99],[-67.74,62.96],[-67.74,63.0],[-67.68,63.03],[-67.64,63.04],[-67.61,63.04],[-67.57,63.05],[-67.52,63.03],[-67.53,63.0],[-67.58,62.99],[-67.63,62.98],[-67.66,62.95],[-67.67,62.92],[-67.64,62.93],[-67.59,62.96],[-67.55,62.96],[-67.48,62.99],[-67.44,62.98],[-67.4,62.97],[-67.41,62.94],[-67.37,62.94],[-67.29,62.9],[-67.25,62.89],[-67.37,62.86],[-67.32,62.85],[-67.28,62.86],[-67.25,62.87],[-67.22,62.88],[-67.17,62.85],[-67.22,62.83],[-67.25,62.81],[-67.19,62.82],[-67.16,62.82],[-67.12,62.83],[-67.09,62.8],[-67.12,62.77],[-67.08,62.77],[-67.04,62.77],[-67.02,62.73],[-67.06,62.7],[-67.02,62.7],[-66.98,62.7],[-66.91,62.7],[-66.96,62.68],[-67.01,62.66],[-66.98,62.66],[-66.76,62.68],[-66.73,62.67],[-66.77,62.65],[-66.69,62.65],[-66.72,62.63],[-66.68,62.62],[-66.65,62.62],[-66.62,62.62],[-66.61,62.58],[-66.55,62.56],[-66.53,62.52],[-66.5,62.51],[-66.5,62.48],[-66.52,62.44],[-66.48,62.43],[-66.44,62.44],[-66.36,62.45],[-66.4,62.42],[-66.33,62.39],[-66.39,62.37],[-66.45,62.36],[-66.48,62.34],[-66.43,62.32],[-66.34,62.27],[-66.31,62.27],[-66.35,62.31],[-66.34,62.34],[-66.3,62.35],[-66.27,62.34],[-66.24,62.32],[-66.22,62.35],[-66.19,62.32],[-66.17,62.29],[-66.15,62.25],[-66.19,62.27],[-66.27,62.27],[-66.18,62.24],[-66.06,62.23],[-66.02,62.25],[-65.99,62.24],[-65.93,62.2],[-66.01,62.17],[-66.04,62.16],[-66.05,62.12],[-66.04,62.08],[-66.08,62.08],[-66.12,62.09],[-66.16,62.12],[-66.2,62.12],[-66.17,62.12],[-66.11,62.05],[-66.09,62.0],[-66.04,61.96],[-66.0,61.97],[-65.99,61.93],[-65.96,61.93],[-65.97,61.89],[-66.03,61.89],[-66.17,61.88],[-66.27,61.86],[-66.34,61.88],[-66.41,61.88],[-66.44,61.88],[-66.49,61.9],[-66.54,61.9],[-66.58,61.93],[-66.62,61.92],[-66.66,61.94],[-66.62,61.97],[-66.68,61.96],[-66.72,61.99],[-66.75,62.0],[-66.86,62.02],[-66.92,62.04],[-66.94,62.01],[-66.97,62.02],[-67.02,62.05],[-67.07,62.04],[-67.11,62.04],[-67.22,62.1],[-67.25,62.08],[-67.32,62.07],[-67.34,62.11],[-67.4,62.15],[-67.49,62.15],[-67.52,62.15],[-67.55,62.17],[-67.58,62.18],[-67.61,62.18],[-67.64,62.16],[-67.67,62.16],[-67.76,62.16],[-67.83,62.18],[-67.87,62.19],[-67.98,62.21],[-68.01,62.21],[-68.05,62.21],[-68.09,62.23],[-68.55,62.25],[-68.61,62.27],[-68.66,62.28],[-68.72,62.3],[-68.82,62.34],[-68.86,62.38],[-68.9,62.36],[-68.94,62.38],[-69.0,62.38],[-69.03,62.38],[-69.2,62.44],[-69.29,62.49],[-69.31,62.54],[-69.28,62.62],[-69.32,62.6],[-69.35,62.57],[-69.38,62.53],[-69.4,62.57],[-69.41,62.61],[-69.46,62.63],[-69.43,62.6],[-69.42,62.56],[-69.45,62.55],[-69.47,62.58],[-69.5,62.59],[-69.55,62.63],[-69.59,62.66],[-69.55,62.68],[-69.47,62.68],[-69.43,62.71],[-69.49,62.71],[-69.53,62.71],[-69.57,62.72],[-69.5,62.75],[-69.42,62.75],[-69.38,62.76],[-69.41,62.77],[-69.46,62.76],[-69.51,62.77],[-69.55,62.77],[-69.61,62.78],[-69.64,62.76],[-69.68,62.75],[-69.68,62.78],[-69.72,62.78],[-69.76,62.79],[-69.8,62.81],[-69.84,62.83],[-69.82,62.79],[-69.77,62.76],[-69.81,62.76],[-69.88,62.76],[-69.94,62.8],[-69.98,62.77],[-70.07,62.75],[-70.1,62.75],[-70.14,62.76],[-70.24,62.75],[-70.27,62.76],[-70.34,62.79],[-70.37,62.79],[-70.43,62.83],[-70.48,62.85],[-70.51,62.87],[-70.54,62.87],[-70.69,62.89],[-70.8,62.89],[-70.83,62.9],[-70.88,62.91],[-70.8,62.93],[-70.77,62.93],[-70.8,62.93],[-70.87,62.95],[-70.91,62.95],[-70.96,62.94],[-71.03,62.95],[-70.96,62.97],[-70.96,63.0],[-70.95,63.03],[-70.99,63.03],[-71.01,63.0],[-71.05,62.99],[-71.11,62.98],[-71.14,62.98],[-71.16,63.01],[-71.12,63.03],[-71.03,63.03],[-70.99,63.06],[-70.95,63.08],[-70.92,63.1],[-70.86,63.12],[-70.83,63.13],[-70.86,63.14],[-70.89,63.13],[-70.93,63.12],[-70.91,63.16],[-70.97,63.16],[-71.0,63.14],[-71.0,63.1],[-71.11,63.08],[-71.14,63.1],[-71.2,63.06],[-71.21,63.02],[-71.24,63.01],[-71.28,63.04],[-71.31,63.05],[-71.37,63.05],[-71.4,63.06],[-71.43,63.08],[-71.39,63.1],[-71.44,63.11],[-71.5,63.12],[-71.56,63.13],[-71.62,63.14],[-71.69,63.17],[-71.66,63.19],[-71.71,63.22],[-71.75,63.23],[-71.67,63.25],[-71.77,63.26],[-71.74,63.27],[-71.77,63.28],[-71.76,63.31],[-71.8,63.34],[-71.77,63.35],[-71.73,63.36],[-71.76,63.4],[-71.8,63.4],[-71.83,63.39],[-71.94,63.39],[-71.98,63.43],[-72.0,63.4],[-72.08,63.4],[-72.09,63.43],[-72.13,63.44],[-72.1,63.45],[-72.07,63.43],[-72.02,63.45],[-71.97,63.44],[-71.87,63.44],[-71.69,63.42],[-71.61,63.43],[-71.58,63.44],[-71.55,63.47],[-71.42,63.49],[-71.38,63.53],[-71.32,63.54],[-71.28,63.57],[-71.26,63.6],[-71.23,63.6],[-71.29,63.62],[-71.34,63.59],[-71.39,63.57],[-71.42,63.58],[-71.37,63.6],[-71.37,63.63],[-71.4,63.64],[-71.43,63.61],[-71.47,63.58],[-71.51,63.58],[-71.56,63.58],[-71.57,63.62],[-71.52,63.63],[-71.49,63.63],[-71.57,63.64],[-71.57,63.68],[-71.54,63.71],[-71.59,63.7],[-71.63,63.72],[-71.66,63.7],[-71.63,63.67],[-71.66,63.66],[-71.72,63.69],[-71.69,63.73],[-71.72,63.74],[-71.75,63.69],[-71.77,63.73],[-71.83,63.78],[-71.89,63.79],[-71.92,63.82],[-71.96,63.81],[-71.99,63.78],[-72.01,63.75],[-71.98,63.75],[-71.95,63.77],[-71.91,63.76],[-71.87,63.77],[-71.84,63.76],[-71.87,63.73],[-71.89,63.69],[-71.93,63.66],[-71.97,63.65],[-71.94,63.68],[-71.94,63.71],[-72.02,63.68],[-72.06,63.69],[-72.06,63.73],[-72.11,63.72],[-72.15,63.73],[-72.18,63.76],[-72.22,63.72],[-72.21,63.68],[-72.32,63.68],[-72.32,63.74],[-72.36,63.75],[-72.32,63.78],[-72.26,63.76],[-72.27,63.8],[-72.22,63.87],[-72.15,63.88],[-72.09,63.91],[-72.16,63.9],[-72.19,63.9],[-72.23,63.91],[-72.24,63.96],[-72.28,63.92],[-72.26,63.88],[-72.29,63.89],[-72.33,63.87],[-72.38,63.85],[-72.41,63.83],[-72.38,63.82],[-72.38,63.78],[-72.41,63.79],[-72.48,63.79],[-72.51,63.79],[-72.54,63.8],[-72.47,63.81],[-72.57,63.85],[-72.6,63.87],[-72.64,63.85],[-72.67,63.86],[-72.64,63.88],[-72.67,63.93],[-72.63,63.94],[-72.61,63.97],[-72.59,64.03],[-72.65,64.01],[-72.67,64.04],[-72.66,64.08],[-72.69,64.06],[-72.7,64.02],[-72.67,64.0],[-72.69,63.97],[-72.73,63.97],[-72.78,64.02],[-72.85,64.02],[-72.89,64.04],[-72.92,64.05],[-72.92,64.08],[-72.89,64.09],[-72.89,64.12],[-72.91,64.17],[-72.94,64.19],[-72.97,64.19],[-73.02,64.19],[-73.06,64.18],[-73.06,64.22],[-73.06,64.25],[-73.11,64.26],[-73.13,64.29],[-73.22,64.3],[-73.23,64.33],[-73.26,64.33],[-73.31,64.32],[-73.27,64.29],[-73.28,64.26],[-73.31,64.26],[-73.34,64.26],[-73.37,64.27],[-73.39,64.31],[-73.38,64.34],[-73.34,64.36],[-73.3,64.37],[-73.32,64.4],[-73.36,64.4],[-73.39,64.37],[-73.42,64.37],[-73.48,64.41],[-73.45,64.44],[-73.41,64.45],[-73.38,64.44],[-73.35,64.44],[-73.3,64.47],[-73.33,64.48],[-73.37,64.46],[-73.42,64.47],[-73.29,64.52],[-73.26,64.55],[-73.2,64.57],[-73.17,64.6],[-73.2,64.6],[-73.25,64.59],[-73.28,64.62],[-73.3,64.65],[-73.34,64.65],[-73.33,64.62],[-73.31,64.59],[-73.31,64.54],[-73.42,64.52],[-73.45,64.51],[-73.48,64.51],[-73.47,64.55],[-73.47,64.58],[-73.42,64.55],[-73.44,64.58],[-73.45,64.62],[-73.52,64.6],[-73.56,64.59],[-73.59,64.62],[-73.62,64.66],[-73.65,64.67],[-73.66,64.64],[-73.66,64.61],[-73.65,64.58],[-73.75,64.56],[-73.79,64.55],[-73.84,64.58],[-73.87,64.6],[-73.92,64.61],[-73.89,64.58],[-73.89,64.55],[-73.86,64.53],[-73.84,64.5],[-73.81,64.5],[-73.79,64.47],[-73.84,64.49],[-73.89,64.49],[-73.9,64.46],[-73.94,64.48],[-73.96,64.44],[-73.94,64.41],[-73.99,64.39],[-73.99,64.36],[-74.02,64.33],[-74.06,64.34],[-74.1,64.34],[-74.13,64.36],[-74.17,64.37],[-74.13,64.37],[-74.11,64.41],[-74.08,64.42],[-74.15,64.45],[-74.09,64.46],[-74.04,64.45],[-74.13,64.54],[-74.08,64.54],[-74.0,64.52],[-73.95,64.51],[-73.98,64.53],[-74.09,64.57],[-74.15,64.56],[-74.13,64.59],[-74.0,64.58],[-74.07,64.62],[-74.07,64.67],[-74.05,64.72],[-74.08,64.75],[-74.12,64.75],[-74.11,64.7],[-74.15,64.69],[-74.19,64.67],[-74.23,64.67],[-74.23,64.64],[-74.24,64.58],[-74.28,64.61],[-74.27,64.64],[-74.29,64.68],[-74.33,64.68],[-74.32,64.64],[-74.36,64.63],[-74.4,64.66],[-74.39,64.63],[-74.36,64.61],[-74.37,64.58],[-74.42,64.59],[-74.41,64.62],[-74.48,64.62],[-74.52,64.62],[-74.56,64.66],[-74.63,64.68],[-74.66,64.71],[-74.71,64.74],[-74.67,64.76],[-74.64,64.79],[-74.61,64.8],[-74.57,64.84],[-74.51,64.84],[-74.56,64.86],[-74.54,64.9],[-74.65,64.9],[-74.64,64.86],[-74.73,64.86],[-74.72,64.82],[-74.72,64.78],[-74.75,64.78],[-74.79,64.8],[-74.83,64.8],[-74.87,64.78],[-74.91,64.8],[-74.97,64.8],[-74.93,64.77],[-74.88,64.76],[-74.85,64.75],[-74.82,64.71],[-74.75,64.69],[-74.59,64.63],[-74.47,64.56],[-74.5,64.55],[-74.54,64.54],[-74.6,64.55],[-74.63,64.55],[-74.58,64.53],[-74.55,64.52],[-74.59,64.52],[-74.61,64.49],[-74.58,64.48],[-74.53,64.48],[-74.54,64.45],[-74.59,64.43],[-74.66,64.4],[-74.71,64.38],[-74.76,64.4],[-74.79,64.41],[-74.85,64.4],[-74.89,64.41],[-74.93,64.43],[-74.99,64.42],[-75.02,64.44],[-75.11,64.47],[-75.14,64.49],[-75.19,64.48],[-75.16,64.47],[-75.2,64.43],[-75.24,64.46],[-75.31,64.48],[-75.36,64.51],[-75.4,64.52],[-75.46,64.54],[-75.49,64.54],[-75.54,64.54],[-75.57,64.58],[-75.62,64.57],[-75.66,64.57],[-75.71,64.58],[-75.79,64.62],[-75.84,64.61],[-75.8,64.58],[-75.83,64.57],[-75.82,64.53],[-75.78,64.52],[-75.74,64.51],[-75.69,64.49],[-75.66,64.48],[-75.63,64.46],[-75.68,64.46],[-75.72,64.47],[-75.69,64.45],[-75.75,64.46],[-75.87,64.49],[-75.92,64.49],[-75.86,64.47],[-75.81,64.44],[-75.72,64.38],[-75.77,64.37],[-75.83,64.38],[-75.9,64.39],[-75.95,64.38],[-75.95,64.41],[-75.98,64.41],[-76.03,64.38],[-76.06,64.37],[-76.09,64.37],[-76.13,64.39],[-76.18,64.38],[-76.14,64.37],[-76.17,64.36],[-76.23,64.37],[-76.29,64.35],[-76.35,64.36],[-76.38,64.36],[-76.32,64.32],[-76.24,64.32],[-76.21,64.32],[-76.32,64.28],[-76.35,64.29],[-76.38,64.31],[-76.42,64.32],[-76.46,64.32],[-76.49,64.32],[-76.44,64.31],[-76.39,64.29],[-76.45,64.27],[-76.5,64.28],[-76.55,64.31],[-76.59,64.31],[-76.63,64.29],[-76.69,64.28],[-76.71,64.31],[-76.73,64.28],[-76.72,64.25],[-76.69,64.23],[-76.66,64.21],[-76.69,64.19],[-76.74,64.2],[-76.85,64.21],[-76.81,64.22],[-76.86,64.24],[-76.9,64.24],[-76.96,64.27],[-77.02,64.26],[-77.09,64.28],[-77.12,64.3],[-77.22,64.27],[-77.35,64.24],[-77.38,64.25],[-77.37,64.28],[-77.41,64.29],[-77.44,64.29],[-77.4,64.31],[-77.44,64.32],[-77.55,64.32],[-77.52,64.33],[-77.49,64.35],[-77.56,64.36],[-77.64,64.39],[-77.65,64.35],[-77.68,64.32],[-77.72,64.34],[-77.76,64.34],[-77.85,64.37],[-77.91,64.41],[-77.87,64.4],[-77.83,64.42],[-77.88,64.42],[-77.93,64.42],[-77.97,64.41],[-78.01,64.43],[-77.97,64.46],[-78.05,64.5],[-78.08,64.52],[-78.09,64.55],[-78.14,64.56],[-78.17,64.57],[-78.13,64.59],[-78.17,64.62],[-78.18,64.65],[-78.16,64.7],[-78.19,64.71],[-78.3,64.71],[-78.27,64.72],[-78.18,64.73],[-78.17,64.77],[-78.13,64.78],[-78.11,64.82],[-78.07,64.82],[-78.07,64.86],[-78.12,64.88],[-78.14,64.95],[-78.09,64.98],[-78.05,65.0],[-78.02,65.02],[-77.99,65.02],[-77.96,65.05],[-77.89,65.07],[-77.82,65.09],[-77.76,65.1],[-77.7,65.11],[-77.66,65.13],[-77.63,65.15],[-77.59,65.15],[-77.52,65.14],[-77.49,65.15],[-77.43,65.16],[-77.38,65.17],[-77.35,65.18],[-77.31,65.2],[-77.38,65.25],[-77.44,65.27],[-77.47,65.3],[-77.5,65.32],[-77.47,65.37],[-77.31,65.36],[-77.31,65.4],[-77.41,65.44],[-77.44,65.46],[-77.39,65.47],[-77.24,65.47],[-77.19,65.46],[-77.12,65.44],[-77.09,65.42],[-76.97,65.41],[-76.93,65.43],[-76.83,65.43],[-76.78,65.41],[-76.68,65.41],[-76.4,65.35],[-76.12,65.29],[-76.09,65.29],[-76.04,65.29],[-75.99,65.26],[-75.93,65.26],[-75.87,65.24],[-75.82,65.24],[-75.77,65.22],[-75.77,65.19],[-75.74,65.16],[-75.65,65.14],[-75.6,65.13],[-75.56,65.12],[-75.52,65.11],[-75.45,65.08],[-75.43,65.05],[-75.44,65.01],[-75.41,64.98],[-75.46,64.96],[-75.5,64.94],[-75.56,64.94],[-75.63,64.95],[-75.67,64.95],[-75.61,64.92],[-75.6,64.88],[-75.56,64.85],[-75.49,64.86],[-75.46,64.83],[-75.52,64.81],[-75.51,64.78],[-75.48,64.78],[-75.45,64.77],[-75.4,64.74],[-75.33,64.72],[-75.3,64.73],[-75.31,64.76],[-75.34,64.77],[-75.36,64.82],[-75.36,64.87],[-75.36,64.9],[-75.35,64.93],[-75.39,64.92],[-75.45,64.88],[-75.5,64.88],[-75.54,64.88],[-75.48,64.9],[-75.47,64.94],[-75.42,64.96],[-75.39,64.96],[-75.32,64.97],[-75.28,64.96],[-75.29,65.0],[-75.26,65.01],[-75.24,65.04],[-75.2,65.07],[-75.2,65.11],[-75.25,65.11],[-75.26,65.08],[-75.27,65.05],[-75.31,65.03],[-75.34,65.02],[-75.38,65.01],[-75.4,65.05],[-75.44,65.09],[-75.5,65.13],[-75.53,65.15],[-75.56,65.17],[-75.64,65.18],[-75.68,65.2],[-75.73,65.2],[-75.75,65.24],[-75.8,65.25],[-75.91,65.26],[-75.93,65.29],[-75.72,65.31],[-75.68,65.32],[-75.64,65.34],[-75.6,65.33],[-75.58,65.29],[-75.55,65.28],[-75.3,65.27],[-75.22,65.25],[-75.19,65.26],[-75.15,65.27],[-75.11,65.28],[-75.08,65.3],[-75.07,65.33],[-75.1,65.38],[-75.07,65.4],[-74.98,65.38],[-74.94,65.39],[-74.87,65.4],[-74.82,65.39],[-74.77,65.39],[-74.75,65.43],[-74.72,65.44],[-74.69,65.43],[-74.68,65.4],[-74.66,65.35],[-74.61,65.34],[-74.55,65.33],[-74.5,65.34],[-74.43,65.38],[-74.37,65.4],[-74.34,65.41],[-74.32,65.45],[-74.29,65.48],[-74.18,65.49],[-74.15,65.49],[-74.19,65.52],[-74.15,65.53],[-74.11,65.54],[-74.08,65.54],[-74.05,65.54],[-73.98,65.51],[-73.91,65.53],[-73.88,65.54],[-73.78,65.52],[-73.74,65.52],[-73.71,65.48],[-73.67,65.46],[-73.59,65.48],[-73.55,65.46],[-73.5,65.45],[-73.47,65.46],[-73.5,65.48],[-73.54,65.53],[-73.59,65.59],[-73.63,65.61],[-73.61,65.65],[-73.64,65.66],[-73.68,65.67],[-73.7,65.71],[-73.65,65.72],[-73.69,65.74],[-73.78,65.8],[-73.82,65.82],[-73.85,65.82],[-73.9,65.83],[-73.95,65.84],[-73.98,65.84],[-74.01,65.86],[-74.08,65.91],[-74.13,65.92],[-74.18,65.95],[-74.21,65.98],[-74.24,65.99],[-74.42,66.08],[-74.46,66.11],[-74.47,66.15],[-74.42,66.19],[-74.35,66.23],[-74.08,66.3],[-74.05,66.32],[-74.02,66.33],[-73.97,66.35],[-73.91,66.36],[-73.86,66.39],[-73.81,66.41],[-73.78,66.42],[-73.71,66.46],[-73.46,66.55],[-73.41,66.61],[-73.36,66.65],[-73.27,66.68],[-73.24,66.69],[-73.19,66.7],[-73.13,66.72],[-73.1,66.73],[-73.01,66.73],[-72.95,66.73]]],[[[-64.52,60.32],[-64.59,60.35],[-64.62,60.36],[-64.65,60.36],[-64.7,60.36],[-64.73,60.36],[-64.82,60.42],[-64.85,60.44],[-64.86,60.47],[-64.83,60.49],[-64.73,60.48],[-64.68,60.48],[-64.64,60.49],[-64.61,60.48],[-64.57,60.46],[-64.57,60.43],[-64.53,60.41],[-64.5,60.4],[-64.43,60.4],[-64.46,60.37],[-64.49,60.36],[-64.52,60.32]]],[[[-67.88,60.5],[-67.84,60.49],[-67.85,60.42],[-67.89,60.38],[-67.94,60.35],[-67.96,60.3],[-67.99,60.29],[-68.06,60.29],[-68.09,60.28],[-68.14,60.27],[-68.17,60.26],[-68.2,60.23],[-68.24,60.22],[-68.28,60.22],[-68.32,60.2],[-68.38,60.2],[-68.42,60.21],[-68.44,60.26],[-68.42,60.31],[-68.38,60.38],[-68.33,60.43],[-68.31,60.47],[-68.29,60.51],[-68.24,60.59],[-68.13,60.6],[-68.1,60.59],[-68.03,60.58],[-68.0,60.59],[-67.98,60.56],[-67.95,60.53],[-67.91,60.51],[-67.88,60.5]]],[[[-64.61,60.69],[-64.6,60.65],[-64.63,60.61],[-64.66,60.61],[-64.69,60.59],[-64.64,60.66],[-64.62,60.69]]],[[[-78.24,60.83],[-78.34,60.77],[-78.3,60.78],[-78.34,60.76],[-78.5,60.74],[-78.59,60.71],[-78.68,60.71],[-78.64,60.75],[-78.62,60.78],[-78.25,60.83]]],[[[-64.84,61.35],[-64.88,61.33],[-64.92,61.36],[-64.96,61.35],[-64.96,61.39],[-64.92,61.4],[-64.97,61.42],[-65.08,61.42],[-65.12,61.44],[-65.09,61.46],[-65.14,61.46],[-65.18,61.47],[-65.2,61.51],[-65.25,61.51],[-65.29,61.53],[-65.35,61.54],[-65.38,61.55],[-65.42,61.57],[-65.45,61.59],[-65.49,61.6],[-65.47,61.64],[-65.43,61.66],[-65.05,61.7],[-65.02,61.7],[-64.98,61.68],[-64.72,61.66],[-64.77,61.63],[-64.74,61.63],[-64.68,61.62],[-64.7,61.57],[-64.72,61.54],[-64.68,61.53],[-64.72,61.51],[-64.69,61.51],[-64.69,61.47],[-64.72,61.44],[-64.78,61.42],[-64.8,61.38],[-64.84,61.35]]],[[[-65.7,61.79],[-65.69,61.75],[-65.72,61.76],[-65.75,61.77],[-65.79,61.76],[-65.88,61.77],[-65.93,61.79],[-65.89,61.82],[-65.84,61.85],[-65.79,61.87],[-65.75,61.86],[-65.79,61.85],[-65.76,61.84],[-65.72,61.84],[-65.7,61.8]]],[[[-93.03,61.92],[-92.98,61.89],[-93.02,61.84],[-93.06,61.83],[-93.09,61.84],[-93.13,61.87],[-93.2,61.88],[-93.19,61.92],[-93.1,61.92],[-93.05,61.93]]],[[[-65.24,61.92],[-65.2,61.93],[-65.16,61.95],[-65.11,61.94],[-65.07,61.93],[-65.03,61.89],[-65.02,61.86],[-64.99,61.89],[-64.96,61.88],[-64.96,61.83],[-64.92,61.83],[-64.89,61.83],[-64.84,61.78],[-64.87,61.73],[-64.9,61.73],[-64.93,61.73],[-65.04,61.77],[-65.15,61.78],[-65.18,61.82],[-65.22,61.83],[-65.25,61.88],[-65.24,61.92]]],[[[-92.27,62.41],[-92.24,62.4],[-92.14,62.4],[-92.23,62.36],[-92.26,62.37],[-92.33,62.36],[-92.3,62.39],[-92.35,62.39],[-92.34,62.42],[-92.29,62.41]]],[[[-79.28,62.27],[-79.27,62.22],[-79.27,62.16],[-79.32,62.09],[-79.33,62.05],[-79.33,61.99],[-79.37,62.0],[-79.4,61.97],[-79.43,61.94],[-79.46,61.9],[-79.52,61.85],[-79.52,61.82],[-79.54,61.79],[-79.55,61.76],[-79.58,61.72],[-79.62,61.7],[-79.64,61.66],[-79.69,61.63],[-79.72,61.61],[-79.75,61.59],[-79.81,61.57],[-79.85,61.58],[-79.88,61.61],[-79.92,61.65],[-79.95,61.68],[-80.01,61.71],[-80.04,61.72],[-80.12,61.76],[-80.18,61.77],[-80.22,61.8],[-80.24,61.83],[-80.26,61.86],[-80.26,61.89],[-80.29,61.93],[-80.26,61.98],[-80.26,62.02],[-80.22,62.09],[-80.21,62.14],[-80.16,62.2],[-80.12,62.22],[-80.07,62.25],[-80.03,62.28],[-79.99,62.31],[-79.98,62.34],[-79.95,62.36],[-79.87,62.4],[-79.83,62.41],[-79.8,62.4],[-79.76,62.4],[-79.72,62.4],[-79.67,62.39],[-79.62,62.41],[-79.56,62.42],[-79.52,62.4],[-79.47,62.39],[-79.44,62.37],[-79.37,62.32],[-79.35,62.29],[-79.3,62.28]]],[[[-92.58,62.4],[-92.54,62.42],[-92.49,62.42],[-92.43,62.41],[-92.4,62.41],[-92.44,62.4],[-92.54,62.38],[-92.59,62.39]]],[[[-64.38,62.53],[-64.48,62.49],[-64.42,62.47],[-64.39,62.46],[-64.43,62.44],[-64.47,62.45],[-64.5,62.45],[-64.47,62.42],[-64.52,62.4],[-64.57,62.38],[-64.62,62.38],[-64.66,62.38],[-64.7,62.39],[-64.78,62.39],[-64.92,62.42],[-64.95,62.44],[-64.93,62.49],[-64.89,62.5],[-64.79,62.49],[-64.85,62.51],[-64.84,62.56],[-64.8,62.57],[-64.76,62.57],[-64.72,62.55],[-64.69,62.54],[-64.66,62.55],[-64.55,62.54],[-64.46,62.55],[-64.4,62.54]]],[[[-77.85,62.59],[-77.84,62.56],[-77.93,62.55],[-78.09,62.56],[-78.09,62.59],[-77.89,62.6],[-77.85,62.59]]],[[[-77.72,62.59],[-77.64,62.59],[-77.67,62.56],[-77.71,62.56],[-77.76,62.54],[-77.8,62.55],[-77.83,62.59],[-77.77,62.6],[-77.73,62.59]]],[[[-64.97,62.53],[-65.06,62.53],[-65.11,62.54],[-65.14,62.55],[-65.08,62.56],[-65.04,62.59],[-64.99,62.6],[-64.95,62.61],[-64.91,62.61],[-64.84,62.58],[-64.87,62.56],[-64.9,62.55],[-64.94,62.55]]],[[[-91.59,62.65],[-91.67,62.65],[-91.61,62.66]]],[[[-91.13,62.68],[-91.04,62.68],[-90.98,62.66],[-91.15,62.66],[-91.2,62.68],[-91.25,62.68],[-91.13,62.68]]],[[[-74.02,62.67],[-73.97,62.62],[-74.12,62.6],[-74.38,62.63],[-74.41,62.64],[-74.53,62.67],[-74.57,62.69],[-74.65,62.72],[-74.56,62.74],[-74.52,62.75],[-74.49,62.75],[-74.45,62.73],[-74.42,62.73],[-74.38,62.69],[-74.15,62.69],[-74.11,62.68],[-74.03,62.68]]],[[[-70.24,62.62],[-70.2,62.61],[-70.19,62.57],[-70.23,62.55],[-70.28,62.54],[-70.36,62.53],[-70.44,62.53],[-70.56,62.54],[-70.59,62.55],[-70.62,62.56],[-70.67,62.55],[-70.73,62.55],[-70.73,62.6],[-70.79,62.6],[-70.82,62.63],[-70.82,62.67],[-70.85,62.7],[-70.93,62.75],[-70.89,62.75],[-70.85,62.75],[-70.81,62.74],[-70.77,62.76],[-70.87,62.77],[-70.91,62.77],[-70.96,62.8],[-71.0,62.81],[-71.03,62.81],[-71.07,62.8],[-71.16,62.8],[-71.15,62.83],[-71.07,62.82],[-71.14,62.84],[-71.2,62.85],[-71.24,62.87],[-71.21,62.89],[-70.79,62.84],[-70.61,62.8],[-70.56,62.78],[-70.49,62.77],[-70.44,62.74],[-70.41,62.73],[-70.38,62.7],[-70.33,62.69],[-70.37,62.67],[-70.32,62.66],[-70.27,62.66],[-70.24,62.62]]],[[[-82.19,62.99],[-82.11,62.97],[-81.93,62.95],[-81.9,62.94],[-81.86,62.92],[-81.9,62.9],[-81.9,62.86],[-81.93,62.85],[-81.94,62.82],[-81.94,62.78],[-81.93,62.73],[-82.0,62.69],[-82.04,62.66],[-82.08,62.65],[-82.14,62.62],[-82.3,62.59],[-82.34,62.56],[-82.39,62.53],[-82.42,62.47],[-82.62,62.4],[-82.75,62.31],[-82.9,62.25],[-83.07,62.19],[-83.13,62.18],[-83.17,62.21],[-83.2,62.23],[-83.26,62.25],[-83.42,62.24],[-83.67,62.15],[-83.71,62.14],[-83.71,62.24],[-83.72,62.29],[-83.75,62.31],[-83.91,62.4],[-83.94,62.42],[-83.94,62.46],[-83.91,62.49],[-83.71,62.57],[-83.67,62.61],[-83.64,62.64],[-83.58,62.67],[-83.55,62.7],[-83.56,62.74],[-83.54,62.77],[-83.53,62.81],[-83.48,62.85],[-83.44,62.88],[-83.3,62.93],[-83.26,62.92],[-83.23,62.92],[-83.19,62.9],[-83.12,62.85],[-83.06,62.84],[-83.0,62.85],[-82.74,62.94],[-82.7,62.95],[-82.61,62.95],[-82.42,62.93],[-82.38,62.94],[-82.35,62.97],[-82.3,62.98],[-82.26,63.0],[-82.21,62.99]]],[[[-90.62,63.48],[-90.64,63.44],[-90.7,63.44],[-90.73,63.47],[-90.76,63.5],[-90.72,63.5],[-90.65,63.49],[-90.62,63.48]]],[[[-77.54,63.29],[-77.5,63.28],[-77.55,63.23],[-77.56,63.19],[-77.64,63.14],[-77.71,63.13],[-77.76,63.11],[-77.82,63.1],[-77.89,63.09],[-77.94,63.09],[-78.05,63.13],[-78.09,63.15],[-78.13,63.17],[-78.17,63.2],[-78.21,63.21],[-78.25,63.23],[-78.32,63.28],[-78.46,63.36],[-78.5,63.37],[-78.53,63.39],[-78.53,63.42],[-78.54,63.45],[-78.52,63.49],[-78.48,63.51],[-78.44,63.52],[-78.41,63.49],[-78.38,63.46],[-78.28,63.48],[-78.19,63.49],[-78.16,63.49],[-78.11,63.47],[-78.08,63.47],[-77.99,63.48],[-77.9,63.48],[-77.84,63.47],[-77.85,63.44],[-77.8,63.43],[-77.76,63.42],[-77.7,63.44],[-77.67,63.42],[-77.63,63.4],[-77.63,63.36],[-77.58,63.33],[-77.54,63.29]]],[[[-90.67,63.52],[-90.71,63.51],[-90.74,63.51],[-90.79,63.5],[-90.85,63.51],[-90.93,63.54],[-90.97,63.55],[-90.76,63.53],[-90.8,63.55],[-90.76,63.55],[-90.72,63.55],[-90.69,63.53]]],[[[-91.46,63.62],[-91.4,63.6],[-91.36,63.59],[-91.3,63.57],[-91.41,63.57],[-91.44,63.55],[-91.47,63.56],[-91.5,63.6],[-91.53,63.6],[-91.46,63.62]]],[[[-64.09,63.34],[-64.07,63.29],[-64.16,63.32],[-64.19,63.3],[-64.22,63.32],[-64.26,63.33],[-64.31,63.37],[-64.35,63.39],[-64.36,63.43],[-64.39,63.45],[-64.42,63.47],[-64.39,63.49],[-64.42,63.53],[-64.46,63.56],[-64.49,63.6],[-64.48,63.64],[-64.43,63.65],[-64.39,63.66],[-64.35,63.67],[-64.33,63.64],[-64.32,63.59],[-64.31,63.55],[-64.28,63.52],[-64.31,63.49],[-64.27,63.47],[-64.25,63.44],[-64.29,63.44],[-64.25,63.42],[-64.21,63.39],[-64.17,63.38],[-64.12,63.34]]],[[[-76.69,63.49],[-76.66,63.48],[-76.58,63.48],[-76.54,63.47],[-76.61,63.43],[-76.65,63.44],[-76.65,63.4],[-76.68,63.38],[-76.73,63.37],[-76.77,63.38],[-76.83,63.39],[-76.87,63.4],[-76.95,63.41],[-77.0,63.42],[-77.04,63.43],[-77.09,63.46],[-77.16,63.5],[-77.21,63.51],[-77.24,63.54],[-77.29,63.56],[-77.37,63.58],[-77.42,63.59],[-77.33,63.62],[-77.41,63.63],[-77.45,63.64],[-77.42,63.68],[-77.37,63.7],[-77.33,63.7],[-77.29,63.69],[-77.2,63.69],[-77.15,63.67],[-77.11,63.67],[-76.71,63.57],[-76.68,63.54],[-76.65,63.53],[-76.62,63.53],[-76.69,63.49]]],[[[-72.47,63.71],[-72.49,63.67],[-72.54,63.69],[-72.59,63.68],[-72.55,63.67],[-72.6,63.65],[-72.63,63.65],[-72.68,63.67],[-72.78,63.66],[-72.5,63.71],[-72.47,63.71]]],[[[-92.98,63.9],[-92.97,63.87],[-93.05,63.89],[-93.08,63.9],[-93.0,63.91]]],[[[-64.89,63.79],[-64.92,63.82],[-64.89,63.85],[-64.81,63.88],[-64.79,63.85],[-64.75,63.83],[-64.78,63.86],[-64.74,63.88],[-64.69,63.92],[-64.64,63.92],[-64.61,63.89],[-64.56,63.91],[-64.6,63.86],[-64.56,63.85],[-64.53,63.85],[-64.5,63.84],[-64.56,63.8],[-64.6,63.79],[-64.56,63.78],[-64.51,63.76],[-64.48,63.75],[-64.46,63.78],[-64.42,63.78],[-64.39,63.73],[-64.43,63.68],[-64.48,63.69],[-64.51,63.72],[-64.58,63.73],[-64.64,63.75],[-64.68,63.78],[-64.73,63.78],[-64.77,63.77],[-64.84,63.78],[-64.89,63.79]]],[[[-77.97,63.97],[-77.96,64.0],[-77.91,64.02],[-77.86,64.03],[-77.79,64.02],[-77.6,64.04],[-77.55,64.03],[-77.59,64.02],[-77.63,64.0],[-77.71,63.94],[-77.74,63.93],[-77.79,63.94],[-77.92,63.96],[-77.96,63.96]]],[[[-81.47,64.19],[-81.52,64.2],[-81.5,64.24],[-81.44,64.24],[-81.39,64.23],[-81.4,64.2],[-81.47,64.19]]],[[[-73.28,64.22],[-73.25,64.21],[-73.2,64.21],[-73.17,64.21],[-73.22,64.19],[-73.27,64.19],[-73.28,64.15],[-73.33,64.16],[-73.37,64.15],[-73.4,64.16],[-73.39,64.2],[-73.33,64.19],[-73.32,64.23],[-73.26,64.24]]],[[[-73.53,64.5],[-73.49,64.48],[-73.5,64.45],[-73.52,64.42],[-73.55,64.41],[-73.54,64.37],[-73.58,64.33],[-73.61,64.31],[-73.65,64.32],[-73.65,64.39],[-73.67,64.43],[-73.63,64.45],[-73.59,64.45],[-73.6,64.48],[-73.66,64.5],[-73.64,64.54],[-73.61,64.56],[-73.57,64.57],[-73.53,64.57],[-73.52,64.52]]],[[[-65.55,64.55],[-65.5,64.53],[-65.45,64.53],[-65.5,64.52],[-65.56,64.52],[-65.66,64.51],[-65.69,64.55],[-65.65,64.58],[-65.61,64.61],[-65.55,64.62],[-65.5,64.67],[-65.46,64.68],[-65.43,64.73],[-65.39,64.74],[-65.38,64.71],[-65.41,64.66],[-65.36,64.7],[-65.31,64.73],[-65.27,64.71],[-65.31,64.67],[-65.28,64.67],[-65.25,64.66],[-65.21,64.64],[-65.27,64.62],[-65.31,64.61],[-65.34,64.6],[-65.41,64.6],[-65.44,64.59],[-65.4,64.58],[-65.36,64.58],[-65.39,64.56],[-65.44,64.55],[-65.55,64.55]]],[[[-62.26,65.75],[-62.3,65.71],[-62.26,65.71],[-62.2,65.71],[-62.17,65.71],[-62.2,65.69],[-62.16,65.69],[-62.13,65.65],[-62.18,65.65],[-62.2,65.61],[-62.24,65.62],[-62.26,65.65],[-62.3,65.63],[-62.34,65.62],[-62.32,65.66],[-62.36,65.65],[-62.39,65.67],[-62.47,65.67],[-62.46,65.7],[-62.49,65.72],[-62.45,65.75],[-62.41,65.74],[-62.37,65.73],[-62.32,65.75],[-62.26,65.75]]],[[[-83.5,65.81],[-83.54,65.82],[-83.58,65.86],[-83.54,65.87],[-83.37,65.87],[-83.33,65.86],[-83.29,65.85],[-83.35,65.84],[-83.41,65.84],[-83.45,65.81],[-83.5,65.81]]],[[[-80.18,63.77],[-80.23,63.75],[-80.28,63.74],[-80.47,63.73],[-80.5,63.69],[-80.56,63.66],[-80.6,63.64],[-80.63,63.63],[-80.73,63.59],[-80.77,63.58],[-80.8,63.56],[-80.84,63.54],[-80.9,63.53],[-80.93,63.51],[-80.94,63.48],[-80.99,63.46],[-81.02,63.45],[-81.12,63.46],[-81.22,63.5],[-81.45,63.55],[-81.5,63.58],[-81.53,63.58],[-81.64,63.58],[-81.68,63.59],[-81.73,63.63],[-81.76,63.64],[-81.8,63.65],[-81.83,63.64],[-81.88,63.64],[-81.94,63.66],[-81.99,63.66],[-82.04,63.68],[-82.24,63.69],[-82.26,63.66],[-82.29,63.69],[-82.32,63.66],[-82.36,63.66],[-82.48,63.69],[-82.53,63.73],[-82.55,63.76],[-82.52,63.8],[-82.48,63.8],[-82.43,63.82],[-82.39,63.82],[-82.36,63.87],[-82.37,63.91],[-82.48,63.95],[-82.51,63.96],[-82.74,63.97],[-82.84,63.99],[-82.87,63.99],[-82.95,63.98],[-82.99,63.97],[-83.03,63.97],[-83.06,63.95],[-83.13,63.98],[-83.11,64.02],[-83.08,64.05],[-83.05,64.06],[-82.98,64.12],[-82.97,64.16],[-83.01,64.19],[-83.08,64.19],[-83.12,64.18],[-83.15,64.17],[-83.19,64.13],[-83.23,64.13],[-83.27,64.14],[-83.3,64.14],[-83.33,64.14],[-83.37,64.12],[-83.42,64.11],[-83.46,64.13],[-83.51,64.12],[-83.54,64.11],[-83.58,64.08],[-83.59,64.05],[-83.62,64.04],[-83.69,64.01],[-83.62,63.95],[-83.62,63.92],[-83.63,63.89],[-83.64,63.86],[-83.61,63.83],[-83.63,63.78],[-83.67,63.77],[-83.7,63.78],[-83.73,63.78],[-83.76,63.78],[-83.9,63.72],[-83.92,63.69],[-83.95,63.69],[-83.99,63.68],[-84.06,63.62],[-84.09,63.61],[-84.12,63.61],[-84.18,63.63],[-84.23,63.62],[-84.26,63.63],[-84.3,63.61],[-84.35,63.58],[-84.39,63.56],[-84.4,63.53],[-84.45,63.48],[-84.48,63.39],[-84.52,63.37],[-84.59,63.32],[-84.62,63.31],[-84.68,63.3],[-84.72,63.28],[-84.76,63.27],[-84.79,63.26],[-84.95,63.19],[-85.1,63.16],[-85.27,63.12],[-85.46,63.12],[-85.51,63.13],[-85.59,63.17],[-85.6,63.21],[-85.64,63.24],[-85.64,63.27],[-85.65,63.34],[-85.66,63.42],[-85.64,63.46],[-85.61,63.5],[-85.63,63.55],[-85.62,63.59],[-85.59,63.61],[-85.6,63.64],[-85.62,63.67],[-85.65,63.68],[-85.68,63.69],[-85.72,63.72],[-85.71,63.77],[-85.76,63.73],[-85.79,63.71],[-85.95,63.7],[-86.21,63.65],[-86.29,63.65],[-86.49,63.67],[-86.63,63.66],[-86.66,63.66],[-86.69,63.64],[-86.74,63.6],[-86.8,63.57],[-86.87,63.56],[-87.06,63.55],[-87.12,63.56],[-87.18,63.59],[-87.22,63.66],[-87.21,63.7],[-86.95,63.9],[-86.9,63.93],[-86.6,64.0],[-86.56,64.02],[-86.49,64.02],[-86.42,64.05],[-86.35,64.07],[-86.25,64.08],[-86.22,64.09],[-86.19,64.1],[-86.19,64.14],[-86.21,64.18],[-86.3,64.22],[-86.31,64.25],[-86.34,64.28],[-86.36,64.31],[-86.37,64.35],[-86.35,64.39],[-86.38,64.42],[-86.41,64.44],[-86.38,64.55],[-86.42,64.6],[-86.38,64.62],[-86.35,64.65],[-86.25,64.8],[-86.2,64.82],[-86.21,64.85],[-86.21,64.89],[-86.17,64.91],[-86.16,64.94],[-86.21,64.97],[-86.22,65.02],[-86.2,65.06],[-86.16,65.08],[-86.14,65.18],[-86.15,65.22],[-86.17,65.27],[-86.16,65.31],[-86.12,65.35],[-86.14,65.38],[-86.14,65.42],[-86.1,65.51],[-86.08,65.56],[-86.07,65.59],[-86.03,65.61],[-86.03,65.67],[-85.99,65.71],[-85.94,65.76],[-85.73,65.86],[-85.61,65.91],[-85.54,65.92],[-85.49,65.92],[-85.46,65.88],[-85.49,65.86],[-85.49,65.82],[-85.46,65.79],[-85.4,65.83],[-85.37,65.84],[-85.33,65.84],[-85.2,65.81],[-85.17,65.79],[-85.16,65.75],[-85.17,65.71],[-85.07,65.65],[-85.05,65.61],[-85.08,65.59],[-85.11,65.58],[-85.25,65.56],[-85.29,65.56],[-85.26,65.51],[-85.23,65.49],[-85.16,65.48],[-85.08,65.46],[-85.02,65.43],[-85.01,65.36],[-85.0,65.33],[-84.93,65.26],[-84.93,65.22],[-84.85,65.21],[-84.82,65.22],[-84.77,65.28],[-84.75,65.31],[-84.75,65.34],[-84.73,65.37],[-84.65,65.44],[-84.62,65.45],[-84.59,65.48],[-84.55,65.49],[-84.51,65.47],[-84.45,65.46],[-84.44,65.41],[-84.41,65.41],[-84.38,65.39],[-84.3,65.38],[-84.22,65.35],[-84.16,65.35],[-84.18,65.31],[-84.23,65.29],[-84.21,65.26],[-84.1,65.21],[-84.07,65.2],[-83.97,65.2],[-83.88,65.19],[-83.92,65.18],[-83.88,65.17],[-83.84,65.17],[-83.78,65.18],[-83.72,65.16],[-83.55,65.16],[-83.47,65.15],[-83.43,65.14],[-83.4,65.14],[-83.36,65.09],[-83.34,65.04],[-83.31,65.01],[-83.22,64.97],[-83.11,64.94],[-83.05,64.92],[-83.01,64.92],[-82.97,64.9],[-82.94,64.89],[-82.88,64.88],[-82.79,64.81],[-82.75,64.79],[-82.71,64.78],[-82.62,64.78],[-82.55,64.75],[-82.47,64.76],[-82.42,64.77],[-82.37,64.77],[-82.34,64.76],[-82.31,64.75],[-82.28,64.73],[-82.22,64.72],[-82.12,64.69],[-82.08,64.68],[-81.85,64.53],[-81.8,64.52],[-81.77,64.51],[-81.75,64.47],[-81.77,64.43],[-81.75,64.38],[-81.77,64.34],[-81.77,64.31],[-81.71,64.25],[-81.67,64.23],[-81.62,64.22],[-81.59,64.19],[-81.6,64.16],[-81.61,64.13],[-81.71,64.11],[-81.77,64.09],[-81.86,64.09],[-81.91,64.07],[-81.95,64.07],[-81.97,64.03],[-81.99,64.0],[-81.88,64.0],[-81.78,64.0],[-81.65,64.03],[-81.59,64.04],[-81.5,64.03],[-81.46,64.04],[-81.45,64.08],[-81.42,64.1],[-81.38,64.1],[-81.37,64.07],[-81.3,64.08],[-81.25,64.06],[-81.06,64.03],[-80.97,63.99],[-80.93,63.99],[-80.9,64.01],[-80.96,64.05],[-80.95,64.08],[-80.94,64.12],[-80.89,64.12],[-80.82,64.1],[-80.76,64.07],[-80.71,64.04],[-80.61,64.01],[-80.54,63.98],[-80.55,63.93],[-80.5,63.92],[-80.53,63.9],[-80.58,63.9],[-80.62,63.9],[-80.7,63.92],[-80.67,63.89],[-80.64,63.88],[-80.38,63.85],[-80.28,63.81],[-80.22,63.82],[-80.18,63.8]]],[[[-85.0,66.01],[-84.95,66.02],[-84.9,65.99],[-84.86,65.97],[-84.83,65.91],[-84.79,65.89],[-84.76,65.86],[-84.73,65.85],[-84.72,65.82],[-84.66,65.75],[-84.64,65.72],[-84.6,65.69],[-84.58,65.64],[-84.65,65.59],[-84.68,65.57],[-84.75,65.56],[-84.8,65.57],[-84.84,65.59],[-84.85,65.62],[-84.86,65.65],[-84.92,65.69],[-85.05,65.72],[-85.08,65.74],[-85.12,65.78],[-85.14,65.84],[-85.14,65.88],[-85.15,65.91],[-85.19,65.95],[-85.18,65.99],[-85.13,66.02],[-85.1,66.03],[-85.06,66.03],[-85.02,66.01]]],[[[-84.47,66.09],[-84.47,66.12],[-84.43,66.15],[-84.35,66.12],[-84.19,66.09],[-84.14,66.09],[-84.1,66.07],[-84.07,66.06],[-84.02,66.09],[-84.0,66.06],[-83.98,66.03],[-83.94,66.02],[-83.83,65.98],[-83.78,65.97],[-83.74,65.96],[-83.71,65.94],[-83.68,65.88],[-83.71,65.85],[-83.8,65.82],[-83.73,65.8],[-83.68,65.79],[-83.64,65.77],[-83.56,65.76],[-83.53,65.72],[-83.49,65.73],[-83.29,65.73],[-83.24,65.72],[-83.21,65.71],[-83.24,65.7],[-83.25,65.67],[-83.29,65.65],[-83.33,65.62],[-83.37,65.62],[-83.41,65.64],[-83.45,65.65],[-83.48,65.66],[-83.6,65.66],[-83.58,65.71],[-83.62,65.7],[-83.65,65.69],[-83.62,65.66],[-83.66,65.66],[-83.73,65.67],[-83.76,65.67],[-83.81,65.65],[-83.84,65.65],[-83.85,65.68],[-83.81,65.68],[-83.8,65.72],[-83.75,65.74],[-83.69,65.75],[-83.72,65.76],[-83.83,65.76],[-83.79,65.78],[-83.87,65.78],[-83.96,65.74],[-84.01,65.75],[-84.04,65.76],[-84.13,65.76],[-84.12,65.79],[-84.11,65.84],[-84.13,65.88],[-84.12,65.91],[-84.19,65.93],[-84.19,65.97],[-84.23,65.98],[-84.29,66.0],[-84.37,66.01],[-84.4,66.01],[-84.43,66.03],[-84.47,66.08]]],[[[-83.27,66.31],[-83.27,66.34],[-83.23,66.34],[-83.2,66.32],[-83.15,66.31],[-83.16,66.28],[-83.1,66.29],[-83.07,66.27],[-82.93,66.28],[-82.9,66.27],[-82.94,66.25],[-82.99,66.21],[-83.04,66.19],[-83.08,66.2],[-83.11,66.21],[-83.14,66.22],[-83.19,66.24],[-83.25,66.25],[-83.29,66.27],[-83.27,66.31]]],[[[-62.41,67.19],[-62.37,67.17],[-62.41,67.16],[-62.59,67.1],[-62.65,67.05],[-62.72,67.05],[-62.77,67.02],[-62.81,67.02],[-62.9,67.06],[-62.82,67.06],[-62.81,67.09],[-62.74,67.11],[-62.7,67.12],[-62.63,67.14],[-62.64,67.18],[-62.59,67.18],[-62.54,67.19],[-62.43,67.19]]],[[[-63.52,67.32],[-63.48,67.34],[-63.39,67.31],[-63.36,67.3],[-63.41,67.28],[-63.46,67.27],[-63.77,67.28],[-63.83,67.29],[-63.78,67.31],[-63.75,67.32],[-63.69,67.35],[-63.63,67.36],[-63.6,67.36],[-63.59,67.31],[-63.55,67.31]]],[[[-63.76,67.52],[-63.79,67.51],[-63.98,67.51],[-64.02,67.51],[-64.03,67.56],[-63.99,67.6],[-63.98,67.64],[-63.93,67.64],[-63.89,67.6],[-63.79,67.56],[-63.76,67.52]]],[[[-73.36,67.84],[-73.37,67.8],[-73.41,67.78],[-73.91,67.78],[-74.4,67.78],[-74.55,67.81],[-74.6,67.83],[-74.64,67.86],[-74.75,67.95],[-74.78,67.99],[-74.78,68.03],[-74.73,68.07],[-74.66,68.08],[-74.48,68.07],[-74.43,68.09],[-74.41,68.12],[-74.36,68.17],[-74.31,68.18],[-74.25,68.15],[-74.22,68.14],[-74.24,68.11],[-74.28,68.08],[-74.16,68.07],[-74.13,68.07],[-74.09,68.06],[-73.92,68.03],[-73.86,68.01],[-73.83,68.01],[-73.8,68.0],[-73.75,68.01],[-73.72,68.02],[-73.66,68.01],[-73.6,68.02],[-73.52,68.01],[-73.45,67.99],[-73.41,67.97],[-73.43,67.94],[-73.41,67.9],[-73.41,67.86],[-73.37,67.84]]],[[[-66.3,68.27],[-66.23,68.28],[-66.2,68.28],[-66.22,68.25],[-66.26,68.22],[-66.26,68.18],[-66.32,68.16],[-66.58,68.19],[-66.62,68.19],[-66.66,68.21],[-66.63,68.22],[-66.6,68.22],[-66.57,68.21],[-66.52,68.23],[-66.46,68.25],[-66.34,68.23],[-66.3,68.26]]],[[[-86.58,68.29],[-86.5,68.26],[-86.43,68.22],[-86.42,68.19],[-86.44,68.15],[-86.44,68.1],[-86.41,68.06],[-86.39,68.02],[-86.37,67.96],[-86.41,67.84],[-86.46,67.79],[-86.51,67.77],[-86.57,67.74],[-86.6,67.73],[-86.64,67.73],[-86.68,67.74],[-86.76,67.78],[-86.84,67.79],[-86.87,67.81],[-86.92,67.86],[-86.94,67.91],[-86.93,67.94],[-86.9,67.95],[-86.86,67.96],[-86.85,68.02],[-86.94,68.04],[-86.97,68.05],[-86.97,68.11],[-86.91,68.13],[-86.91,68.17],[-86.9,68.2],[-86.83,68.23],[-86.8,68.25],[-86.75,68.29],[-86.72,68.3],[-86.69,68.31],[-86.66,68.31],[-86.58,68.29]]],[[[-75.03,68.17],[-75.0,68.12],[-75.03,68.1],[-75.05,68.06],[-75.07,68.03],[-75.14,67.98],[-75.16,67.95],[-75.14,67.92],[-75.12,67.87],[-75.09,67.85],[-75.04,67.82],[-75.06,67.78],[-75.07,67.73],[-75.06,67.69],[-75.04,67.65],[-75.04,67.61],[-75.05,67.58],[-75.07,67.55],[-75.14,67.49],[-75.18,67.46],[-75.23,67.43],[-75.3,67.42],[-75.33,67.41],[-75.37,67.38],[-75.51,67.36],[-75.54,67.35],[-75.57,67.32],[-75.6,67.31],[-75.69,67.31],[-75.89,67.26],[-75.92,67.26],[-76.09,67.26],[-76.15,67.26],[-76.24,67.27],[-76.27,67.27],[-76.34,67.25],[-76.37,67.24],[-76.54,67.25],[-76.6,67.23],[-76.63,67.23],[-76.98,67.24],[-77.02,67.26],[-77.06,67.28],[-77.11,67.32],[-77.17,67.41],[-77.2,67.44],[-77.23,67.44],[-77.24,67.47],[-77.26,67.52],[-77.22,67.54],[-77.25,67.58],[-77.32,67.69],[-77.32,67.73],[-77.24,67.84],[-77.21,67.87],[-76.98,68.06],[-76.91,68.11],[-76.88,68.14],[-76.85,68.17],[-76.73,68.24],[-76.69,68.26],[-76.3,68.33],[-76.27,68.34],[-76.23,68.3],[-76.18,68.3],[-76.08,68.3],[-76.05,68.3],[-75.99,68.33],[-75.91,68.34],[-75.6,68.31],[-75.5,68.28],[-75.14,68.24],[-75.1,68.2],[-75.05,68.17]]],[[[-78.91,68.32],[-78.83,68.3],[-78.83,68.25],[-78.87,68.23],[-78.97,68.2],[-79.01,68.18],[-79.04,68.17],[-79.1,68.18],[-79.15,68.2],[-79.18,68.22],[-79.19,68.25],[-79.19,68.29],[-79.16,68.34],[-78.94,68.35],[-78.91,68.33]]],[[[-82.08,68.31],[-82.15,68.33],[-82.26,68.34],[-82.35,68.37],[-82.26,68.36],[-82.23,68.37],[-82.18,68.39],[-82.14,68.38],[-82.11,68.35],[-82.02,68.35],[-82.05,68.32]]],[[[-74.37,68.39],[-74.4,68.44],[-74.36,68.47],[-74.32,68.47],[-74.25,68.44],[-74.17,68.4],[-74.12,68.36],[-74.08,68.34],[-74.09,68.31],[-74.13,68.3],[-74.15,68.26],[-74.2,68.25],[-74.26,68.27],[-74.26,68.32],[-74.21,68.32],[-74.3,68.35],[-74.33,68.36],[-74.37,68.39]]],[[[-78.61,68.51],[-78.65,68.48],[-78.74,68.45],[-78.78,68.45],[-78.83,68.45],[-78.88,68.45],[-78.97,68.47],[-78.95,68.51],[-78.92,68.52],[-78.87,68.52],[-78.84,68.55],[-78.74,68.55],[-78.7,68.56],[-78.67,68.58],[-78.72,68.6],[-78.75,68.61],[-78.78,68.61],[-78.9,68.65],[-78.87,68.66],[-78.84,68.67],[-78.68,68.66],[-78.65,68.65],[-78.59,68.63],[-78.49,68.63],[-78.46,68.62],[-78.48,68.58],[-78.51,68.55],[-78.66,68.56],[-78.71,68.53],[-78.63,68.52]]],[[[-74.84,68.58],[-74.89,68.63],[-74.83,68.66],[-74.79,68.68],[-74.68,68.66],[-74.65,68.65],[-74.65,68.62],[-74.62,68.6],[-74.57,68.6],[-74.52,68.56],[-74.79,68.56],[-74.84,68.58]]],[[[-74.84,68.42],[-74.8,68.42],[-74.83,68.39],[-74.87,68.39],[-74.83,68.37],[-74.8,68.35],[-74.85,68.35],[-74.81,68.32],[-74.84,68.32],[-74.88,68.34],[-74.98,68.34],[-75.01,68.37],[-75.26,68.45],[-75.38,68.5],[-75.41,68.52],[-75.39,68.55],[-75.4,68.61],[-75.33,68.66],[-75.31,68.7],[-75.28,68.71],[-75.24,68.72],[-75.2,68.7],[-75.17,68.69],[-75.02,68.68],[-74.99,68.67],[-74.97,68.64],[-74.96,68.61],[-74.93,68.57],[-74.9,68.55],[-74.87,68.54],[-74.83,68.51],[-74.79,68.5],[-74.77,68.47],[-74.8,68.45],[-74.86,68.45],[-74.89,68.45],[-74.88,68.42],[-74.84,68.42]]],[[[-68.01,68.77],[-67.7,68.72],[-67.66,68.71],[-67.91,68.71],[-68.19,68.77],[-68.44,68.78],[-68.45,68.81],[-68.4,68.81],[-68.32,68.8],[-68.2,68.8],[-68.01,68.77]]],[[[-90.18,69.12],[-90.14,69.09],[-90.14,69.05],[-90.17,69.06],[-90.21,69.07],[-90.25,69.08],[-90.28,69.13],[-90.25,69.13],[-90.21,69.12],[-90.15,69.14]]],[[[-90.5,69.24],[-90.46,69.24],[-90.49,69.21],[-90.54,69.21],[-90.59,69.2],[-90.62,69.24],[-90.66,69.24],[-90.69,69.23],[-90.66,69.26],[-90.7,69.28],[-90.65,69.31],[-90.68,69.31],[-90.66,69.35],[-90.69,69.34],[-90.73,69.3],[-90.78,69.28],[-90.78,69.33],[-90.74,69.37],[-90.66,69.38],[-90.62,69.38],[-90.58,69.36],[-90.55,69.34],[-90.52,69.31],[-90.48,69.29],[-90.46,69.26],[-90.5,69.24]]],[[[-79.08,68.88],[-79.14,68.87],[-79.21,68.83],[-79.27,68.83],[-79.35,68.85],[-79.39,68.86],[-79.4,68.89],[-79.41,68.92],[-79.37,68.94],[-79.33,68.97],[-79.24,69.06],[-79.2,69.08],[-79.16,69.09],[-79.12,69.09],[-79.06,69.1],[-78.98,69.1],[-78.92,69.13],[-78.88,69.14],[-78.85,69.17],[-78.84,69.22],[-78.77,69.26],[-78.73,69.27],[-78.66,69.26],[-78.62,69.26],[-78.65,69.28],[-78.71,69.3],[-78.73,69.33],[-78.68,69.35],[-78.61,69.37],[-78.52,69.38],[-78.48,69.39],[-78.41,69.39],[-78.31,69.39],[-78.28,69.37],[-78.24,69.33],[-78.21,69.3],[-78.24,69.29],[-78.3,69.26],[-78.33,69.22],[-78.36,69.2],[-78.4,69.22],[-78.44,69.22],[-78.48,69.21],[-78.47,69.17],[-78.55,69.14],[-78.55,69.1],[-78.6,69.07],[-78.72,69.02],[-78.72,68.99],[-78.74,68.96],[-78.8,68.95],[-78.83,68.92],[-78.87,68.9],[-78.93,68.9],[-78.97,68.89],[-79.08,68.88]]],[[[-90.25,69.3],[-90.27,69.26],[-90.3,69.25],[-90.33,69.24],[-90.36,69.25],[-90.41,69.28],[-90.44,69.3],[-90.49,69.33],[-90.51,69.36],[-90.39,69.4],[-90.36,69.43],[-90.33,69.43],[-90.29,69.43],[-90.25,69.41],[-90.22,69.44],[-90.18,69.41],[-90.16,69.38],[-90.18,69.34],[-90.23,69.32]]],[[[-76.69,69.41],[-76.65,69.39],[-76.65,69.35],[-76.68,69.31],[-76.77,69.28],[-76.82,69.27],[-76.86,69.24],[-76.91,69.23],[-76.94,69.19],[-76.9,69.17],[-76.86,69.15],[-76.89,69.14],[-76.92,69.13],[-76.96,69.13],[-76.99,69.15],[-77.07,69.14],[-77.14,69.12],[-77.26,69.15],[-77.32,69.18],[-77.37,69.22],[-77.39,69.27],[-77.35,69.31],[-77.34,69.35],[-77.36,69.38],[-77.33,69.42],[-77.25,69.44],[-77.11,69.45],[-77.08,69.43],[-77.05,69.42],[-76.98,69.41],[-76.78,69.41],[-76.74,69.42],[-76.69,69.41]]],[[[-67.44,69.59],[-67.4,69.59],[-67.35,69.57],[-67.32,69.56],[-67.35,69.53],[-67.5,69.53],[-67.55,69.52],[-67.5,69.51],[-67.58,69.51],[-67.63,69.5],[-67.68,69.51],[-67.73,69.52],[-67.71,69.55],[-67.66,69.55],[-67.61,69.56],[-67.56,69.57],[-67.53,69.6],[-67.49,69.6],[-67.44,69.59]]],[[[-67.91,69.53],[-67.97,69.53],[-68.31,69.59],[-68.22,69.61],[-68.18,69.63],[-68.14,69.64],[-68.08,69.67],[-68.01,69.68],[-67.89,69.65],[-67.83,69.66],[-67.95,69.68],[-67.92,69.71],[-67.89,69.71],[-67.84,69.69],[-67.79,69.68],[-67.76,69.67],[-67.73,69.66],[-67.81,69.62],[-67.87,69.58],[-67.9,69.56],[-67.91,69.53]]],[[[-78.39,69.65],[-78.39,69.69],[-78.35,69.7],[-78.31,69.69],[-78.3,69.66],[-78.26,69.66],[-78.23,69.67],[-78.26,69.72],[-78.21,69.74],[-78.16,69.75],[-78.11,69.74],[-78.08,69.74],[-78.03,69.72],[-77.99,69.7],[-77.94,69.65],[-77.98,69.63],[-78.02,69.62],[-78.05,69.61],[-78.08,69.59],[-78.11,69.58],[-78.15,69.58],[-78.29,69.56],[-78.37,69.53],[-78.44,69.52],[-78.52,69.48],[-78.55,69.49],[-78.58,69.5],[-78.62,69.51],[-78.65,69.51],[-78.78,69.46],[-78.83,69.45],[-78.86,69.46],[-78.87,69.49],[-78.69,69.56],[-78.62,69.62],[-78.58,69.64],[-78.55,69.64],[-78.48,69.65],[-78.41,69.64]]],[[[-79.97,69.63],[-80.02,69.65],[-80.05,69.65],[-80.08,69.64],[-79.97,69.55],[-79.94,69.54],[-79.96,69.51],[-80.0,69.5],[-80.1,69.51],[-80.15,69.53],[-80.22,69.53],[-80.24,69.56],[-80.21,69.6],[-80.24,69.63],[-80.31,69.57],[-80.34,69.59],[-80.36,69.62],[-80.4,69.63],[-80.44,69.65],[-80.5,69.67],[-80.56,69.67],[-80.76,69.67],[-80.8,69.68],[-80.75,69.72],[-80.72,69.76],[-80.65,69.75],[-80.59,69.73],[-80.54,69.73],[-80.49,69.73],[-80.46,69.72],[-80.46,69.69],[-80.4,69.67],[-80.42,69.7],[-80.39,69.71],[-80.44,69.72],[-80.48,69.75],[-80.5,69.78],[-80.45,69.8],[-80.41,69.8],[-80.34,69.8],[-80.3,69.79],[-80.23,69.8],[-80.17,69.79],[-80.14,69.78],[-80.15,69.74],[-80.08,69.75],[-79.97,69.73],[-79.87,69.75],[-79.83,69.76],[-79.78,69.76],[-79.74,69.79],[-79.71,69.8],[-79.67,69.82],[-79.53,69.8],[-79.45,69.8],[-79.41,69.78],[-79.42,69.74],[-79.39,69.74],[-79.35,69.73],[-79.35,69.69],[-79.53,69.63],[-79.61,69.62],[-79.85,69.61],[-79.9,69.61],[-79.94,69.61]]],[[[-83.84,69.75],[-83.87,69.76],[-83.9,69.77],[-83.9,69.82],[-83.86,69.83],[-83.57,69.8],[-83.53,69.79],[-83.59,69.78],[-83.64,69.77],[-83.68,69.77],[-83.66,69.73],[-83.7,69.72],[-83.75,69.73],[-83.84,69.75]]],[[[-91.85,69.86],[-91.8,69.88],[-91.75,69.88],[-91.69,69.88],[-91.64,69.86],[-91.67,69.85],[-91.77,69.84],[-91.82,69.83],[-91.87,69.85]]],[[[-91.46,69.78],[-91.49,69.75],[-91.53,69.73],[-91.56,69.73],[-91.61,69.75],[-91.68,69.77],[-91.74,69.79],[-91.61,69.82],[-91.57,69.84],[-91.52,69.83],[-91.49,69.86],[-91.46,69.88],[-91.41,69.88],[-91.46,69.86],[-91.48,69.82],[-91.46,69.78]]],[[[-87.08,69.99],[-87.12,69.99],[-87.19,70.02],[-87.25,70.03],[-87.28,70.06],[-87.36,70.09],[-87.32,70.12],[-87.28,70.12],[-87.19,70.11],[-87.1,70.13],[-87.13,70.14],[-87.07,70.15],[-87.0,70.12],[-86.8,70.09],[-86.65,70.12],[-86.6,70.11],[-86.55,70.08],[-86.52,70.06],[-86.5,70.02],[-86.46,70.02],[-86.48,69.99],[-86.78,69.97],[-86.92,69.99],[-86.98,70.01],[-87.01,70.02],[-87.06,70.0]]],[[[-71.51,71.02],[-71.37,71.02],[-71.34,71.01],[-71.35,70.98],[-71.4,70.95],[-71.41,70.92],[-71.44,70.91],[-71.62,70.9],[-71.9,70.85],[-71.95,70.83],[-72.0,70.81],[-72.05,70.81],[-72.09,70.81],[-72.12,70.83],[-72.14,70.87],[-72.17,70.87],[-72.23,70.92],[-72.18,70.94],[-72.13,70.94],[-72.1,70.92],[-72.07,70.93],[-72.03,71.0],[-72.02,71.04],[-71.86,71.08],[-71.83,71.07],[-71.8,71.06],[-71.51,71.02]]],[[[-72.95,71.52],[-72.92,71.5],[-72.88,71.47],[-72.84,71.46],[-72.94,71.43],[-73.01,71.42],[-73.01,71.37],[-72.99,71.34],[-73.0,71.3],[-73.03,71.3],[-73.07,71.3],[-73.06,71.33],[-73.12,71.34],[-73.21,71.34],[-73.27,71.36],[-73.26,71.42],[-73.29,71.43],[-73.37,71.49],[-73.37,71.53],[-73.17,71.57],[-73.14,71.57],[-73.1,71.55],[-73.11,71.5],[-73.17,71.46],[-73.16,71.42],[-73.13,71.45],[-73.04,71.49],[-72.99,71.52],[-72.95,71.52]]],[[[-72.74,71.66],[-72.71,71.66],[-72.66,71.6],[-72.73,71.55],[-72.77,71.53],[-73.0,71.56],[-73.04,71.59],[-72.99,71.63],[-72.93,71.66],[-72.74,71.66]]],[[[-95.33,71.85],[-95.29,71.85],[-95.31,71.78],[-95.32,71.74],[-95.37,71.74],[-95.41,71.73],[-95.44,71.73],[-95.49,71.74],[-95.39,71.77],[-95.36,71.79],[-95.42,71.79],[-95.42,71.83],[-95.36,71.85],[-95.33,71.85]]],[[[-95.77,72.87],[-95.73,72.86],[-95.71,72.83],[-95.75,72.8],[-95.8,72.82],[-95.86,72.86],[-95.79,72.88]]],[[[-96.92,72.74],[-96.95,72.74],[-97.01,72.78],[-96.95,72.79],[-96.92,72.8],[-96.94,72.83],[-96.91,72.84],[-96.85,72.86],[-96.79,72.89],[-96.76,72.9],[-96.73,72.9],[-96.69,72.89],[-96.73,72.83],[-96.67,72.81],[-96.65,72.78],[-96.71,72.75],[-96.74,72.73],[-96.77,72.72],[-96.82,72.74],[-96.85,72.74],[-96.92,72.74]]],[[[-97.07,73.14],[-96.97,73.17],[-96.9,73.19],[-96.86,73.19],[-96.81,73.19],[-96.77,73.18],[-96.73,73.16],[-96.77,73.12],[-96.73,73.11],[-96.7,73.12],[-96.65,73.14],[-96.58,73.08],[-96.57,73.05],[-96.61,73.02],[-96.63,72.98],[-96.71,72.94],[-96.78,72.93],[-96.93,72.92],[-96.97,72.93],[-97.06,72.96],[-97.1,72.99],[-97.11,73.02],[-97.14,73.06],[-97.14,73.1],[-97.09,73.12]]],[[[-108.09,73.59],[-108.01,73.62],[-107.85,73.63],[-107.68,73.63],[-107.58,73.6],[-107.61,73.58],[-107.68,73.57],[-107.73,73.56],[-107.99,73.55],[-108.03,73.55],[-108.08,73.58]]],[[[-104.68,73.63],[-104.56,73.6],[-104.5,73.57],[-104.49,73.53],[-104.52,73.51],[-104.54,73.48],[-104.58,73.45],[-104.56,73.41],[-104.58,73.36],[-104.57,73.33],[-104.67,73.27],[-104.75,73.22],[-104.74,73.19],[-104.84,73.15],[-104.87,73.14],[-104.92,73.11],[-104.99,73.08],[-104.98,73.04],[-105.02,73.01],[-105.12,72.99],[-105.2,72.94],[-105.23,72.94],[-105.26,72.94],[-105.3,72.95],[-105.33,72.96],[-105.36,72.95],[-105.33,72.94],[-105.3,72.93],[-105.33,72.92],[-105.28,72.89],[-105.22,72.88],[-105.26,72.86],[-105.3,72.85],[-105.33,72.88],[-105.39,72.87],[-105.42,72.9],[-105.45,72.9],[-105.47,72.95],[-105.73,73.05],[-105.79,73.08],[-105.83,73.11],[-105.86,73.12],[-105.92,73.14],[-105.92,73.17],[-105.95,73.16],[-106.11,73.2],[-106.06,73.2],[-106.09,73.25],[-106.16,73.26],[-106.2,73.29],[-106.14,73.29],[-106.35,73.35],[-106.39,73.37],[-106.43,73.38],[-106.51,73.41],[-106.62,73.42],[-106.67,73.43],[-106.71,73.45],[-106.79,73.47],[-106.99,73.47],[-107.04,73.48],[-107.02,73.51],[-106.99,73.53],[-106.96,73.55],[-106.9,73.56],[-106.86,73.57],[-106.83,73.59],[-106.74,73.66],[-106.67,73.69],[-106.6,73.71],[-106.16,73.72],[-105.72,73.74],[-105.58,73.76],[-105.38,73.77],[-105.17,73.76],[-105.12,73.75],[-105.08,73.74],[-104.98,73.7],[-104.86,73.67],[-104.82,73.64],[-104.68,73.63]]],[[[-80.9,73.61],[-80.84,73.62],[-80.8,73.67],[-80.81,73.72],[-80.86,73.75],[-80.78,73.75],[-80.67,73.76],[-80.56,73.77],[-80.45,73.77],[-80.33,73.76],[-80.13,73.7],[-80.1,73.7],[-80.06,73.72],[-80.02,73.73],[-79.95,73.71],[-79.65,73.68],[-79.6,73.67],[-79.45,73.64],[-78.97,73.64],[-78.91,73.66],[-78.85,73.67],[-78.81,73.67],[-78.77,73.66],[-78.45,73.66],[-78.14,73.67],[-78.11,73.67],[-78.07,73.65],[-78.0,73.64],[-77.86,73.61],[-77.43,73.56],[-77.35,73.52],[-77.32,73.51],[-77.21,73.51],[-77.16,73.48],[-77.1,73.43],[-77.03,73.4],[-77.07,73.38],[-76.9,73.33],[-76.85,73.33],[-76.8,73.33],[-76.76,73.32],[-76.72,73.32],[-76.75,73.3],[-76.69,73.26],[-76.62,73.24],[-76.58,73.22],[-76.63,73.17],[-76.52,73.13],[-76.49,73.12],[-76.44,73.12],[-76.39,73.11],[-76.27,73.1],[-76.24,73.09],[-76.3,73.07],[-76.33,73.03],[-76.28,73.01],[-76.32,72.98],[-76.27,72.94],[-76.12,72.94],[-76.06,72.9],[-76.1,72.89],[-76.13,72.85],[-76.22,72.84],[-76.32,72.82],[-76.66,72.83],[-76.73,72.84],[-76.77,72.84],[-76.82,72.83],[-77.07,72.84],[-77.32,72.86],[-77.42,72.88],[-77.73,72.89],[-78.04,72.9],[-78.12,72.89],[-78.17,72.9],[-78.64,72.85],[-78.71,72.83],[-78.87,72.81],[-78.94,72.79],[-79.18,72.75],[-79.39,72.74],[-79.57,72.76],[-79.83,72.83],[-79.95,72.85],[-79.98,72.86],[-80.03,72.92],[-80.06,72.94],[-80.11,72.97],[-80.16,73.03],[-80.14,73.09],[-80.12,73.12],[-80.17,73.13],[-80.18,73.17],[-80.14,73.17],[-80.12,73.2],[-80.16,73.23],[-80.23,73.25],[-80.27,73.25],[-80.37,73.24],[-80.44,73.26],[-80.55,73.26],[-80.71,73.28],[-80.77,73.28],[-80.8,73.29],[-80.86,73.32],[-80.85,73.36],[-80.9,73.38],[-80.87,73.39],[-80.87,73.43],[-80.85,73.48],[-80.82,73.49],[-80.72,73.48],[-80.78,73.5],[-80.86,73.54],[-80.88,73.59]]],[[[-96.32,72.47],[-96.3,72.43],[-96.34,72.41],[-96.38,72.41],[-96.42,72.39],[-96.46,72.37],[-96.5,72.37],[-96.66,72.32],[-96.69,72.32],[-96.74,72.33],[-96.88,72.33],[-96.84,72.31],[-96.72,72.3],[-96.65,72.28],[-96.61,72.27],[-96.58,72.29],[-96.62,72.25],[-96.59,72.24],[-96.53,72.24],[-96.53,72.2],[-96.51,72.17],[-96.48,72.13],[-96.5,72.09],[-96.53,72.08],[-96.87,72.05],[-96.84,72.04],[-96.78,72.04],[-96.75,72.04],[-96.69,72.02],[-96.66,72.02],[-96.52,72.04],[-96.49,72.03],[-96.5,72.0],[-96.51,71.97],[-96.54,71.95],[-96.58,71.95],[-96.61,71.96],[-96.66,71.95],[-96.7,71.95],[-96.77,71.92],[-96.72,71.9],[-96.67,71.91],[-96.61,71.93],[-96.56,71.94],[-96.52,71.94],[-96.56,71.84],[-96.59,71.82],[-96.62,71.81],[-96.72,71.8],[-96.75,71.82],[-96.72,71.83],[-96.68,71.84],[-96.74,71.85],[-96.77,71.84],[-96.83,71.81],[-96.86,71.81],[-96.94,71.81],[-96.98,71.79],[-97.01,71.76],[-97.06,71.73],[-97.08,71.7],[-97.21,71.67],[-97.3,71.66],[-97.44,71.62],[-97.69,71.62],[-97.76,71.65],[-97.91,71.65],[-97.95,71.66],[-98.1,71.65],[-98.14,71.65],[-98.22,71.66],[-98.25,71.67],[-98.34,71.71],[-98.35,71.75],[-98.34,71.79],[-98.22,71.87],[-98.25,71.9],[-98.3,71.9],[-98.27,71.88],[-98.32,71.87],[-98.44,71.8],[-98.48,71.77],[-98.5,71.72],[-98.47,71.72],[-98.42,71.71],[-98.39,71.68],[-98.35,71.65],[-98.32,71.65],[-98.29,71.61],[-98.26,71.61],[-98.23,71.59],[-98.19,71.59],[-98.16,71.56],[-98.12,71.54],[-98.06,71.54],[-98.1,71.49],[-98.13,71.47],[-98.17,71.44],[-98.22,71.41],[-98.32,71.39],[-98.4,71.35],[-98.44,71.34],[-98.51,71.3],[-98.54,71.29],[-98.66,71.3],[-98.7,71.29],[-98.74,71.28],[-98.79,71.28],[-98.83,71.3],[-98.95,71.37],[-98.99,71.39],[-99.02,71.38],[-99.09,71.36],[-99.12,71.35],[-99.21,71.35],[-99.24,71.35],[-99.26,71.39],[-99.29,71.42],[-99.32,71.45],[-99.32,71.48],[-99.37,71.51],[-99.41,71.55],[-99.38,71.55],[-99.37,71.58],[-99.51,71.61],[-99.56,71.62],[-99.6,71.64],[-99.6,71.67],[-99.63,71.71],[-99.67,71.72],[-99.68,71.76],[-99.75,71.78],[-99.81,71.8],[-99.85,71.85],[-100.04,71.87],[-100.1,71.89],[-100.14,71.92],[-100.19,71.94],[-100.28,71.97],[-100.31,71.99],[-100.35,72.02],[-100.38,72.04],[-100.45,72.06],[-100.42,72.08],[-100.47,72.1],[-100.5,72.1],[-100.49,72.13],[-100.55,72.14],[-100.58,72.15],[-100.61,72.17],[-100.64,72.19],[-100.8,72.21],[-100.84,72.2],[-100.88,72.21],[-100.93,72.2],[-100.97,72.18],[-101.03,72.2],[-101.06,72.24],[-101.03,72.25],[-101.07,72.26],[-101.07,72.29],[-101.13,72.3],[-101.17,72.31],[-101.2,72.33],[-101.29,72.33],[-101.36,72.31],[-101.4,72.28],[-101.4,72.25],[-101.45,72.24],[-101.5,72.25],[-101.47,72.27],[-101.51,72.29],[-101.6,72.31],[-101.63,72.31],[-101.67,72.3],[-101.7,72.29],[-101.74,72.31],[-101.77,72.31],[-101.84,72.33],[-101.88,72.36],[-101.89,72.4],[-101.79,72.39],[-101.84,72.41],[-101.92,72.41],[-101.92,72.44],[-101.95,72.46],[-101.91,72.47],[-101.97,72.5],[-102.0,72.5],[-102.03,72.5],[-102.07,72.51],[-102.14,72.54],[-102.17,72.54],[-102.21,72.54],[-102.24,72.54],[-102.34,72.58],[-102.38,72.58],[-102.41,72.6],[-102.61,72.66],[-102.66,72.68],[-102.69,72.7],[-102.73,72.72],[-102.71,72.75],[-102.75,72.76],[-102.75,72.8],[-102.73,72.83],[-102.67,72.86],[-102.6,72.91],[-102.6,72.94],[-102.58,72.98],[-102.53,73.01],[-102.48,73.04],[-102.39,73.05],[-102.35,73.06],[-102.38,73.06],[-102.3,73.07],[-102.27,73.07],[-102.21,73.08],[-102.11,73.09],[-102.08,73.09],[-102.05,73.08],[-101.95,73.09],[-101.98,73.07],[-101.94,73.05],[-101.91,73.06],[-101.87,73.02],[-101.84,73.02],[-101.8,73.02],[-101.76,73.02],[-101.79,72.98],[-101.76,72.98],[-101.73,72.97],[-101.8,72.98],[-101.74,72.93],[-101.69,72.91],[-101.66,72.9],[-101.63,72.89],[-101.6,72.92],[-101.57,72.93],[-101.58,72.9],[-101.54,72.89],[-101.5,72.85],[-101.46,72.83],[-101.44,72.79],[-101.4,72.78],[-101.36,72.78],[-101.32,72.79],[-101.36,72.8],[-101.32,72.8],[-101.28,72.78],[-101.33,72.74],[-101.36,72.76],[-101.41,72.75],[-101.33,72.72],[-101.3,72.72],[-101.13,72.71],[-101.07,72.69],[-101.02,72.7],[-100.98,72.7],[-100.95,72.69],[-100.91,72.69],[-100.87,72.7],[-100.84,72.71],[-100.81,72.72],[-100.87,72.74],[-100.84,72.76],[-100.76,72.75],[-100.59,72.76],[-100.51,72.75],[-100.47,72.75],[-100.43,72.74],[-100.39,72.76],[-100.35,72.78],[-100.32,72.81],[-100.33,72.84],[-100.4,72.87],[-100.45,72.92],[-100.39,72.95],[-100.42,72.96],[-100.49,72.95],[-100.45,73.0],[-100.44,73.03],[-100.39,73.03],[-100.35,73.05],[-100.31,73.03],[-100.34,73.02],[-100.38,73.01],[-100.41,72.99],[-100.4,72.96],[-100.37,72.95],[-100.34,72.94],[-100.31,72.94],[-100.28,72.94],[-100.31,72.95],[-100.27,72.96],[-100.31,72.92],[-100.33,72.89],[-100.3,72.87],[-100.2,72.88],[-100.14,72.9],[-100.09,72.89],[-100.09,72.92],[-100.04,72.94],[-100.18,72.99],[-100.15,73.0],[-100.11,73.0],[-100.11,73.03],[-100.15,73.03],[-100.2,73.05],[-100.23,73.05],[-100.2,73.07],[-100.17,73.08],[-100.21,73.1],[-100.29,73.09],[-100.26,73.11],[-100.3,73.12],[-100.24,73.13],[-100.31,73.14],[-100.36,73.13],[-100.41,73.11],[-100.45,73.09],[-100.48,73.09],[-100.53,73.09],[-100.52,73.12],[-100.55,73.13],[-100.61,73.15],[-100.56,73.18],[-100.52,73.18],[-100.47,73.2],[-100.51,73.22],[-100.56,73.22],[-100.47,73.24],[-100.43,73.27],[-100.38,73.29],[-100.35,73.29],[-100.31,73.28],[-100.27,73.28],[-100.24,73.27],[-100.21,73.25],[-100.1,73.24],[-100.14,73.22],[-100.04,73.19],[-99.99,73.19],[-99.81,73.2],[-99.77,73.21],[-99.82,73.22],[-99.93,73.21],[-100.0,73.24],[-100.05,73.25],[-100.09,73.27],[-100.16,73.29],[-100.2,73.33],[-100.26,73.35],[-100.29,73.37],[-100.34,73.4],[-100.38,73.4],[-100.4,73.37],[-100.39,73.34],[-100.35,73.33],[-100.48,73.32],[-100.66,73.28],[-100.86,73.26],[-100.97,73.28],[-101.03,73.3],[-101.07,73.33],[-101.29,73.36],[-101.31,73.4],[-101.35,73.41],[-101.43,73.42],[-101.47,73.44],[-101.56,73.45],[-101.58,73.48],[-101.63,73.49],[-101.57,73.49],[-101.53,73.5],[-101.47,73.54],[-101.44,73.55],[-101.38,73.56],[-101.3,73.55],[-101.27,73.56],[-101.26,73.59],[-101.23,73.61],[-100.98,73.59],[-100.92,73.6],[-100.84,73.57],[-100.77,73.55],[-100.72,73.51],[-100.65,73.46],[-100.56,73.45],[-100.52,73.44],[-100.48,73.41],[-100.44,73.41],[-100.44,73.44],[-100.48,73.46],[-100.59,73.48],[-100.6,73.52],[-100.55,73.56],[-100.55,73.6],[-100.62,73.6],[-100.65,73.6],[-100.68,73.62],[-100.73,73.62],[-100.76,73.61],[-100.8,73.61],[-100.87,73.62],[-100.9,73.63],[-100.86,73.65],[-100.94,73.68],[-101.02,73.68],[-101.05,73.68],[-101.02,73.71],[-101.05,73.73],[-101.1,73.72],[-101.01,73.75],[-100.98,73.77],[-101.01,73.77],[-101.0,73.8],[-100.97,73.81],[-100.89,73.81],[-100.86,73.83],[-100.82,73.82],[-100.76,73.81],[-100.72,73.82],[-100.67,73.85],[-100.64,73.85],[-100.41,73.84],[-100.3,73.81],[-100.17,73.8],[-100.07,73.77],[-100.02,73.74],[-100.03,73.77],[-100.0,73.78],[-99.97,73.81],[-99.94,73.82],[-99.88,73.83],[-99.85,73.86],[-99.85,73.89],[-99.88,73.9],[-99.88,73.87],[-99.91,73.89],[-99.95,73.88],[-100.03,73.84],[-100.09,73.83],[-100.26,73.84],[-100.3,73.86],[-100.28,73.89],[-100.25,73.91],[-100.21,73.92],[-100.15,73.93],[-100.12,73.94],[-100.09,73.94],[-100.02,73.95],[-99.8,73.94],[-99.84,73.9],[-99.8,73.88],[-99.77,73.88],[-99.73,73.85],[-99.7,73.85],[-99.51,73.83],[-99.46,73.81],[-99.41,73.8],[-99.36,73.78],[-99.22,73.74],[-99.24,73.7],[-99.19,73.69],[-99.16,73.7],[-99.16,73.73],[-99.13,73.75],[-99.1,73.75],[-99.05,73.75],[-98.91,73.76],[-98.84,73.76],[-98.8,73.74],[-98.77,73.75],[-98.72,73.77],[-98.69,73.77],[-98.6,73.78],[-98.53,73.79],[-98.1,73.82],[-98.05,73.84],[-97.98,73.85],[-97.95,73.87],[-97.9,73.9],[-97.77,73.92],[-97.73,73.91],[-97.76,73.9],[-97.81,73.88],[-97.84,73.87],[-97.8,73.86],[-97.77,73.86],[-97.7,73.88],[-97.61,73.9],[-97.57,73.89],[-97.46,73.87],[-97.26,73.86],[-97.19,73.85],[-97.16,73.83],[-97.07,73.77],[-96.98,73.75],[-96.95,73.71],[-96.97,73.66],[-96.99,73.63],[-97.17,73.59],[-97.22,73.56],[-97.28,73.55],[-97.42,73.58],[-97.45,73.59],[-97.46,73.56],[-97.48,73.52],[-97.59,73.54],[-97.64,73.54],[-97.66,73.5],[-97.65,73.47],[-97.6,73.46],[-97.55,73.47],[-97.5,73.49],[-97.45,73.5],[-97.4,73.49],[-97.35,73.47],[-97.22,73.48],[-97.18,73.47],[-97.19,73.44],[-97.25,73.44],[-97.18,73.42],[-97.16,73.39],[-97.19,73.35],[-97.22,73.35],[-97.27,73.37],[-97.3,73.37],[-97.59,73.32],[-97.67,73.32],[-97.73,73.31],[-97.83,73.28],[-97.86,73.25],[-98.19,73.12],[-98.23,73.09],[-98.35,73.04],[-98.41,73.04],[-98.49,73.02],[-98.45,72.98],[-98.44,72.95],[-98.45,72.91],[-98.45,72.88],[-98.41,72.87],[-98.38,72.91],[-98.32,72.94],[-98.27,72.98],[-98.22,72.99],[-98.13,73.01],[-98.09,73.03],[-98.05,73.03],[-98.01,73.04],[-97.87,73.05],[-97.84,73.04],[-97.66,73.04],[-97.26,72.96],[-97.23,72.94],[-97.26,72.89],[-97.29,72.87],[-97.42,72.87],[-97.27,72.85],[-97.22,72.84],[-97.18,72.81],[-97.11,72.79],[-97.03,72.74],[-97.11,72.7],[-97.19,72.67],[-97.18,72.63],[-97.11,72.61],[-97.07,72.61],[-96.93,72.68],[-96.71,72.71],[-96.66,72.71],[-96.6,72.74],[-96.54,72.75],[-96.57,72.7],[-96.45,72.64],[-96.45,72.6],[-96.4,72.57],[-96.43,72.55],[-96.4,72.55],[-96.36,72.52],[-96.33,72.5],[-96.32,72.47]]],[[[-99.25,73.86],[-99.36,73.87],[-99.41,73.88],[-99.44,73.91],[-99.39,73.92],[-99.1,73.96],[-99.0,73.95],[-98.97,73.96],[-99.01,73.97],[-98.98,74.0],[-98.84,74.01],[-98.77,74.03],[-98.53,74.03],[-98.17,74.1],[-97.73,74.12],[-97.69,74.12],[-97.66,74.1],[-97.64,74.07],[-97.69,74.03],[-97.81,73.98],[-97.9,73.96],[-97.99,73.94],[-98.03,73.93],[-98.07,73.91],[-98.12,73.88],[-98.4,73.86],[-98.65,73.83],[-98.72,73.87],[-98.72,73.83],[-98.76,73.82],[-98.84,73.82],[-98.9,73.82],[-98.95,73.81],[-99.14,73.82],[-99.17,73.83],[-98.83,73.83],[-98.88,73.86],[-99.25,73.86]]],[[[-90.29,73.92],[-90.24,73.92],[-90.2,73.9],[-90.24,73.86],[-90.29,73.85],[-90.33,73.88],[-90.36,73.87],[-90.37,73.84],[-90.36,73.81],[-90.44,73.75],[-90.48,73.73],[-90.51,73.7],[-90.59,73.66],[-90.63,73.64],[-90.79,73.56],[-90.85,73.55],[-90.94,73.55],[-90.97,73.56],[-91.0,73.55],[-90.97,73.53],[-90.92,73.5],[-91.03,73.44],[-91.06,73.41],[-91.09,73.39],[-91.18,73.35],[-91.24,73.29],[-91.28,73.26],[-91.33,73.25],[-91.38,73.26],[-91.46,73.24],[-91.6,73.24],[-91.63,73.23],[-91.38,73.21],[-91.47,73.13],[-91.5,73.1],[-91.53,73.08],[-91.59,73.05],[-91.63,73.03],[-91.65,72.99],[-91.77,72.92],[-91.8,72.91],[-91.83,72.86],[-91.86,72.85],[-92.01,72.8],[-92.07,72.76],[-92.1,72.75],[-92.17,72.73],[-92.38,72.71],[-92.47,72.72],[-92.58,72.73],[-92.63,72.74],[-93.05,72.77],[-93.09,72.78],[-93.21,72.79],[-93.28,72.81],[-93.32,72.82],[-93.35,72.8],[-93.4,72.79],[-93.5,72.8],[-93.6,72.78],[-93.88,72.78],[-94.16,72.77],[-94.24,72.78],[-94.29,72.78],[-94.33,72.75],[-94.31,72.72],[-94.27,72.73],[-94.23,72.74],[-94.19,72.74],[-94.02,72.71],[-93.88,72.71],[-93.85,72.72],[-93.81,72.74],[-93.79,72.69],[-93.82,72.65],[-93.78,72.63],[-93.66,72.61],[-93.63,72.6],[-93.56,72.57],[-93.5,72.52],[-93.46,72.46],[-93.51,72.43],[-93.55,72.43],[-93.57,72.4],[-93.6,72.37],[-93.68,72.34],[-93.73,72.33],[-93.77,72.32],[-93.81,72.32],[-93.85,72.29],[-93.89,72.26],[-93.92,72.25],[-93.94,72.21],[-94.03,72.15],[-94.05,72.12],[-94.06,72.08],[-94.09,72.06],[-94.22,72.05],[-94.21,72.02],[-94.16,72.02],[-94.13,72.02],[-94.1,72.03],[-94.06,72.06],[-94.03,72.07],[-94.07,72.02],[-94.03,72.0],[-94.07,72.0],[-94.12,71.99],[-94.19,72.0],[-94.29,72.0],[-94.34,72.03],[-94.58,72.02],[-94.62,72.02],[-94.75,72.02],[-95.15,71.97],[-95.11,71.99],[-95.2,71.99],[-95.19,72.03],[-95.19,72.07],[-95.15,72.08],[-95.09,72.1],[-95.19,72.1],[-95.13,72.11],[-95.08,72.13],[-94.79,72.16],[-94.84,72.17],[-95.11,72.14],[-95.18,72.15],[-95.19,72.18],[-95.21,72.22],[-95.19,72.27],[-95.17,72.3],[-95.16,72.34],[-95.17,72.37],[-95.2,72.38],[-95.23,72.42],[-95.14,72.44],[-95.2,72.46],[-95.17,72.46],[-95.2,72.52],[-95.24,72.54],[-95.29,72.54],[-95.33,72.57],[-95.31,72.61],[-95.36,72.64],[-95.44,72.66],[-95.55,72.69],[-95.59,72.7],[-95.61,72.73],[-95.56,72.74],[-95.51,72.74],[-95.57,72.77],[-95.62,72.79],[-95.65,72.79],[-95.68,72.82],[-95.67,72.85],[-95.66,72.88],[-95.65,72.91],[-95.62,72.93],[-95.66,72.96],[-95.7,72.99],[-95.71,73.02],[-95.66,73.02],[-95.65,73.06],[-95.69,73.09],[-95.65,73.12],[-95.6,73.13],[-95.53,73.13],[-95.55,73.16],[-95.58,73.18],[-95.59,73.23],[-95.56,73.23],[-95.59,73.26],[-95.59,73.3],[-95.64,73.32],[-95.62,73.36],[-95.6,73.39],[-95.63,73.39],[-95.67,73.44],[-95.67,73.48],[-95.63,73.5],[-95.64,73.53],[-95.7,73.56],[-95.67,73.56],[-95.64,73.57],[-95.61,73.6],[-95.57,73.58],[-95.6,73.61],[-95.64,73.63],[-95.73,73.64],[-95.68,73.67],[-95.72,73.69],[-95.67,73.7],[-95.66,73.73],[-95.58,73.74],[-95.45,73.77],[-95.41,73.78],[-95.37,73.76],[-95.31,73.77],[-95.28,73.77],[-95.25,73.76],[-95.09,73.69],[-95.02,73.67],[-94.8,73.65],[-94.62,73.66],[-94.68,73.69],[-94.84,73.69],[-94.91,73.71],[-94.99,73.74],[-95.07,73.78],[-95.1,73.79],[-94.96,73.83],[-95.02,73.86],[-95.05,73.86],[-95.08,73.86],[-95.11,73.85],[-95.16,73.83],[-95.2,73.85],[-95.25,73.86],[-95.3,73.88],[-95.33,73.92],[-95.33,73.95],[-95.29,73.99],[-95.25,74.01],[-95.04,74.03],[-94.95,74.05],[-94.86,74.06],[-94.82,74.07],[-94.74,74.1],[-94.65,74.09],[-94.46,74.1],[-94.41,74.12],[-94.37,74.13],[-93.92,74.14],[-93.88,74.13],[-93.83,74.09],[-93.79,74.08],[-93.76,74.08],[-93.72,74.09],[-93.75,74.09],[-93.77,74.14],[-93.73,74.16],[-93.67,74.17],[-93.46,74.18],[-93.27,74.18],[-93.02,74.14],[-92.8,74.13],[-92.77,74.12],[-92.77,74.09],[-92.72,74.08],[-92.67,74.1],[-92.64,74.1],[-92.52,74.07],[-92.43,74.06],[-92.37,74.05],[-92.32,74.02],[-92.27,73.99],[-92.33,73.95],[-92.13,73.95],[-92.11,73.98],[-92.06,73.99],[-92.02,74.0],[-91.81,74.03],[-91.78,74.02],[-91.57,74.03],[-91.37,74.02],[-90.99,74.01],[-90.64,73.95],[-90.35,73.92],[-90.29,73.92]]],[[[-97.74,74.47],[-97.77,74.48],[-97.76,74.52],[-97.63,74.55],[-97.54,74.59],[-97.51,74.6],[-97.46,74.63],[-97.37,74.63],[-97.28,74.6],[-97.29,74.56],[-97.38,74.51],[-97.45,74.51],[-97.49,74.51],[-97.64,74.46],[-97.68,74.46],[-97.72,74.47]]],[[[-95.36,74.59],[-95.27,74.54],[-95.31,74.5],[-95.35,74.5],[-95.72,74.53],[-95.78,74.55],[-95.84,74.56],[-95.87,74.58],[-95.82,74.6],[-95.75,74.59],[-95.71,74.63],[-95.66,74.64],[-95.56,74.64],[-95.49,74.63],[-95.42,74.62],[-95.36,74.59]]],[[[-103.64,75.2],[-103.6,75.18],[-103.64,75.14],[-103.76,75.09],[-103.87,75.06],[-104.16,75.04],[-104.23,75.02],[-104.26,75.02],[-104.34,75.03],[-104.47,75.04],[-104.52,75.04],[-104.6,75.05],[-104.71,75.07],[-104.79,75.1],[-104.91,75.12],[-104.91,75.16],[-104.87,75.17],[-104.81,75.18],[-104.78,75.23],[-104.75,75.23],[-104.73,75.26],[-104.7,75.26],[-104.73,75.27],[-104.77,75.28],[-104.73,75.3],[-104.7,75.33],[-104.48,75.41],[-104.4,75.43],[-104.13,75.44],[-104.07,75.42],[-103.97,75.41],[-103.89,75.38],[-103.82,75.37],[-103.81,75.34],[-103.75,75.29],[-103.75,75.24],[-103.72,75.23],[-103.67,75.22],[-103.64,75.2]]],[[[-93.44,74.94],[-93.41,74.9],[-93.41,74.87],[-93.44,74.79],[-93.46,74.75],[-93.5,74.74],[-93.57,74.75],[-93.5,74.74],[-93.47,74.73],[-93.47,74.7],[-93.53,74.67],[-93.61,74.65],[-93.9,74.65],[-94.2,74.64],[-94.23,74.64],[-94.27,74.65],[-94.42,74.64],[-94.45,74.63],[-94.72,74.63],[-94.77,74.65],[-94.83,74.69],[-94.87,74.68],[-94.92,74.66],[-94.95,74.67],[-95.0,74.68],[-95.04,74.68],[-95.09,74.69],[-95.06,74.72],[-95.31,74.81],[-95.34,74.8],[-95.38,74.78],[-95.41,74.77],[-95.44,74.77],[-95.38,74.8],[-95.43,74.81],[-95.48,74.79],[-95.45,74.75],[-95.51,74.74],[-95.54,74.75],[-95.49,74.8],[-95.63,74.81],[-95.68,74.82],[-95.73,74.84],[-95.9,74.83],[-95.87,74.85],[-95.92,74.86],[-95.96,74.86],[-96.0,74.88],[-96.04,74.9],[-96.09,74.91],[-96.12,74.92],[-96.11,74.95],[-96.03,74.95],[-96.07,74.97],[-96.1,74.96],[-96.14,74.96],[-96.1,74.99],[-96.05,75.01],[-96.09,75.02],[-96.15,75.02],[-96.2,74.96],[-96.22,74.92],[-96.27,74.91],[-96.35,74.91],[-96.39,74.92],[-96.38,74.96],[-96.4,74.99],[-96.36,74.98],[-96.33,74.98],[-96.35,75.01],[-96.52,75.01],[-96.57,74.99],[-96.62,74.99],[-96.59,75.03],[-96.6,75.08],[-96.53,75.12],[-96.48,75.17],[-96.44,75.2],[-96.39,75.18],[-96.35,75.22],[-96.13,75.25],[-96.08,75.24],[-95.99,75.25],[-96.03,75.26],[-96.07,75.25],[-96.03,75.28],[-95.94,75.28],[-95.9,75.29],[-95.93,75.3],[-96.17,75.29],[-96.13,75.31],[-96.03,75.33],[-95.96,75.38],[-95.92,75.39],[-95.89,75.37],[-95.94,75.36],[-95.8,75.37],[-96.04,75.4],[-96.08,75.4],[-96.13,75.38],[-96.16,75.38],[-96.16,75.41],[-96.11,75.42],[-96.03,75.42],[-96.0,75.44],[-95.91,75.43],[-95.88,75.43],[-95.86,75.4],[-95.78,75.4],[-95.75,75.4],[-95.7,75.4],[-95.71,75.43],[-95.77,75.43],[-95.8,75.44],[-95.84,75.47],[-95.79,75.5],[-95.59,75.55],[-95.52,75.55],[-95.45,75.57],[-95.41,75.57],[-95.37,75.55],[-95.35,75.58],[-95.31,75.6],[-95.28,75.6],[-95.23,75.59],[-95.19,75.59],[-95.15,75.59],[-95.11,75.6],[-95.07,75.62],[-94.98,75.62],[-94.92,75.64],[-94.65,75.62],[-94.39,75.6],[-94.05,75.47],[-94.02,75.45],[-93.99,75.44],[-93.89,75.42],[-93.79,75.37],[-93.69,75.36],[-93.66,75.33],[-93.72,75.31],[-93.8,75.31],[-93.67,75.3],[-93.5,75.27],[-93.51,75.24],[-93.58,75.21],[-93.48,75.15],[-93.47,75.12],[-93.51,75.1],[-93.49,75.07],[-93.55,75.06],[-93.61,75.06],[-93.62,75.03],[-93.55,75.05],[-93.5,75.02],[-93.45,74.99],[-93.44,74.94]]],[[[-96.58,75.44],[-96.68,75.44],[-96.69,75.41],[-96.64,75.41],[-96.78,75.38],[-96.84,75.36],[-96.87,75.36],[-96.9,75.38],[-96.96,75.38],[-96.99,75.4],[-96.95,75.41],[-96.98,75.42],[-97.01,75.45],[-97.05,75.5],[-96.71,75.57],[-96.67,75.55],[-96.53,75.58],[-96.44,75.59],[-96.42,75.62],[-96.38,75.66],[-96.29,75.65],[-96.13,75.61],[-96.07,75.61],[-96.03,75.6],[-96.0,75.6],[-95.94,75.58],[-95.91,75.56],[-95.94,75.55],[-96.03,75.53],[-96.07,75.5],[-96.11,75.49],[-96.15,75.47],[-96.21,75.46],[-96.24,75.47],[-96.29,75.49],[-96.37,75.51],[-96.41,75.52],[-96.4,75.56],[-96.36,75.58],[-96.42,75.58],[-96.48,75.56],[-96.52,75.55],[-96.55,75.5],[-96.52,75.48],[-96.56,75.44]]],[[[-102.87,75.77],[-103.33,75.75],[-103.39,75.77],[-103.27,75.79],[-103.31,75.81],[-103.25,75.83],[-103.19,75.84],[-103.05,75.83],[-103.08,75.84],[-103.11,75.84],[-103.14,75.85],[-103.11,75.89],[-103.08,75.9],[-103.04,75.91],[-102.77,75.94],[-102.49,75.97],[-102.41,75.97],[-102.21,75.99],[-102.07,75.97],[-102.0,75.96],[-102.09,75.92],[-102.39,75.89],[-102.44,75.87],[-102.48,75.82],[-102.6,75.77],[-102.67,75.77],[-102.71,75.78],[-102.77,75.76],[-102.87,75.77]]],[[[-94.49,75.98],[-94.46,75.97],[-94.45,75.92],[-94.42,75.89],[-94.4,75.86],[-94.32,75.82],[-94.29,75.78],[-94.66,75.75],[-94.74,75.76],[-94.79,75.78],[-94.82,75.81],[-94.83,75.85],[-94.83,75.89],[-94.88,75.9],[-94.91,75.94],[-94.85,75.95],[-94.66,75.97],[-94.54,75.99],[-94.49,75.98]]],[[[-102.57,75.99],[-102.94,75.96],[-103.32,75.92],[-103.69,75.89],[-103.8,75.9],[-103.89,75.9],[-103.93,75.93],[-103.97,75.94],[-103.82,75.95],[-103.73,75.98],[-103.5,75.98],[-103.32,76.02],[-103.23,76.02],[-103.14,76.05],[-103.11,76.05],[-103.03,76.05],[-102.74,76.07],[-102.44,76.09],[-102.35,76.08],[-102.32,76.04],[-102.36,76.01],[-102.57,75.99]]],[[[-78.9,76.12],[-78.87,76.11],[-78.81,76.1],[-78.83,76.06],[-78.86,76.05],[-79.14,75.98],[-79.17,75.97],[-79.17,75.94],[-79.01,75.89],[-78.95,75.88],[-78.87,75.86],[-78.9,75.84],[-78.97,75.85],[-79.05,75.84],[-79.03,75.87],[-79.11,75.87],[-79.28,75.88],[-79.33,75.87],[-79.43,75.85],[-79.39,75.83],[-79.36,75.83],[-79.43,75.8],[-79.47,75.82],[-79.59,75.82],[-79.57,75.86],[-79.62,75.87],[-79.65,75.87],[-79.69,75.86],[-79.72,75.86],[-79.75,75.88],[-79.72,75.88],[-79.63,75.89],[-79.6,75.9],[-79.59,75.94],[-79.5,75.96],[-79.43,76.0],[-79.32,76.02],[-79.28,76.03],[-79.25,76.06],[-79.18,76.07],[-79.15,76.08],[-79.11,76.11],[-79.07,76.12],[-79.01,76.13],[-78.9,76.12]]],[[[-81.33,76.15],[-81.36,76.15],[-81.44,76.15],[-81.47,76.16],[-81.37,76.19],[-81.31,76.2],[-81.25,76.2],[-81.2,76.18],[-81.23,76.17],[-81.26,76.16],[-81.33,76.15]]],[[[-103.81,76.03],[-103.94,76.04],[-103.89,76.05],[-104.07,76.07],[-104.37,76.08],[-104.41,76.09],[-104.45,76.13],[-104.48,76.14],[-104.44,76.17],[-104.36,76.18],[-104.33,76.21],[-104.2,76.23],[-104.13,76.22],[-104.08,76.23],[-103.91,76.24],[-103.86,76.26],[-103.79,76.26],[-103.71,76.26],[-103.59,76.26],[-103.53,76.27],[-103.5,76.27],[-103.45,76.28],[-103.09,76.3],[-102.73,76.32],[-102.65,76.29],[-102.54,76.23],[-102.59,76.18],[-102.54,76.17],[-102.63,76.16],[-102.68,76.12],[-102.84,76.08],[-103.24,76.05],[-103.52,76.04],[-103.81,76.03]]],[[[-89.38,76.45],[-89.41,76.44],[-89.6,76.44],[-89.63,76.45],[-89.56,76.47],[-89.52,76.48],[-89.47,76.47],[-89.38,76.45]]],[[[-83.99,76.43],[-84.06,76.44],[-84.12,76.45],[-84.11,76.48],[-84.1,76.51],[-84.07,76.51],[-84.01,76.5],[-83.97,76.49],[-83.91,76.47],[-83.95,76.44],[-83.99,76.43]]],[[[-104.4,76.47],[-104.44,76.49],[-104.48,76.5],[-104.53,76.48],[-104.57,76.49],[-104.57,76.53],[-104.64,76.55],[-104.67,76.55],[-104.64,76.58],[-104.68,76.6],[-104.65,76.6],[-104.35,76.66],[-104.02,76.67],[-103.97,76.66],[-103.92,76.64],[-104.06,76.57],[-104.02,76.56],[-103.95,76.58],[-103.88,76.58],[-103.85,76.61],[-103.8,76.62],[-103.77,76.62],[-103.68,76.58],[-103.64,76.57],[-103.56,76.57],[-103.59,76.53],[-103.39,76.5],[-103.3,76.5],[-103.26,76.51],[-103.25,76.48],[-103.07,76.46],[-103.02,76.45],[-103.01,76.42],[-103.34,76.33],[-103.61,76.32],[-103.88,76.32],[-103.95,76.33],[-104.38,76.32],[-104.41,76.34],[-104.35,76.36],[-104.37,76.39],[-104.44,76.39],[-104.4,76.42],[-104.4,76.47]]],[[[-97.42,75.52],[-97.41,75.47],[-97.37,75.44],[-97.28,75.4],[-97.31,75.4],[-97.47,75.42],[-97.49,75.47],[-97.72,75.57],[-97.76,75.57],[-97.83,75.55],[-97.86,75.55],[-97.8,75.52],[-97.77,75.51],[-97.76,75.47],[-97.79,75.46],[-97.83,75.47],[-97.85,75.51],[-97.92,75.52],[-97.96,75.51],[-98.02,75.49],[-97.97,75.48],[-98.03,75.46],[-98.06,75.46],[-98.02,75.45],[-97.94,75.45],[-97.8,75.43],[-97.77,75.42],[-97.81,75.41],[-98.04,75.42],[-98.03,75.39],[-97.89,75.38],[-97.99,75.36],[-98.06,75.36],[-98.1,75.37],[-98.14,75.36],[-98.16,75.33],[-98.12,75.33],[-98.09,75.34],[-98.12,75.31],[-98.09,75.29],[-98.06,75.29],[-98.01,75.31],[-97.97,75.33],[-97.93,75.34],[-97.89,75.33],[-97.95,75.31],[-98.0,75.28],[-97.93,75.27],[-97.9,75.31],[-97.85,75.26],[-97.76,75.24],[-97.73,75.21],[-97.77,75.21],[-97.7,75.19],[-97.66,75.18],[-97.61,75.15],[-97.58,75.16],[-97.64,75.13],[-97.73,75.11],[-97.81,75.11],[-98.01,75.16],[-98.04,75.18],[-98.04,75.22],[-98.1,75.23],[-98.15,75.18],[-98.12,75.18],[-98.13,75.15],[-98.1,75.14],[-98.03,75.12],[-97.99,75.12],[-97.96,75.09],[-97.94,75.05],[-97.98,75.01],[-98.04,75.03],[-98.39,75.01],[-98.75,74.99],[-98.79,75.0],[-98.75,75.01],[-98.83,75.01],[-98.86,75.02],[-98.84,75.05],[-98.9,75.07],[-98.94,75.06],[-98.97,75.05],[-98.94,75.03],[-99.37,74.99],[-99.41,75.0],[-99.38,75.01],[-99.38,75.05],[-99.3,75.1],[-99.31,75.13],[-99.37,75.08],[-99.45,75.06],[-99.49,75.04],[-99.44,75.01],[-99.48,75.0],[-99.53,74.98],[-99.65,74.98],[-99.99,75.0],[-100.33,75.01],[-100.37,75.02],[-100.4,75.06],[-100.39,75.09],[-100.39,75.12],[-100.43,75.15],[-100.45,75.18],[-100.52,75.19],[-100.55,75.21],[-100.49,75.23],[-100.42,75.23],[-100.02,75.23],[-99.99,75.24],[-100.06,75.25],[-100.11,75.25],[-100.17,75.25],[-100.25,75.26],[-100.35,75.26],[-100.41,75.27],[-100.37,75.28],[-100.32,75.28],[-100.28,75.29],[-100.25,75.31],[-100.5,75.29],[-100.54,75.3],[-100.68,75.34],[-100.75,75.34],[-100.78,75.36],[-100.65,75.38],[-100.6,75.38],[-100.63,75.38],[-100.68,75.37],[-100.62,75.35],[-100.59,75.35],[-100.5,75.37],[-100.46,75.37],[-100.52,75.39],[-100.57,75.43],[-100.62,75.43],[-100.72,75.43],[-100.38,75.45],[-100.04,75.46],[-100.01,75.47],[-100.31,75.48],[-100.22,75.49],[-100.04,75.48],[-99.95,75.5],[-100.28,75.52],[-99.83,75.55],[-99.86,75.55],[-99.94,75.55],[-100.02,75.55],[-99.99,75.56],[-99.8,75.59],[-99.75,75.59],[-99.7,75.6],[-99.67,75.62],[-99.86,75.62],[-99.81,75.64],[-99.39,75.67],[-98.96,75.68],[-98.91,75.69],[-99.3,75.7],[-99.67,75.68],[-99.64,75.69],[-99.56,75.7],[-99.89,75.68],[-100.22,75.67],[-100.27,75.65],[-100.3,75.65],[-100.35,75.66],[-100.48,75.64],[-100.55,75.65],[-100.81,75.63],[-101.06,75.62],[-101.1,75.6],[-101.15,75.6],[-101.23,75.59],[-101.29,75.59],[-101.36,75.58],[-101.39,75.59],[-101.45,75.61],[-101.76,75.58],[-102.06,75.55],[-102.21,75.55],[-102.4,75.54],[-102.63,75.5],[-102.67,75.5],[-102.67,75.53],[-102.71,75.54],[-102.76,75.54],[-102.73,75.57],[-102.76,75.59],[-102.85,75.6],[-102.84,75.63],[-102.8,75.63],[-102.77,75.62],[-102.74,75.62],[-102.63,75.62],[-102.68,75.63],[-102.69,75.68],[-102.64,75.69],[-102.57,75.69],[-102.53,75.7],[-102.56,75.71],[-102.59,75.71],[-102.56,75.73],[-102.52,75.73],[-102.25,75.72],[-102.11,75.7],[-102.08,75.7],[-102.01,75.7],[-102.04,75.71],[-102.09,75.7],[-102.12,75.71],[-102.12,75.74],[-102.21,75.74],[-102.24,75.75],[-102.09,75.79],[-102.12,75.8],[-102.33,75.78],[-102.37,75.8],[-102.34,75.84],[-102.28,75.87],[-101.83,75.91],[-101.8,75.9],[-101.78,75.87],[-101.75,75.87],[-101.71,75.86],[-101.64,75.85],[-101.58,75.83],[-101.49,75.81],[-101.45,75.81],[-101.47,75.77],[-101.42,75.76],[-101.28,75.75],[-101.24,75.76],[-101.15,75.78],[-100.99,75.79],[-100.91,75.81],[-101.05,75.81],[-101.15,75.79],[-101.23,75.78],[-101.36,75.78],[-101.33,75.81],[-101.35,75.84],[-101.41,75.86],[-101.51,75.86],[-101.55,75.87],[-101.57,75.91],[-101.57,75.94],[-101.49,75.96],[-101.43,75.97],[-101.4,75.98],[-101.37,76.0],[-101.33,76.0],[-101.41,76.0],[-101.71,75.99],[-101.78,76.0],[-101.84,76.03],[-101.9,76.06],[-101.91,76.09],[-101.87,76.13],[-101.81,76.15],[-101.76,76.18],[-101.54,76.21],[-101.39,76.25],[-101.79,76.22],[-101.85,76.23],[-102.1,76.22],[-102.17,76.24],[-102.14,76.25],[-102.1,76.25],[-102.07,76.26],[-102.08,76.29],[-102.12,76.3],[-102.19,76.29],[-102.09,76.31],[-102.05,76.32],[-102.1,76.35],[-102.06,76.36],[-101.99,76.36],[-101.95,76.37],[-101.98,76.38],[-102.03,76.38],[-102.06,76.4],[-102.0,76.42],[-101.97,76.42],[-101.94,76.43],[-101.85,76.45],[-101.81,76.46],[-101.41,76.44],[-101.37,76.42],[-101.32,76.41],[-101.22,76.37],[-101.09,76.34],[-101.06,76.33],[-101.1,76.3],[-101.13,76.26],[-100.96,76.23],[-100.85,76.21],[-100.75,76.18],[-100.72,76.17],[-100.65,76.14],[-100.72,76.11],[-100.42,76.12],[-100.46,76.1],[-100.63,76.09],[-100.35,76.07],[-100.31,76.04],[-100.21,75.99],[-100.14,75.96],[-100.07,75.95],[-100.11,75.93],[-100.15,75.92],[-100.1,75.91],[-100.07,75.91],[-100.02,75.93],[-99.98,75.92],[-99.97,75.88],[-99.92,75.88],[-99.87,75.91],[-99.72,75.92],[-99.68,75.94],[-99.64,75.94],[-99.6,75.94],[-99.55,75.96],[-99.52,75.96],[-99.49,75.96],[-99.44,75.97],[-99.49,75.98],[-99.82,75.95],[-99.86,75.94],[-99.9,75.95],[-99.88,75.98],[-99.91,75.99],[-99.94,75.99],[-99.98,76.01],[-100.04,76.01],[-100.0,76.03],[-100.06,76.04],[-100.1,76.08],[-100.13,76.11],[-100.2,76.13],[-100.12,76.14],[-100.08,76.16],[-100.04,76.16],[-99.95,76.14],[-99.81,76.14],[-99.72,76.12],[-99.68,76.12],[-99.56,76.14],[-99.46,76.15],[-99.42,76.16],[-99.7,76.14],[-99.73,76.15],[-99.76,76.16],[-99.88,76.17],[-99.97,76.2],[-100.17,76.19],[-100.48,76.23],[-100.51,76.25],[-100.44,76.28],[-100.08,76.27],[-100.13,76.29],[-100.2,76.3],[-100.14,76.31],[-100.1,76.29],[-100.06,76.29],[-99.9,76.28],[-99.84,76.29],[-100.0,76.3],[-99.95,76.32],[-100.03,76.33],[-100.06,76.33],[-100.18,76.36],[-100.14,76.38],[-100.17,76.38],[-100.22,76.37],[-100.25,76.37],[-100.32,76.39],[-100.68,76.38],[-100.96,76.48],[-100.99,76.51],[-100.73,76.53],[-100.7,76.54],[-100.65,76.58],[-100.58,76.59],[-100.43,76.63],[-100.38,76.63],[-100.33,76.64],[-100.27,76.65],[-99.85,76.61],[-99.77,76.63],[-99.74,76.64],[-99.64,76.64],[-99.59,76.63],[-99.55,76.61],[-99.58,76.6],[-99.65,76.61],[-99.69,76.6],[-99.52,76.59],[-99.29,76.5],[-99.25,76.5],[-99.2,76.52],[-99.16,76.51],[-99.22,76.48],[-99.26,76.47],[-99.16,76.42],[-99.12,76.41],[-99.07,76.4],[-99.11,76.43],[-99.14,76.46],[-99.05,76.46],[-99.02,76.46],[-98.98,76.47],[-98.95,76.47],[-98.93,76.44],[-98.9,76.44],[-98.85,76.44],[-98.89,76.45],[-98.86,76.47],[-98.91,76.49],[-98.96,76.51],[-99.01,76.54],[-99.04,76.54],[-99.06,76.58],[-99.03,76.58],[-98.98,76.62],[-98.9,76.62],[-98.83,76.62],[-98.78,76.61],[-98.75,76.58],[-98.73,76.62],[-98.61,76.61],[-98.55,76.62],[-98.51,76.64],[-98.56,76.67],[-98.68,76.65],[-98.78,76.65],[-98.83,76.66],[-98.86,76.68],[-98.46,76.68],[-98.41,76.67],[-98.43,76.64],[-98.33,76.61],[-98.23,76.6],[-98.18,76.59],[-98.15,76.59],[-98.28,76.58],[-98.34,76.6],[-98.4,76.6],[-98.37,76.57],[-98.32,76.56],[-98.27,76.56],[-98.23,76.56],[-98.2,76.55],[-98.16,76.56],[-98.1,76.54],[-97.81,76.52],[-97.67,76.49],[-97.7,76.47],[-97.67,76.45],[-97.69,76.41],[-97.73,76.4],[-97.75,76.36],[-97.78,76.33],[-97.74,76.31],[-97.71,76.27],[-97.55,76.23],[-97.51,76.19],[-97.5,76.16],[-97.52,76.13],[-97.57,76.1],[-97.59,76.05],[-97.62,76.01],[-97.65,75.99],[-97.65,75.95],[-97.62,75.91],[-97.58,75.88],[-97.59,75.85],[-97.64,75.83],[-97.74,75.78],[-97.8,75.78],[-97.9,75.76],[-97.94,75.75],[-97.9,75.74],[-97.67,75.73],[-97.62,75.71],[-97.42,75.7],[-97.38,75.68],[-97.39,75.65],[-97.41,75.61],[-97.41,75.57],[-97.42,75.53]]],[[[-101.16,76.58],[-101.34,76.56],[-101.69,76.59],[-101.6,76.6],[-101.53,76.63],[-101.43,76.64],[-101.24,76.65],[-101.19,76.66],[-101.14,76.68],[-101.09,76.69],[-101.06,76.69],[-101.02,76.72],[-100.97,76.74],[-100.63,76.76],[-100.25,76.74],[-100.33,76.71],[-100.75,76.65],[-101.16,76.58]]],[[[-89.67,76.73],[-89.69,76.69],[-89.73,76.68],[-89.82,76.67],[-89.85,76.64],[-89.86,76.6],[-89.82,76.55],[-89.71,76.52],[-89.67,76.51],[-89.71,76.5],[-89.79,76.49],[-89.83,76.49],[-89.89,76.51],[-89.92,76.52],[-89.95,76.51],[-89.94,76.48],[-89.98,76.48],[-90.06,76.49],[-90.16,76.51],[-90.2,76.52],[-90.27,76.57],[-90.57,76.72],[-90.59,76.75],[-90.53,76.79],[-90.33,76.82],[-90.2,76.84],[-89.98,76.84],[-89.94,76.83],[-89.85,76.81],[-89.7,76.75],[-89.67,76.73]]],[[[-110.0,75.91],[-109.69,75.95],[-109.65,75.96],[-109.59,75.98],[-109.54,75.99],[-109.43,76.0],[-109.39,76.02],[-109.43,76.03],[-109.4,76.04],[-109.3,76.04],[-109.27,76.05],[-109.3,76.06],[-109.36,76.07],[-109.39,76.07],[-109.33,76.1],[-109.37,76.13],[-109.42,76.14],[-109.49,76.15],[-109.52,76.16],[-109.54,76.19],[-109.7,76.2],[-109.73,76.2],[-109.69,76.21],[-109.83,76.24],[-109.87,76.24],[-109.9,76.23],[-109.91,76.2],[-110.0,76.23],[-110.0,76.46],[-110.0,76.49],[-109.92,76.49],[-109.88,76.5],[-109.81,76.49],[-109.77,76.5],[-109.71,76.53],[-109.85,76.53],[-109.8,76.55],[-109.76,76.57],[-109.78,76.6],[-109.65,76.59],[-109.58,76.63],[-109.55,76.63],[-109.55,76.67],[-109.51,76.7],[-109.44,76.74],[-109.34,76.76],[-109.33,76.79],[-109.3,76.79],[-109.25,76.8],[-109.2,76.82],[-109.01,76.83],[-108.94,76.82],[-108.9,76.82],[-108.82,76.83],[-108.79,76.86],[-108.76,76.86],[-108.73,76.84],[-108.67,76.82],[-108.69,76.78],[-108.53,76.77],[-108.49,76.76],[-108.45,76.73],[-108.44,76.7],[-108.47,76.69],[-108.54,76.66],[-108.58,76.65],[-108.65,76.65],[-108.68,76.65],[-108.73,76.64],[-108.69,76.61],[-108.66,76.6],[-108.63,76.58],[-108.56,76.57],[-108.61,76.53],[-108.55,76.52],[-108.59,76.49],[-108.51,76.47],[-108.48,76.46],[-108.52,76.45],[-108.59,76.44],[-108.62,76.42],[-108.59,76.41],[-108.56,76.41],[-108.53,76.42],[-108.5,76.41],[-108.47,76.41],[-108.34,76.4],[-108.26,76.37],[-108.22,76.35],[-108.19,76.36],[-108.08,76.29],[-108.13,76.28],[-108.21,76.27],[-108.21,76.24],[-108.09,76.23],[-108.12,76.21],[-108.34,76.19],[-108.38,76.17],[-108.41,76.15],[-108.44,76.11],[-108.4,76.1],[-108.45,76.07],[-108.48,76.06],[-108.36,76.05],[-108.16,76.05],[-108.04,76.07],[-107.89,76.07],[-107.86,76.07],[-107.73,76.04],[-107.7,76.02],[-107.65,76.01],[-107.65,75.97],[-107.68,75.97],[-107.79,75.93],[-107.75,75.92],[-107.79,75.9],[-107.9,75.9],[-107.94,75.88],[-107.97,75.86],[-108.0,75.84],[-108.05,75.81],[-108.02,75.79],[-107.98,75.78],[-107.92,75.79],[-107.87,75.81],[-107.82,75.83],[-107.77,75.87],[-107.72,75.89],[-107.37,75.92],[-107.3,75.91],[-107.22,75.92],[-107.15,75.9],[-107.08,75.9],[-107.05,75.89],[-107.08,75.88],[-107.11,75.84],[-107.08,75.82],[-107.04,75.81],[-107.0,75.81],[-106.96,75.79],[-107.0,75.79],[-106.95,75.75],[-106.96,75.71],[-106.93,75.67],[-106.9,75.65],[-106.9,75.68],[-106.9,75.72],[-106.88,75.75],[-106.82,75.79],[-106.75,75.8],[-106.61,75.8],[-106.66,75.81],[-106.86,75.83],[-106.89,75.84],[-106.87,75.89],[-106.88,75.92],[-106.87,75.97],[-106.84,75.98],[-106.72,76.02],[-106.66,76.05],[-106.63,76.06],[-106.34,76.06],[-106.05,76.03],[-105.76,75.99],[-105.61,75.94],[-105.51,75.89],[-105.47,75.86],[-105.44,75.82],[-105.46,75.78],[-105.42,75.75],[-105.46,75.73],[-105.42,75.71],[-105.4,75.67],[-105.41,75.63],[-105.45,75.62],[-105.48,75.6],[-105.52,75.55],[-105.59,75.55],[-105.69,75.53],[-105.73,75.5],[-105.62,75.48],[-105.59,75.47],[-105.64,75.44],[-105.71,75.42],[-105.68,75.39],[-105.66,75.36],[-105.71,75.34],[-105.74,75.31],[-105.81,75.3],[-105.87,75.27],[-105.9,75.26],[-105.94,75.21],[-105.84,75.18],[-105.87,75.18],[-105.88,75.15],[-106.01,75.13],[-106.05,75.12],[-106.02,75.08],[-106.38,75.03],[-106.76,75.0],[-107.01,74.92],[-107.23,74.92],[-107.31,74.93],[-107.51,74.94],[-107.69,74.98],[-107.72,75.02],[-107.69,75.04],[-107.69,75.08],[-107.74,75.1],[-107.77,75.1],[-107.75,75.07],[-107.77,75.03],[-107.85,75.01],[-107.94,75.01],[-107.98,75.02],[-107.96,74.99],[-107.97,74.96],[-108.02,74.95],[-107.96,74.94],[-108.06,74.94],[-108.42,74.92],[-108.5,74.93],[-108.54,74.94],[-108.81,74.99],[-108.51,74.98],[-108.55,75.01],[-108.6,75.04],[-108.65,75.05],[-108.82,75.07],[-108.92,75.05],[-108.97,75.02],[-109.03,75.01],[-108.99,74.99],[-109.08,74.99],[-109.36,74.95],[-109.4,74.92],[-109.43,74.9],[-109.53,74.87],[-109.58,74.86],[-109.88,74.87],[-110.0,74.85],[-110.0,74.92],[-110.0,75.14],[-110.0,75.36],[-110.0,75.54],[-109.51,75.52],[-109.03,75.5],[-108.94,75.48],[-108.91,75.48],[-108.93,75.53],[-109.01,75.55],[-108.95,75.57],[-108.86,75.56],[-108.9,75.59],[-108.85,75.61],[-108.91,75.67],[-108.94,75.68],[-108.87,75.68],[-108.83,75.69],[-108.86,75.7],[-108.96,75.7],[-109.01,75.72],[-109.07,75.72],[-109.1,75.75],[-109.41,75.78],[-109.46,75.79],[-109.4,75.8],[-109.69,75.81],[-109.65,75.83],[-109.69,75.84],[-109.66,75.87],[-109.7,75.88],[-109.73,75.88],[-109.79,75.86],[-109.84,75.87],[-109.89,75.85],[-109.95,75.86],[-110.0,75.88],[-110.0,75.91]]],[[[-79.56,74.99],[-79.49,74.96],[-79.44,74.92],[-79.33,74.9],[-79.36,74.89],[-79.4,74.88],[-79.82,74.84],[-79.88,74.82],[-79.91,74.81],[-79.95,74.82],[-80.16,74.86],[-80.15,74.91],[-80.17,74.94],[-80.2,74.94],[-80.19,74.9],[-80.24,74.88],[-80.29,74.9],[-80.31,74.94],[-80.4,74.91],[-80.39,74.88],[-80.36,74.87],[-80.1,74.83],[-80.1,74.79],[-80.14,74.78],[-80.22,74.78],[-80.25,74.76],[-80.15,74.73],[-80.18,74.7],[-80.19,74.67],[-80.2,74.64],[-80.16,74.64],[-80.19,74.61],[-80.23,74.6],[-80.27,74.58],[-80.42,74.59],[-80.45,74.59],[-80.51,74.57],[-80.54,74.56],[-80.83,74.57],[-81.12,74.58],[-81.32,74.56],[-81.44,74.53],[-81.51,74.52],[-81.56,74.5],[-81.62,74.5],[-81.74,74.47],[-81.79,74.46],[-81.85,74.47],[-81.88,74.46],[-81.97,74.48],[-82.07,74.48],[-82.2,74.5],[-82.23,74.51],[-82.42,74.52],[-82.38,74.55],[-82.42,74.57],[-82.45,74.57],[-82.57,74.52],[-82.61,74.51],[-82.64,74.52],[-82.68,74.52],[-82.74,74.52],[-82.92,74.55],[-82.95,74.56],[-83.08,74.64],[-83.12,74.67],[-83.13,74.71],[-83.12,74.74],[-83.06,74.76],[-83.08,74.79],[-83.1,74.83],[-83.13,74.83],[-83.19,74.82],[-83.36,74.86],[-83.42,74.89],[-83.49,74.91],[-83.55,74.9],[-83.52,74.84],[-83.47,74.82],[-83.41,74.8],[-83.36,74.79],[-83.33,74.78],[-83.39,74.7],[-83.43,74.67],[-83.46,74.63],[-83.47,74.59],[-83.51,74.57],[-83.56,74.56],[-83.6,74.55],[-83.64,74.55],[-83.69,74.55],[-84.04,74.54],[-84.15,74.52],[-84.26,74.51],[-84.5,74.51],[-84.61,74.5],[-84.64,74.51],[-84.68,74.52],[-84.74,74.52],[-84.84,74.5],[-84.91,74.51],[-84.95,74.56],[-84.98,74.57],[-84.98,74.6],[-84.99,74.65],[-84.96,74.66],[-84.97,74.7],[-85.01,74.7],[-85.02,74.67],[-85.05,74.66],[-85.08,74.64],[-85.05,74.61],[-85.04,74.57],[-85.07,74.51],[-85.13,74.5],[-85.18,74.49],[-85.33,74.5],[-85.36,74.51],[-85.36,74.55],[-85.41,74.58],[-85.47,74.66],[-85.51,74.69],[-85.55,74.69],[-85.56,74.66],[-85.53,74.63],[-85.52,74.6],[-85.48,74.55],[-85.53,74.52],[-85.6,74.5],[-85.86,74.49],[-86.12,74.48],[-86.08,74.54],[-86.16,74.58],[-86.16,74.62],[-86.2,74.62],[-86.24,74.6],[-86.22,74.56],[-86.25,74.53],[-86.29,74.51],[-86.38,74.49],[-86.44,74.49],[-86.66,74.54],[-86.71,74.56],[-86.74,74.58],[-86.75,74.62],[-86.78,74.62],[-86.8,74.57],[-86.74,74.53],[-86.65,74.49],[-86.6,74.48],[-86.91,74.46],[-86.94,74.47],[-87.0,74.5],[-87.03,74.51],[-87.07,74.47],[-87.12,74.47],[-87.26,74.47],[-87.33,74.48],[-87.37,74.53],[-87.33,74.53],[-87.37,74.54],[-87.4,74.54],[-87.43,74.52],[-87.46,74.48],[-87.55,74.47],[-87.64,74.46],[-87.7,74.46],[-87.74,74.47],[-87.75,74.51],[-87.84,74.49],[-87.88,74.48],[-88.06,74.48],[-88.11,74.48],[-88.15,74.51],[-88.21,74.49],[-88.24,74.48],[-88.52,74.5],[-88.55,74.52],[-88.57,74.56],[-88.54,74.62],[-88.48,74.67],[-88.45,74.69],[-88.43,74.73],[-88.41,74.76],[-88.3,74.77],[-88.44,74.79],[-88.48,74.79],[-88.46,74.83],[-88.53,74.9],[-88.57,74.9],[-88.54,74.85],[-88.58,74.83],[-88.62,74.82],[-88.63,74.85],[-88.68,74.82],[-88.73,74.8],[-88.76,74.76],[-88.76,74.72],[-88.8,74.69],[-88.85,74.66],[-88.89,74.67],[-88.91,74.71],[-88.91,74.75],[-88.92,74.79],[-89.02,74.81],[-89.08,74.84],[-89.06,74.8],[-89.01,74.79],[-89.04,74.74],[-89.08,74.72],[-89.11,74.73],[-89.16,74.73],[-89.24,74.76],[-89.27,74.76],[-89.21,74.72],[-89.11,74.7],[-89.1,74.67],[-89.12,74.64],[-89.15,74.61],[-89.2,74.59],[-89.25,74.58],[-89.38,74.59],[-89.41,74.56],[-89.58,74.55],[-89.62,74.56],[-89.67,74.54],[-89.7,74.54],[-89.81,74.54],[-89.92,74.53],[-89.95,74.53],[-89.97,74.57],[-90.01,74.59],[-90.06,74.57],[-90.09,74.56],[-90.37,74.6],[-90.32,74.62],[-90.47,74.6],[-90.56,74.61],[-90.7,74.65],[-90.73,74.66],[-90.75,74.71],[-90.76,74.74],[-90.82,74.73],[-90.85,74.73],[-90.91,74.69],[-90.95,74.69],[-91.02,74.7],[-90.99,74.74],[-90.89,74.76],[-90.85,74.78],[-90.81,74.82],[-90.77,74.83],[-90.76,74.87],[-90.79,74.89],[-90.84,74.88],[-90.9,74.84],[-91.1,74.75],[-91.14,74.75],[-91.17,74.76],[-91.22,74.74],[-91.18,74.7],[-91.12,74.65],[-91.29,74.64],[-91.28,74.68],[-91.33,74.72],[-91.37,74.7],[-91.34,74.68],[-91.37,74.65],[-91.4,74.64],[-91.51,74.64],[-91.63,74.66],[-91.69,74.68],[-91.63,74.7],[-91.67,74.73],[-91.71,74.73],[-91.81,74.73],[-91.82,74.7],[-91.85,74.7],[-91.88,74.71],[-91.81,74.74],[-91.86,74.75],[-91.91,74.76],[-92.02,74.78],[-92.06,74.8],[-92.03,74.85],[-92.01,74.88],[-92.03,74.92],[-92.08,74.94],[-92.05,74.95],[-92.2,75.02],[-92.2,75.05],[-92.2,75.08],[-92.15,75.1],[-92.05,75.09],[-92.01,75.1],[-92.09,75.12],[-92.06,75.15],[-92.24,75.14],[-92.28,75.14],[-92.33,75.15],[-92.37,75.17],[-92.41,75.19],[-92.47,75.22],[-92.5,75.22],[-92.47,75.24],[-92.46,75.28],[-92.44,75.33],[-92.41,75.35],[-92.35,75.37],[-92.43,75.37],[-92.38,75.46],[-92.3,75.51],[-92.26,75.53],[-92.21,75.55],[-92.09,75.57],[-92.04,75.58],[-92.0,75.6],[-92.07,75.62],[-92.01,75.66],[-92.05,75.68],[-92.15,75.73],[-92.18,75.75],[-92.12,75.79],[-92.1,75.83],[-92.12,75.86],[-92.15,75.89],[-92.18,75.89],[-92.27,75.9],[-92.41,75.93],[-92.44,75.94],[-92.48,75.97],[-92.51,75.97],[-92.55,75.98],[-92.57,76.01],[-92.62,76.01],[-92.64,76.05],[-92.65,76.08],[-92.65,76.12],[-92.69,76.15],[-92.74,76.15],[-92.78,76.18],[-92.84,76.22],[-92.93,76.24],[-93.0,76.28],[-93.05,76.3],[-93.05,76.34],[-93.13,76.37],[-93.21,76.38],[-93.29,76.37],[-93.59,76.3],[-93.67,76.3],[-93.63,76.31],[-93.68,76.33],[-93.72,76.31],[-93.75,76.29],[-93.66,76.27],[-93.63,76.26],[-93.7,76.25],[-93.84,76.27],[-93.94,76.26],[-94.01,76.27],[-94.07,76.26],[-94.19,76.28],[-94.6,76.27],[-94.66,76.29],[-94.75,76.31],[-94.8,76.28],[-94.85,76.27],[-95.0,76.25],[-95.04,76.23],[-95.09,76.23],[-95.16,76.24],[-95.39,76.24],[-95.38,76.28],[-95.29,76.29],[-95.1,76.31],[-95.07,76.31],[-95.03,76.33],[-94.88,76.33],[-94.84,76.32],[-94.81,76.32],[-94.84,76.34],[-95.13,76.37],[-95.16,76.36],[-95.2,76.35],[-95.24,76.37],[-95.27,76.38],[-95.3,76.38],[-95.34,76.36],[-95.4,76.36],[-95.43,76.36],[-95.42,76.39],[-95.39,76.39],[-95.42,76.4],[-95.55,76.38],[-95.82,76.4],[-95.85,76.4],[-95.89,76.42],[-95.97,76.44],[-96.04,76.46],[-96.11,76.5],[-96.08,76.52],[-95.79,76.52],[-95.76,76.53],[-95.72,76.54],[-95.6,76.59],[-95.65,76.6],[-95.75,76.56],[-95.78,76.55],[-95.83,76.57],[-95.92,76.55],[-96.03,76.55],[-96.0,76.58],[-96.03,76.59],[-96.1,76.58],[-96.14,76.58],[-96.17,76.59],[-96.25,76.62],[-96.37,76.64],[-96.42,76.65],[-96.45,76.66],[-96.5,76.7],[-96.68,76.71],[-96.77,76.7],[-96.87,76.7],[-96.93,76.72],[-96.97,76.74],[-96.94,76.74],[-96.9,76.75],[-96.87,76.76],[-96.84,76.77],[-96.88,76.78],[-96.89,76.81],[-96.82,76.81],[-96.78,76.79],[-96.75,76.79],[-96.68,76.77],[-96.64,76.75],[-96.57,76.77],[-96.51,76.76],[-96.41,76.75],[-96.35,76.75],[-96.31,76.76],[-96.38,76.76],[-96.42,76.77],[-96.49,76.78],[-96.56,76.77],[-96.51,76.79],[-96.46,76.8],[-96.34,76.8],[-96.31,76.81],[-96.6,76.84],[-96.68,76.87],[-96.79,76.87],[-96.85,76.89],[-96.87,76.92],[-96.77,76.94],[-96.71,76.94],[-96.66,76.95],[-96.7,76.96],[-96.74,76.97],[-96.83,76.97],[-96.8,76.99],[-96.77,76.99],[-96.48,76.97],[-96.4,76.98],[-96.35,76.99],[-96.31,76.99],[-96.27,76.99],[-96.31,77.01],[-96.37,77.03],[-96.0,77.05],[-95.89,77.07],[-95.77,77.08],[-95.67,77.06],[-95.42,77.06],[-95.36,77.04],[-95.31,77.04],[-95.24,77.01],[-95.19,77.0],[-95.0,77.0],[-94.95,76.98],[-94.51,76.97],[-94.5,76.94],[-94.47,76.93],[-94.44,76.92],[-94.31,76.92],[-94.27,76.91],[-94.23,76.89],[-94.11,76.89],[-94.04,76.91],[-94.01,76.93],[-93.96,76.94],[-93.92,76.94],[-93.82,76.92],[-93.7,76.92],[-93.67,76.91],[-93.64,76.9],[-93.59,76.86],[-93.51,76.85],[-93.46,76.83],[-93.41,76.82],[-93.34,76.8],[-93.29,76.78],[-93.27,76.75],[-93.24,76.75],[-93.2,76.75],[-93.18,76.72],[-93.18,76.68],[-93.26,76.63],[-93.26,76.6],[-93.3,76.58],[-93.3,76.55],[-93.34,76.54],[-93.42,76.52],[-93.46,76.5],[-93.5,76.48],[-93.63,76.46],[-93.66,76.45],[-93.61,76.42],[-93.56,76.4],[-93.51,76.39],[-93.46,76.41],[-93.53,76.41],[-93.56,76.41],[-93.51,76.45],[-93.38,76.47],[-93.33,76.49],[-93.26,76.52],[-93.22,76.55],[-93.18,76.56],[-93.15,76.57],[-93.09,76.6],[-93.08,76.63],[-92.95,76.63],[-92.92,76.62],[-92.81,76.62],[-92.72,76.6],[-92.69,76.6],[-92.52,76.62],[-92.46,76.62],[-92.4,76.6],[-92.37,76.6],[-92.33,76.6],[-92.24,76.62],[-92.15,76.62],[-92.01,76.66],[-91.72,76.68],[-91.44,76.69],[-91.14,76.67],[-91.09,76.66],[-91.01,76.66],[-90.92,76.64],[-90.88,76.63],[-90.84,76.61],[-90.81,76.59],[-90.57,76.56],[-90.53,76.55],[-90.5,76.53],[-90.53,76.51],[-90.5,76.49],[-90.47,76.49],[-90.65,76.46],[-90.93,76.49],[-90.98,76.51],[-91.02,76.5],[-91.07,76.48],[-91.15,76.48],[-91.35,76.52],[-91.57,76.51],[-91.52,76.5],[-91.47,76.49],[-91.42,76.46],[-90.99,76.45],[-90.96,76.44],[-90.81,76.43],[-90.73,76.42],[-90.64,76.42],[-90.58,76.39],[-90.51,76.41],[-90.45,76.41],[-90.06,76.37],[-89.68,76.34],[-89.3,76.3],[-89.22,76.27],[-89.19,76.25],[-89.25,76.23],[-89.29,76.2],[-89.38,76.18],[-89.74,76.18],[-90.1,76.18],[-90.46,76.18],[-90.1,76.15],[-90.05,76.14],[-90.09,76.12],[-90.14,76.13],[-90.24,76.14],[-90.7,76.17],[-91.16,76.2],[-91.24,76.23],[-91.61,76.27],[-91.53,76.25],[-91.5,76.25],[-91.47,76.24],[-91.27,76.21],[-91.35,76.18],[-91.41,76.16],[-91.37,76.14],[-91.24,76.16],[-90.79,76.13],[-90.74,76.12],[-90.69,76.12],[-90.72,76.11],[-90.77,76.08],[-90.8,76.07],[-90.87,76.08],[-90.72,76.06],[-90.69,76.06],[-90.66,76.08],[-90.62,76.09],[-90.55,76.1],[-90.19,76.07],[-90.23,76.04],[-90.29,76.03],[-90.7,76.03],[-91.1,76.03],[-91.16,76.02],[-91.11,76.01],[-90.99,76.02],[-90.94,76.01],[-90.97,76.0],[-91.04,76.0],[-91.0,75.97],[-90.96,75.97],[-90.97,75.94],[-91.01,75.94],[-91.11,75.92],[-91.15,75.9],[-91.13,75.85],[-91.09,75.85],[-91.07,75.88],[-90.93,75.92],[-90.85,75.95],[-90.81,75.99],[-90.77,76.0],[-90.73,76.0],[-90.7,75.99],[-90.67,75.98],[-90.71,75.98],[-90.74,75.97],[-90.7,75.96],[-90.66,75.96],[-90.55,75.99],[-90.51,75.99],[-90.47,75.98],[-90.43,75.97],[-90.49,75.95],[-90.52,75.94],[-90.52,75.9],[-90.49,75.91],[-90.44,75.94],[-90.36,75.95],[-90.31,75.97],[-90.25,75.97],[-90.2,75.94],[-90.11,75.94],[-90.08,75.98],[-90.05,76.01],[-90.01,76.02],[-89.96,76.02],[-89.96,75.98],[-89.85,75.97],[-89.81,75.94],[-89.78,75.93],[-89.69,75.9],[-89.77,75.84],[-89.76,75.81],[-89.73,75.79],[-89.68,75.82],[-89.62,75.84],[-89.58,75.84],[-89.55,75.86],[-89.62,75.86],[-89.51,75.86],[-89.44,75.85],[-89.32,75.81],[-89.2,75.8],[-89.17,75.78],[-89.17,75.75],[-89.21,75.71],[-89.24,75.66],[-89.31,75.64],[-89.4,75.62],[-89.65,75.62],[-89.7,75.59],[-89.73,75.58],[-89.76,75.58],[-89.71,75.57],[-89.6,75.59],[-89.54,75.57],[-89.58,75.56],[-89.67,75.57],[-89.71,75.56],[-89.54,75.55],[-89.51,75.56],[-89.45,75.58],[-89.41,75.59],[-89.21,75.59],[-89.17,75.56],[-89.14,75.53],[-89.11,75.52],[-89.08,75.48],[-88.99,75.47],[-88.97,75.44],[-88.94,75.43],[-88.76,75.44],[-88.75,75.47],[-88.79,75.53],[-88.9,75.61],[-88.8,75.63],[-88.76,75.65],[-88.76,75.68],[-88.72,75.69],[-88.68,75.68],[-88.61,75.66],[-88.58,75.66],[-88.48,75.61],[-88.33,75.56],[-88.22,75.54],[-88.21,75.51],[-88.24,75.51],[-88.29,75.5],[-88.25,75.48],[-88.21,75.47],[-88.0,75.53],[-87.95,75.55],[-87.75,75.58],[-87.67,75.57],[-87.63,75.56],[-87.62,75.52],[-87.53,75.5],[-87.5,75.49],[-87.54,75.46],[-87.58,75.46],[-87.61,75.46],[-87.52,75.45],[-87.47,75.46],[-87.43,75.47],[-87.42,75.5],[-87.45,75.52],[-87.49,75.53],[-87.51,75.56],[-87.46,75.57],[-87.42,75.59],[-87.38,75.61],[-87.27,75.62],[-87.11,75.59],[-87.08,75.56],[-86.78,75.48],[-86.58,75.48],[-86.52,75.47],[-86.4,75.43],[-86.36,75.43],[-86.39,75.41],[-86.42,75.41],[-86.62,75.37],[-86.4,75.38],[-86.2,75.42],[-85.99,75.42],[-85.82,75.41],[-85.52,75.4],[-85.56,75.41],[-85.79,75.43],[-85.83,75.44],[-85.91,75.47],[-86.11,75.48],[-86.15,75.51],[-86.1,75.52],[-86.01,75.54],[-85.72,75.56],[-85.59,75.6],[-85.53,75.6],[-85.56,75.58],[-85.46,75.56],[-85.39,75.57],[-85.23,75.56],[-85.3,75.57],[-85.21,75.6],[-85.18,75.63],[-85.1,75.63],[-85.04,75.64],[-85.01,75.64],[-84.8,75.66],[-84.58,75.62],[-84.5,75.64],[-84.54,75.64],[-84.62,75.64],[-84.66,75.65],[-84.66,75.69],[-84.29,75.71],[-84.21,75.75],[-84.02,75.77],[-83.93,75.8],[-83.98,75.82],[-83.84,75.81],[-83.74,75.83],[-83.7,75.82],[-83.75,75.81],[-83.68,75.79],[-83.52,75.8],[-83.43,75.76],[-83.4,75.75],[-83.27,75.74],[-83.2,75.75],[-83.17,75.75],[-83.12,75.74],[-83.09,75.74],[-82.62,75.82],[-82.54,75.82],[-82.51,75.83],[-82.42,75.83],[-82.33,75.84],[-81.93,75.82],[-81.52,75.8],[-81.11,75.78],[-81.13,75.74],[-81.17,75.73],[-81.24,75.69],[-81.29,75.66],[-81.25,75.65],[-81.18,75.66],[-81.14,75.65],[-81.1,75.64],[-81.02,75.64],[-80.76,75.65],[-80.5,75.66],[-80.46,75.66],[-80.42,75.64],[-80.34,75.64],[-80.22,75.62],[-80.18,75.6],[-80.11,75.59],[-80.08,75.59],[-80.08,75.56],[-80.05,75.54],[-79.98,75.55],[-79.95,75.54],[-80.0,75.52],[-80.34,75.48],[-80.38,75.47],[-80.01,75.47],[-79.65,75.47],[-79.59,75.46],[-79.63,75.45],[-79.66,75.45],[-79.63,75.41],[-79.6,75.4],[-79.56,75.4],[-79.52,75.4],[-79.49,75.37],[-79.52,75.36],[-79.53,75.33],[-79.6,75.32],[-79.44,75.29],[-79.5,75.26],[-79.52,75.23],[-79.61,75.2],[-79.75,75.17],[-79.8,75.18],[-79.83,75.18],[-79.9,75.15],[-79.94,75.14],[-79.96,75.1],[-80.29,75.06],[-80.34,75.04],[-80.44,75.04],[-80.35,75.01],[-80.32,75.0],[-80.21,74.99],[-80.26,74.98],[-80.25,74.95],[-80.2,74.96],[-80.14,74.97],[-80.11,74.97],[-80.08,74.97],[-80.04,74.96],[-80.02,74.99],[-79.78,75.03],[-79.74,75.03],[-79.64,75.02],[-79.59,75.02],[-79.5,75.0],[-79.53,75.0]]],[[[-85.16,77.46],[-85.14,77.5],[-85.18,77.52],[-85.24,77.53],[-85.54,77.54],[-85.47,77.55],[-85.41,77.57],[-85.38,77.58],[-85.34,77.59],[-85.02,77.58],[-84.99,77.57],[-84.95,77.54],[-84.9,77.52],[-84.87,77.52],[-84.84,77.52],[-84.87,77.48],[-85.05,77.46],[-85.16,77.46]]],[[[-89.66,77.36],[-89.66,77.32],[-89.79,77.27],[-90.09,77.2],[-90.17,77.21],[-90.2,77.21],[-90.24,77.21],[-90.36,77.2],[-90.41,77.2],[-90.66,77.27],[-90.92,77.31],[-91.06,77.35],[-91.1,77.36],[-91.13,77.39],[-91.18,77.39],[-91.19,77.43],[-91.2,77.51],[-91.18,77.54],[-91.21,77.58],[-91.18,77.61],[-91.12,77.62],[-91.09,77.62],[-91.06,77.62],[-90.96,77.65],[-90.88,77.66],[-90.59,77.64],[-90.3,77.63],[-90.23,77.61],[-90.18,77.59],[-90.15,77.58],[-89.78,77.49],[-89.72,77.46],[-89.72,77.42],[-89.69,77.39],[-89.72,77.37],[-89.67,77.36]]],[[[-104.39,77.19],[-104.45,77.15],[-104.51,77.14],[-104.65,77.14],[-104.75,77.11],[-104.79,77.11],[-104.83,77.12],[-104.86,77.13],[-104.92,77.15],[-104.96,77.17],[-105.01,77.17],[-105.1,77.18],[-105.18,77.17],[-105.22,77.16],[-105.26,77.18],[-105.28,77.22],[-105.36,77.21],[-105.4,77.22],[-105.36,77.22],[-105.32,77.23],[-105.35,77.25],[-105.39,77.26],[-105.47,77.27],[-105.44,77.28],[-105.41,77.28],[-105.49,77.29],[-105.54,77.3],[-105.57,77.34],[-105.55,77.37],[-105.6,77.38],[-105.66,77.38],[-105.63,77.4],[-105.69,77.43],[-105.66,77.44],[-105.77,77.47],[-105.74,77.49],[-105.71,77.49],[-105.71,77.52],[-105.76,77.53],[-105.84,77.54],[-105.84,77.58],[-105.84,77.62],[-105.88,77.64],[-106.05,77.69],[-106.09,77.72],[-105.91,77.77],[-105.65,77.75],[-105.6,77.74],[-105.5,77.72],[-105.25,77.63],[-105.0,77.54],[-104.97,77.52],[-104.95,77.49],[-104.98,77.47],[-105.01,77.46],[-105.01,77.42],[-104.79,77.42],[-104.75,77.42],[-104.73,77.39],[-104.7,77.38],[-104.54,77.34],[-104.5,77.33],[-104.44,77.31],[-104.47,77.3],[-104.42,77.28],[-104.38,77.25],[-104.39,77.19]]],[[[-93.25,77.64],[-93.34,77.64],[-93.37,77.63],[-93.41,77.61],[-93.37,77.59],[-93.48,77.56],[-93.48,77.52],[-93.51,77.51],[-93.48,77.49],[-93.5,77.46],[-93.55,77.44],[-93.58,77.44],[-93.65,77.45],[-93.68,77.45],[-93.74,77.45],[-93.81,77.46],[-93.84,77.46],[-93.78,77.45],[-93.81,77.44],[-93.85,77.45],[-93.96,77.44],[-94.0,77.46],[-94.09,77.45],[-94.23,77.46],[-94.33,77.48],[-94.75,77.48],[-95.16,77.48],[-95.57,77.48],[-95.99,77.48],[-96.08,77.5],[-96.12,77.53],[-96.3,77.59],[-96.33,77.61],[-96.28,77.62],[-96.29,77.66],[-96.26,77.66],[-96.24,77.71],[-96.13,77.71],[-96.04,77.74],[-95.98,77.74],[-95.9,77.76],[-95.72,77.77],[-95.69,77.78],[-95.64,77.77],[-95.51,77.81],[-95.44,77.81],[-95.4,77.78],[-95.38,77.74],[-95.33,77.75],[-95.29,77.77],[-95.24,77.75],[-95.2,77.75],[-95.09,77.76],[-94.98,77.79],[-94.95,77.79],[-94.65,77.78],[-94.35,77.77],[-94.3,77.76],[-94.18,77.76],[-94.14,77.76],[-94.06,77.77],[-94.03,77.76],[-93.97,77.75],[-93.94,77.74],[-93.85,77.74],[-93.81,77.76],[-93.78,77.77],[-93.61,77.78],[-93.57,77.78],[-93.46,77.75],[-93.42,77.76],[-93.37,77.74],[-93.27,77.74],[-93.24,77.73],[-93.21,77.72],[-93.16,77.69],[-93.1,77.66],[-93.21,77.64],[-93.25,77.64]]],[[[-77.57,77.86],[-77.6,77.82],[-77.67,77.8],[-77.76,77.8],[-77.85,77.78],[-77.88,77.78],[-77.92,77.81],[-77.96,77.84],[-77.89,77.85],[-77.65,77.87],[-77.6,77.86],[-77.57,77.86]]],[[[-102.45,77.74],[-102.41,77.76],[-102.44,77.76],[-102.47,77.77],[-102.5,77.78],[-102.5,77.81],[-102.53,77.84],[-102.5,77.86],[-102.45,77.88],[-102.4,77.89],[-102.1,77.89],[-101.81,77.9],[-101.73,77.91],[-101.7,77.91],[-101.65,77.89],[-101.21,77.84],[-100.96,77.76],[-100.96,77.73],[-100.99,77.73],[-101.04,77.73],[-101.15,77.72],[-101.34,77.73],[-101.4,77.72],[-101.45,77.72],[-101.5,77.73],[-101.56,77.73],[-101.62,77.7],[-101.79,77.68],[-102.18,77.7],[-102.29,77.72],[-102.45,77.73]]],[[[-110.0,78.1],[-109.7,78.1],[-109.6,78.07],[-109.6,78.03],[-109.66,78.0],[-109.79,77.95],[-110.0,77.93],[-110.0,78.01],[-110.0,78.1]]],[[[-102.9,78.27],[-102.83,78.27],[-102.8,78.26],[-102.78,78.22],[-102.87,78.19],[-103.05,78.13],[-103.09,78.12],[-103.23,78.13],[-103.27,78.14],[-103.27,78.18],[-103.07,78.26],[-103.02,78.27],[-102.9,78.27]]],[[[-88.06,78.45],[-88.05,78.42],[-88.08,78.4],[-88.16,78.36],[-88.16,78.32],[-88.19,78.3],[-88.25,78.26],[-88.29,78.25],[-88.33,78.24],[-88.38,78.25],[-88.41,78.26],[-88.4,78.3],[-88.34,78.34],[-88.29,78.35],[-88.2,78.36],[-88.25,78.37],[-88.23,78.42],[-88.19,78.44],[-88.16,78.44],[-88.13,78.45],[-88.09,78.46]]],[[[-110.0,78.69],[-109.96,78.68],[-109.89,78.68],[-109.86,78.67],[-109.84,78.64],[-109.81,78.63],[-109.76,78.63],[-109.66,78.6],[-109.63,78.59],[-109.5,78.59],[-109.45,78.57],[-109.41,78.56],[-109.35,78.54],[-109.33,78.5],[-109.3,78.49],[-109.26,78.48],[-109.32,78.44],[-109.31,78.41],[-109.35,78.4],[-109.33,78.37],[-109.4,78.32],[-109.51,78.32],[-109.82,78.3],[-109.87,78.3],[-109.96,78.33],[-110.0,78.33],[-110.0,78.45],[-110.0,78.67]]],[[[-74.56,78.78],[-74.51,78.77],[-74.32,78.76],[-74.17,78.73],[-74.24,78.69],[-74.33,78.68],[-74.69,78.72],[-74.69,78.75],[-74.65,78.76],[-74.56,78.78]]],[[[-96.91,77.8],[-97.04,77.81],[-97.09,77.81],[-97.09,77.85],[-97.12,77.88],[-97.09,77.88],[-97.05,77.89],[-97.01,77.91],[-97.34,77.96],[-97.43,77.99],[-97.67,78.03],[-97.73,78.03],[-97.77,78.04],[-97.74,78.04],[-97.68,78.05],[-97.65,78.06],[-97.68,78.07],[-97.66,78.1],[-97.3,78.09],[-96.94,78.08],[-96.9,78.09],[-96.86,78.11],[-96.9,78.11],[-96.87,78.14],[-96.9,78.15],[-96.98,78.16],[-97.04,78.15],[-97.18,78.18],[-97.23,78.19],[-97.39,78.21],[-97.54,78.21],[-97.83,78.23],[-97.89,78.22],[-97.92,78.22],[-97.89,78.24],[-97.82,78.23],[-97.78,78.24],[-97.84,78.28],[-97.91,78.29],[-98.07,78.31],[-98.03,78.33],[-98.07,78.37],[-98.07,78.41],[-98.22,78.42],[-98.36,78.45],[-98.41,78.49],[-98.38,78.52],[-98.32,78.52],[-98.36,78.54],[-98.32,78.54],[-98.08,78.54],[-98.05,78.54],[-98.05,78.58],[-98.14,78.6],[-98.17,78.6],[-98.22,78.6],[-98.25,78.61],[-98.32,78.65],[-98.33,78.68],[-98.36,78.72],[-98.33,78.74],[-98.15,78.82],[-97.8,78.81],[-97.45,78.8],[-97.35,78.77],[-96.96,78.73],[-96.89,78.7],[-96.7,78.69],[-96.6,78.69],[-96.54,78.69],[-96.34,78.63],[-96.31,78.62],[-96.24,78.63],[-96.16,78.62],[-96.21,78.59],[-96.23,78.56],[-96.27,78.54],[-95.91,78.49],[-95.87,78.49],[-95.75,78.52],[-95.7,78.53],[-95.46,78.51],[-95.26,78.47],[-95.12,78.45],[-94.93,78.4],[-94.87,78.4],[-94.83,78.36],[-94.88,78.33],[-95.37,78.25],[-95.4,78.23],[-95.33,78.22],[-95.18,78.21],[-95.11,78.19],[-95.09,78.16],[-94.89,78.11],[-94.92,78.09],[-94.89,78.07],[-94.94,78.05],[-94.99,78.02],[-95.03,77.99],[-95.06,77.97],[-95.11,77.96],[-95.16,77.96],[-95.27,77.97],[-95.38,77.97],[-95.45,77.95],[-95.48,77.94],[-95.53,77.95],[-95.57,77.93],[-95.7,77.93],[-95.81,77.9],[-96.09,77.88],[-96.37,77.86],[-96.41,77.88],[-96.5,77.91],[-96.53,77.9],[-96.6,77.88],[-96.63,77.88],[-96.71,77.88],[-96.74,77.87],[-96.69,77.85],[-96.62,77.85],[-96.55,77.86],[-96.49,77.88],[-96.58,77.86],[-96.51,77.86],[-96.54,77.84],[-96.61,77.85],[-96.73,77.84],[-96.8,77.81],[-96.84,77.81],[-96.91,77.8]]],[[[-105.61,79.1],[-105.62,79.15],[-105.58,79.21],[-105.56,79.24],[-105.53,79.25],[-105.45,79.27],[-105.48,79.3],[-105.46,79.33],[-105.41,79.33],[-105.16,79.3],[-104.68,79.32],[-104.2,79.34],[-103.72,79.36],[-103.66,79.34],[-103.37,79.3],[-103.29,79.31],[-103.12,79.29],[-103.07,79.27],[-103.02,79.25],[-102.97,79.24],[-102.91,79.24],[-102.88,79.23],[-102.91,79.23],[-102.9,79.18],[-102.84,79.17],[-102.79,79.15],[-102.75,79.12],[-102.72,79.12],[-102.69,79.11],[-102.63,79.1],[-102.62,79.06],[-102.65,79.02],[-102.66,78.99],[-102.75,78.97],[-102.78,78.95],[-102.73,78.94],[-102.7,78.95],[-102.66,78.95],[-102.59,78.95],[-102.63,78.9],[-102.59,78.89],[-102.54,78.88],[-102.5,78.9],[-102.4,78.93],[-102.38,78.97],[-102.41,79.0],[-102.3,79.02],[-102.12,79.04],[-101.96,79.09],[-101.91,79.09],[-101.65,79.08],[-101.58,79.06],[-101.39,79.0],[-101.35,79.0],[-101.31,78.98],[-101.17,78.96],[-101.14,78.98],[-101.01,78.95],[-101.02,78.92],[-101.11,78.87],[-101.16,78.84],[-101.21,78.82],[-101.16,78.8],[-101.04,78.8],[-101.0,78.8],[-100.91,78.77],[-100.84,78.79],[-100.76,78.8],[-100.6,78.8],[-100.52,78.82],[-100.4,78.83],[-100.35,78.82],[-100.32,78.78],[-100.27,78.77],[-99.99,78.74],[-99.89,78.7],[-99.93,78.68],[-100.03,78.66],[-100.06,78.64],[-100.0,78.63],[-99.94,78.62],[-99.83,78.64],[-99.8,78.63],[-99.76,78.6],[-99.7,78.6],[-99.65,78.61],[-99.6,78.61],[-99.56,78.6],[-99.53,78.58],[-99.56,78.57],[-99.63,78.56],[-99.6,78.54],[-99.64,78.51],[-99.67,78.49],[-99.83,78.46],[-99.87,78.44],[-99.8,78.42],[-99.76,78.41],[-99.75,78.38],[-99.79,78.32],[-99.57,78.3],[-99.53,78.29],[-99.5,78.27],[-99.47,78.24],[-99.43,78.21],[-99.4,78.2],[-99.3,78.19],[-99.04,78.08],[-98.99,78.07],[-98.95,78.07],[-98.97,78.02],[-99.0,77.99],[-99.07,77.98],[-99.1,77.97],[-99.07,77.94],[-99.04,77.9],[-99.08,77.88],[-99.12,77.87],[-99.16,77.85],[-99.49,77.83],[-99.8,77.82],[-99.84,77.81],[-99.87,77.79],[-99.94,77.78],[-100.11,77.82],[-100.28,77.82],[-100.39,77.84],[-100.61,77.86],[-100.62,77.9],[-100.78,77.97],[-100.81,78.0],[-100.84,78.04],[-100.81,78.06],[-100.78,78.06],[-100.81,78.1],[-100.97,78.12],[-101.0,78.14],[-101.02,78.18],[-101.06,78.21],[-101.09,78.21],[-101.26,78.19],[-101.29,78.19],[-101.5,78.24],[-101.83,78.26],[-102.16,78.29],[-102.54,78.24],[-102.59,78.24],[-102.77,78.27],[-102.8,78.29],[-102.8,78.33],[-102.67,78.36],[-102.74,78.38],[-103.04,78.36],[-103.33,78.35],[-103.38,78.34],[-103.44,78.33],[-103.5,78.32],[-103.66,78.32],[-103.74,78.31],[-103.88,78.28],[-103.91,78.27],[-103.95,78.24],[-104.21,78.26],[-104.47,78.27],[-104.68,78.32],[-104.73,78.35],[-104.77,78.35],[-104.8,78.35],[-104.87,78.4],[-104.99,78.44],[-105.04,78.5],[-104.98,78.54],[-104.88,78.56],[-104.82,78.58],[-104.64,78.58],[-104.34,78.55],[-104.04,78.52],[-103.72,78.52],[-103.58,78.5],[-103.54,78.5],[-103.5,78.51],[-103.47,78.52],[-103.48,78.56],[-103.43,78.58],[-103.38,78.59],[-103.41,78.6],[-103.44,78.63],[-103.73,78.62],[-104.01,78.62],[-104.04,78.63],[-103.98,78.66],[-103.91,78.67],[-103.48,78.67],[-103.52,78.7],[-103.49,78.72],[-103.46,78.72],[-103.35,78.72],[-103.33,78.75],[-103.36,78.75],[-103.42,78.78],[-103.5,78.79],[-103.53,78.78],[-103.58,78.75],[-103.61,78.75],[-103.64,78.77],[-103.76,78.75],[-103.82,78.74],[-103.76,78.77],[-103.7,78.8],[-103.75,78.8],[-103.78,78.8],[-103.81,78.8],[-103.86,78.81],[-103.89,78.81],[-103.89,78.78],[-103.94,78.77],[-103.99,78.76],[-104.05,78.76],[-104.09,78.77],[-104.19,78.78],[-104.22,78.79],[-104.15,78.82],[-103.86,78.88],[-103.83,78.89],[-103.86,78.91],[-104.03,78.94],[-104.06,78.98],[-104.25,79.0],[-104.29,78.97],[-104.37,78.97],[-104.42,78.97],[-104.46,78.96],[-104.49,78.94],[-104.53,78.89],[-104.58,78.86],[-104.69,78.84],[-104.78,78.81],[-104.84,78.8],[-104.96,78.8],[-105.01,78.81],[-105.01,78.85],[-104.87,78.89],[-104.83,78.91],[-104.82,78.94],[-104.76,78.97],[-104.68,79.01],[-104.75,79.04],[-104.95,79.05],[-105.4,79.01],[-105.56,79.03],[-105.59,79.04],[-105.59,79.08]]],[[[-100.15,80.0],[-100.18,80.02],[-100.18,80.05],[-100.14,80.05],[-100.11,80.08],[-100.06,80.1],[-99.78,80.15],[-99.57,80.14],[-99.45,80.11],[-99.42,80.11],[-99.12,80.13],[-99.06,80.13],[-98.96,80.1],[-98.87,80.08],[-98.79,80.02],[-98.76,79.98],[-98.71,79.97],[-98.76,79.94],[-98.78,79.9],[-98.73,79.88],[-98.7,79.87],[-98.67,79.84],[-98.65,79.79],[-98.68,79.77],[-98.72,79.75],[-98.77,79.71],[-98.8,79.68],[-98.84,79.67],[-98.88,79.68],[-98.96,79.73],[-99.3,79.76],[-99.33,79.77],[-99.33,79.8],[-99.3,79.82],[-99.58,79.9],[-99.62,79.9],[-99.71,79.88],[-100.07,79.88],[-100.1,79.89],[-100.15,79.91],[-100.18,79.91],[-100.14,79.94],[-100.14,79.98]]],[[[-95.85,80.65],[-96.15,80.67],[-96.11,80.69],[-96.06,80.69],[-95.72,80.69],[-95.53,80.7],[-95.48,80.71],[-95.42,80.7],[-95.16,80.7],[-95.07,80.69],[-95.03,80.66],[-94.98,80.65],[-95.19,80.61],[-95.48,80.63],[-95.63,80.66],[-95.85,80.65]]],[[[-96.62,80.04],[-96.67,80.04],[-96.72,80.05],[-96.77,80.07],[-96.8,80.1],[-96.76,80.13],[-96.71,80.15],[-96.36,80.14],[-96.02,80.07],[-95.7,80.06],[-95.67,80.05],[-95.47,80.05],[-95.17,80.03],[-94.96,80.05],[-94.85,80.05],[-94.42,79.98],[-94.38,79.99],[-94.42,80.01],[-94.45,80.01],[-94.5,80.02],[-94.56,80.04],[-94.65,80.05],[-94.75,80.09],[-94.81,80.09],[-94.55,80.16],[-94.09,80.18],[-94.49,80.21],[-94.54,80.23],[-94.59,80.23],[-94.62,80.22],[-94.69,80.19],[-94.96,80.14],[-95.4,80.13],[-95.66,80.18],[-95.7,80.18],[-95.56,80.21],[-95.34,80.21],[-95.28,80.22],[-95.23,80.24],[-95.26,80.25],[-95.3,80.25],[-95.38,80.23],[-95.56,80.23],[-95.6,80.24],[-95.88,80.2],[-95.97,80.2],[-96.32,80.26],[-96.57,80.28],[-96.48,80.31],[-96.57,80.33],[-96.68,80.34],[-96.63,80.36],[-96.57,80.36],[-96.52,80.35],[-96.46,80.34],[-96.42,80.36],[-96.33,80.34],[-96.25,80.34],[-96.22,80.34],[-96.26,80.36],[-96.16,80.38],[-96.1,80.39],[-95.95,80.39],[-95.81,80.37],[-95.67,80.37],[-95.56,80.35],[-95.44,80.34],[-95.47,80.36],[-95.48,80.39],[-95.56,80.39],[-95.69,80.4],[-95.73,80.42],[-95.79,80.45],[-96.06,80.48],[-96.1,80.49],[-95.96,80.51],[-95.93,80.54],[-95.9,80.54],[-95.97,80.55],[-96.01,80.56],[-95.63,80.59],[-95.3,80.59],[-95.06,80.6],[-94.98,80.6],[-94.76,80.57],[-94.58,80.56],[-94.29,80.57],[-94.03,80.55],[-94.0,80.56],[-93.97,80.55],[-93.93,80.52],[-93.88,80.52],[-93.79,80.53],[-94.01,80.59],[-94.38,80.62],[-94.52,80.6],[-94.56,80.62],[-94.6,80.64],[-94.66,80.65],[-94.65,80.68],[-94.62,80.69],[-94.35,80.7],[-94.07,80.71],[-94.13,80.73],[-94.26,80.72],[-94.31,80.73],[-94.39,80.75],[-94.48,80.73],[-94.51,80.73],[-94.7,80.73],[-95.02,80.77],[-94.9,80.8],[-94.86,80.81],[-94.89,80.82],[-94.93,80.82],[-95.14,80.8],[-95.5,80.81],[-95.53,80.82],[-95.48,80.85],[-95.19,80.87],[-95.15,80.89],[-95.44,80.89],[-95.49,80.91],[-95.3,80.95],[-95.27,80.96],[-95.23,81.02],[-95.17,81.03],[-95.04,81.04],[-94.9,81.06],[-94.86,81.06],[-94.55,81.03],[-94.51,81.02],[-94.47,81.02],[-94.51,81.0],[-94.48,80.97],[-94.45,80.97],[-94.41,80.97],[-94.37,80.97],[-94.33,80.99],[-94.3,81.0],[-94.25,81.02],[-94.22,81.01],[-94.18,81.01],[-94.15,81.01],[-94.1,81.03],[-93.94,81.02],[-94.07,81.04],[-93.91,81.04],[-93.97,81.06],[-94.17,81.06],[-94.2,81.08],[-94.24,81.08],[-94.27,81.09],[-94.34,81.1],[-94.3,81.12],[-94.16,81.1],[-93.82,81.1],[-93.49,81.07],[-93.31,81.09],[-93.16,81.1],[-93.12,81.12],[-93.17,81.13],[-93.12,81.15],[-93.11,81.18],[-93.14,81.19],[-93.22,81.19],[-93.25,81.2],[-93.58,81.22],[-93.78,81.21],[-93.92,81.21],[-94.17,81.22],[-94.33,81.24],[-94.4,81.26],[-94.36,81.29],[-94.25,81.32],[-94.24,81.36],[-94.19,81.37],[-93.93,81.36],[-93.66,81.34],[-93.6,81.32],[-93.56,81.31],[-93.52,81.32],[-93.49,81.34],[-93.53,81.35],[-93.57,81.38],[-93.53,81.39],[-93.26,81.37],[-93.1,81.35],[-92.77,81.32],[-92.71,81.3],[-92.49,81.29],[-92.37,81.26],[-92.24,81.26],[-91.83,81.16],[-91.8,81.16],[-91.84,81.14],[-91.81,81.11],[-91.81,81.08],[-91.92,81.08],[-91.71,81.04],[-91.52,80.98],[-91.51,80.94],[-91.43,80.91],[-91.36,80.9],[-91.32,80.88],[-91.26,80.84],[-91.19,80.83],[-91.15,80.81],[-91.13,80.76],[-91.09,80.75],[-90.71,80.7],[-90.61,80.66],[-90.62,80.63],[-90.75,80.59],[-90.68,80.56],[-90.64,80.57],[-90.58,80.56],[-90.55,80.58],[-90.49,80.56],[-90.01,80.54],[-89.94,80.52],[-89.9,80.51],[-89.77,80.46],[-89.74,80.47],[-89.81,80.52],[-89.72,80.54],[-89.66,80.53],[-89.63,80.53],[-89.32,80.54],[-89.06,80.47],[-89.1,80.45],[-89.23,80.42],[-89.26,80.4],[-89.21,80.39],[-89.12,80.41],[-89.08,80.4],[-89.12,80.37],[-89.11,80.34],[-89.17,80.32],[-89.26,80.3],[-89.24,80.27],[-89.16,80.23],[-89.04,80.19],[-88.6,80.12],[-88.57,80.11],[-88.49,80.1],[-88.45,80.1],[-88.41,80.11],[-88.47,80.14],[-88.39,80.14],[-88.27,80.12],[-88.24,80.11],[-88.15,80.1],[-88.18,80.11],[-88.32,80.16],[-88.4,80.18],[-88.43,80.19],[-88.38,80.19],[-88.33,80.19],[-88.29,80.17],[-88.26,80.19],[-88.31,80.21],[-88.51,80.22],[-88.59,80.24],[-88.62,80.25],[-88.68,80.28],[-88.66,80.32],[-88.68,80.36],[-88.64,80.4],[-88.6,80.41],[-88.54,80.42],[-88.49,80.44],[-88.08,80.43],[-87.7,80.41],[-87.67,80.4],[-87.62,80.35],[-87.62,80.29],[-87.59,80.25],[-87.58,80.2],[-87.61,80.18],[-87.67,80.16],[-88.02,80.14],[-88.06,80.13],[-88.01,80.12],[-87.99,80.09],[-87.95,80.08],[-87.9,80.06],[-87.86,80.06],[-87.71,80.08],[-87.24,80.07],[-87.2,80.04],[-87.17,80.01],[-87.13,79.99],[-87.04,79.97],[-87.01,79.95],[-87.04,79.94],[-87.1,79.94],[-87.16,79.93],[-87.2,79.92],[-87.23,79.92],[-87.29,79.88],[-87.44,79.86],[-87.47,79.85],[-87.44,79.84],[-87.35,79.84],[-87.03,79.91],[-86.99,79.92],[-86.96,79.91],[-86.97,79.88],[-87.05,79.82],[-87.06,79.76],[-87.07,79.72],[-87.13,79.67],[-87.16,79.64],[-87.19,79.63],[-87.41,79.59],[-87.45,79.57],[-87.4,79.52],[-87.34,79.51],[-87.28,79.51],[-87.22,79.53],[-87.17,79.57],[-87.13,79.59],[-86.99,79.6],[-86.84,79.59],[-86.84,79.55],[-86.8,79.55],[-86.69,79.57],[-86.75,79.6],[-86.82,79.62],[-86.72,79.64],[-86.62,79.65],[-86.31,79.65],[-86.26,79.64],[-86.17,79.61],[-86.08,79.58],[-86.04,79.57],[-86.09,79.53],[-86.14,79.53],[-86.08,79.51],[-86.05,79.49],[-86.14,79.47],[-86.17,79.46],[-86.12,79.44],[-86.07,79.44],[-86.01,79.44],[-85.97,79.46],[-85.94,79.48],[-85.89,79.5],[-85.9,79.54],[-85.86,79.59],[-85.79,79.62],[-85.7,79.62],[-85.62,79.6],[-85.56,79.58],[-85.54,79.54],[-85.45,79.51],[-85.42,79.49],[-85.41,79.46],[-85.32,79.44],[-85.27,79.41],[-85.1,79.37],[-85.06,79.36],[-85.0,79.33],[-84.94,79.31],[-84.91,79.27],[-84.95,79.26],[-85.2,79.23],[-85.25,79.22],[-85.3,79.2],[-85.4,79.19],[-85.46,79.18],[-85.51,79.17],[-85.63,79.16],[-85.68,79.15],[-86.09,79.11],[-86.5,79.07],[-86.56,79.05],[-86.58,79.01],[-86.61,78.97],[-86.75,78.96],[-86.78,78.96],[-86.81,78.97],[-86.91,79.02],[-86.94,79.06],[-86.97,79.06],[-86.99,79.03],[-87.0,79.0],[-86.99,78.97],[-86.97,78.94],[-87.04,78.87],[-87.22,78.82],[-87.31,78.81],[-87.34,78.79],[-87.39,78.75],[-87.5,78.71],[-87.53,78.69],[-87.62,78.65],[-87.65,78.64],[-87.86,78.69],[-87.89,78.71],[-87.92,78.73],[-87.98,78.79],[-88.0,78.83],[-87.99,78.86],[-87.96,78.91],[-87.99,78.96],[-87.96,78.97],[-87.89,78.98],[-87.8,79.01],[-87.84,79.03],[-87.81,79.04],[-87.78,79.05],[-87.75,79.06],[-87.76,79.09],[-87.81,79.08],[-87.88,79.05],[-87.91,79.02],[-88.13,79.01],[-88.17,79.0],[-88.21,78.97],[-88.2,78.92],[-88.19,78.88],[-88.22,78.85],[-88.23,78.8],[-88.2,78.76],[-88.14,78.71],[-88.32,78.67],[-88.36,78.66],[-88.32,78.66],[-88.28,78.66],[-88.07,78.66],[-88.02,78.65],[-87.98,78.64],[-87.93,78.62],[-87.9,78.57],[-88.01,78.49],[-88.04,78.48],[-88.23,78.46],[-88.28,78.48],[-88.54,78.59],[-88.61,78.61],[-88.77,78.62],[-88.78,78.58],[-88.76,78.55],[-88.6,78.46],[-88.55,78.43],[-88.56,78.39],[-88.67,78.32],[-88.7,78.28],[-88.72,78.24],[-88.77,78.19],[-88.81,78.17],[-88.85,78.16],[-89.0,78.17],[-89.05,78.18],[-89.25,78.26],[-89.29,78.29],[-89.34,78.33],[-89.38,78.35],[-89.49,78.38],[-89.53,78.4],[-89.62,78.43],[-89.65,78.43],[-89.8,78.5],[-89.84,78.54],[-89.9,78.56],[-89.96,78.6],[-90.01,78.61],[-90.04,78.61],[-90.09,78.59],[-90.1,78.56],[-90.05,78.53],[-90.03,78.49],[-90.0,78.46],[-89.79,78.4],[-89.6,78.29],[-89.57,78.24],[-89.47,78.19],[-89.46,78.16],[-89.5,78.16],[-89.54,78.15],[-89.61,78.16],[-89.65,78.2],[-89.7,78.22],[-89.9,78.22],[-89.94,78.23],[-89.96,78.27],[-90.05,78.3],[-90.14,78.33],[-90.33,78.34],[-90.54,78.32],[-90.71,78.34],[-90.75,78.32],[-90.7,78.31],[-90.59,78.29],[-90.37,78.29],[-90.33,78.27],[-90.36,78.26],[-90.34,78.22],[-90.3,78.2],[-90.29,78.17],[-90.35,78.14],[-90.6,78.15],[-90.88,78.14],[-91.18,78.18],[-91.6,78.19],[-91.77,78.23],[-91.82,78.24],[-91.86,78.24],[-91.97,78.23],[-92.02,78.21],[-92.07,78.22],[-92.12,78.23],[-92.2,78.26],[-92.31,78.28],[-92.21,78.31],[-92.28,78.33],[-92.39,78.31],[-92.5,78.31],[-92.61,78.34],[-92.68,78.37],[-92.82,78.4],[-92.87,78.41],[-92.95,78.44],[-92.99,78.47],[-92.94,78.5],[-92.88,78.5],[-92.63,78.49],[-92.56,78.49],[-92.52,78.5],[-92.49,78.51],[-92.57,78.52],[-92.52,78.53],[-92.47,78.52],[-92.16,78.54],[-91.84,78.55],[-91.73,78.54],[-91.7,78.53],[-91.65,78.53],[-91.65,78.57],[-91.68,78.57],[-91.74,78.56],[-92.2,78.59],[-92.66,78.61],[-92.73,78.63],[-92.81,78.64],[-92.85,78.64],[-92.91,78.62],[-92.98,78.6],[-93.22,78.59],[-93.28,78.59],[-93.35,78.61],[-93.47,78.65],[-93.44,78.66],[-93.37,78.67],[-93.52,78.68],[-93.58,78.7],[-93.65,78.71],[-93.76,78.75],[-93.81,78.77],[-93.78,78.78],[-93.57,78.79],[-93.16,78.74],[-93.06,78.74],[-93.04,78.77],[-93.08,78.78],[-93.31,78.8],[-93.37,78.82],[-93.55,78.84],[-93.77,78.83],[-93.87,78.83],[-93.91,78.85],[-93.96,78.88],[-93.99,78.89],[-94.06,78.9],[-94.27,78.97],[-94.21,79.01],[-94.02,79.03],[-93.93,79.04],[-93.81,79.05],[-93.69,79.06],[-93.65,79.05],[-93.61,79.06],[-93.58,79.08],[-93.47,79.12],[-93.43,79.16],[-93.38,79.17],[-93.33,79.17],[-93.23,79.17],[-93.08,79.15],[-93.0,79.16],[-92.84,79.15],[-92.77,79.16],[-92.53,79.17],[-92.29,79.15],[-91.88,79.16],[-91.57,79.18],[-91.38,79.2],[-91.24,79.19],[-90.97,79.21],[-90.7,79.22],[-90.53,79.22],[-90.39,79.24],[-90.42,79.26],[-90.76,79.25],[-91.04,79.25],[-91.35,79.23],[-91.74,79.22],[-91.89,79.22],[-92.09,79.21],[-92.36,79.23],[-92.63,79.25],[-92.67,79.25],[-92.7,79.27],[-92.67,79.27],[-92.6,79.3],[-92.56,79.31],[-92.13,79.3],[-92.16,79.32],[-92.12,79.32],[-92.08,79.3],[-91.92,79.3],[-91.85,79.32],[-91.66,79.34],[-91.5,79.34],[-91.17,79.35],[-91.13,79.36],[-91.13,79.39],[-91.16,79.4],[-91.33,79.38],[-91.46,79.38],[-91.74,79.36],[-91.81,79.35],[-92.05,79.35],[-92.17,79.35],[-92.4,79.37],[-92.5,79.37],[-92.55,79.37],[-92.58,79.38],[-92.5,79.4],[-92.42,79.42],[-92.35,79.42],[-92.28,79.43],[-92.23,79.43],[-92.29,79.46],[-92.61,79.45],[-92.85,79.41],[-92.92,79.42],[-92.96,79.43],[-93.05,79.48],[-93.09,79.49],[-93.12,79.49],[-93.15,79.48],[-93.11,79.45],[-93.03,79.41],[-93.0,79.39],[-93.09,79.37],[-93.39,79.34],[-93.31,79.38],[-93.26,79.41],[-93.23,79.42],[-93.26,79.44],[-93.3,79.45],[-93.34,79.45],[-93.38,79.43],[-93.41,79.42],[-93.45,79.39],[-93.5,79.36],[-93.57,79.36],[-93.63,79.37],[-93.68,79.36],[-93.65,79.34],[-93.66,79.31],[-93.72,79.3],[-93.79,79.28],[-93.93,79.26],[-94.05,79.26],[-94.13,79.28],[-94.21,79.27],[-94.16,79.3],[-94.17,79.33],[-94.14,79.34],[-94.01,79.37],[-93.87,79.39],[-93.84,79.39],[-94.09,79.39],[-94.48,79.43],[-94.51,79.42],[-94.5,79.38],[-94.46,79.39],[-94.39,79.37],[-94.43,79.37],[-94.53,79.34],[-94.96,79.29],[-95.0,79.27],[-95.12,79.28],[-95.21,79.28],[-95.24,79.29],[-95.2,79.31],[-95.26,79.32],[-95.29,79.33],[-95.25,79.34],[-95.21,79.33],[-95.16,79.35],[-95.28,79.36],[-95.3,79.39],[-95.35,79.41],[-95.39,79.4],[-95.57,79.39],[-95.65,79.39],[-95.7,79.41],[-95.76,79.41],[-95.75,79.44],[-95.7,79.44],[-95.67,79.45],[-95.71,79.46],[-95.77,79.48],[-95.74,79.49],[-95.7,79.51],[-95.74,79.54],[-95.7,79.54],[-95.61,79.56],[-95.17,79.58],[-94.73,79.61],[-94.64,79.64],[-94.34,79.69],[-94.35,79.72],[-94.31,79.75],[-94.3,79.78],[-94.35,79.79],[-94.39,79.78],[-94.42,79.75],[-94.57,79.74],[-94.6,79.72],[-94.69,79.71],[-94.72,79.7],[-94.77,79.68],[-95.14,79.66],[-95.19,79.65],[-95.52,79.65],[-95.85,79.65],[-96.13,79.74],[-96.18,79.74],[-96.22,79.74],[-96.25,79.77],[-96.27,79.8],[-96.41,79.83],[-96.49,79.84],[-96.42,79.86],[-96.39,79.86],[-96.44,79.87],[-96.54,79.85],[-96.59,79.86],[-96.62,79.88],[-96.58,79.9],[-96.51,79.91],[-96.48,79.91],[-96.41,79.91],[-96.38,79.9],[-96.31,79.9],[-96.28,79.91],[-96.17,79.9],[-96.14,79.91],[-96.21,79.93],[-96.56,79.95],[-96.6,79.96],[-96.65,80.0],[-96.68,80.02],[-96.64,80.03],[-96.39,80.05],[-96.56,80.05],[-96.62,80.04]]],[[[-61.09,82.33],[-61.1,82.28],[-61.14,82.25],[-61.31,82.2],[-61.67,82.17],[-62.03,82.14],[-61.99,82.13],[-61.91,82.12],[-61.87,82.11],[-61.91,82.1],[-62.0,82.09],[-62.09,82.06],[-62.26,82.02],[-62.39,82.02],[-62.48,82.02],[-62.51,81.99],[-62.78,81.95],[-63.04,81.91],[-63.12,81.91],[-63.52,81.86],[-63.92,81.8],[-64.12,81.8],[-64.29,81.83],[-64.33,81.83],[-64.12,81.77],[-64.15,81.75],[-64.19,81.74],[-64.3,81.74],[-64.37,81.72],[-64.78,81.73],[-64.88,81.75],[-64.92,81.76],[-65.05,81.75],[-65.38,81.76],[-65.34,81.74],[-65.7,81.71],[-66.05,81.69],[-66.01,81.68],[-65.87,81.69],[-65.71,81.68],[-65.34,81.69],[-65.37,81.68],[-65.86,81.63],[-65.93,81.64],[-66.0,81.65],[-66.15,81.63],[-66.39,81.62],[-66.62,81.62],[-67.07,81.61],[-67.37,81.6],[-67.67,81.59],[-67.94,81.58],[-68.21,81.56],[-68.58,81.62],[-68.94,81.67],[-69.31,81.72],[-69.25,81.7],[-68.82,81.63],[-68.39,81.57],[-68.36,81.54],[-68.86,81.55],[-68.58,81.52],[-68.14,81.53],[-67.71,81.55],[-67.27,81.57],[-66.96,81.55],[-66.66,81.53],[-66.61,81.52],[-66.65,81.5],[-66.95,81.48],[-67.11,81.46],[-67.28,81.44],[-67.66,81.41],[-68.04,81.37],[-68.15,81.35],[-68.26,81.34],[-68.44,81.31],[-68.58,81.3],[-68.62,81.29],[-68.73,81.29],[-68.82,81.28],[-68.88,81.28],[-68.94,81.27],[-69.02,81.26],[-69.43,81.28],[-69.47,81.26],[-69.44,81.25],[-69.35,81.25],[-69.32,81.24],[-69.37,81.24],[-69.58,81.21],[-69.7,81.21],[-69.92,81.19],[-70.16,81.19],[-70.21,81.18],[-70.07,81.16],[-69.64,81.18],[-69.74,81.16],[-69.82,81.14],[-70.0,81.12],[-69.63,81.14],[-69.53,81.17],[-69.48,81.18],[-69.06,81.22],[-68.63,81.25],[-68.21,81.28],[-67.79,81.32],[-67.49,81.35],[-67.2,81.38],[-66.84,81.4],[-66.53,81.42],[-66.22,81.45],[-65.96,81.46],[-65.74,81.49],[-65.25,81.51],[-64.93,81.53],[-64.55,81.55],[-64.51,81.53],[-64.46,81.51],[-64.44,81.48],[-64.47,81.46],[-64.69,81.39],[-65.12,81.33],[-65.4,81.27],[-65.58,81.25],[-65.67,81.26],[-65.87,81.23],[-65.99,81.23],[-66.11,81.2],[-66.25,81.18],[-66.3,81.15],[-66.46,81.12],[-66.51,81.09],[-66.67,81.04],[-66.87,81.01],[-67.23,80.94],[-67.56,80.95],[-67.61,80.93],[-67.53,80.9],[-67.57,80.88],[-67.61,80.87],[-67.68,80.86],[-67.78,80.86],[-67.83,80.85],[-67.86,80.84],[-67.93,80.81],[-67.99,80.8],[-68.28,80.76],[-68.4,80.72],[-68.48,80.71],[-68.58,80.68],[-68.65,80.68],[-68.77,80.64],[-68.97,80.62],[-68.93,80.6],[-68.89,80.6],[-68.93,80.58],[-69.13,80.54],[-69.17,80.52],[-69.22,80.49],[-69.27,80.47],[-69.3,80.43],[-69.33,80.41],[-69.37,80.4],[-69.67,80.36],[-69.99,80.36],[-70.31,80.36],[-70.24,80.4],[-70.27,80.45],[-70.33,80.48],[-70.79,80.57],[-70.83,80.56],[-70.77,80.54],[-70.72,80.53],[-70.68,80.53],[-70.58,80.49],[-70.51,80.47],[-70.48,80.46],[-70.45,80.44],[-70.37,80.41],[-70.44,80.4],[-70.47,80.37],[-70.02,80.28],[-69.96,80.26],[-70.0,80.24],[-70.08,80.23],[-70.16,80.19],[-70.21,80.19],[-70.48,80.2],[-70.75,80.21],[-71.1,80.19],[-71.35,80.15],[-71.5,80.12],[-71.73,80.12],[-71.84,80.14],[-71.91,80.17],[-71.94,80.18],[-72.0,80.19],[-72.16,80.19],[-72.33,80.23],[-72.38,80.23],[-72.42,80.21],[-72.02,80.15],[-71.93,80.12],[-71.9,80.12],[-72.11,80.09],[-72.39,80.09],[-72.32,80.08],[-72.36,80.07],[-72.17,80.06],[-71.84,80.06],[-71.71,80.07],[-71.52,80.07],[-71.32,80.09],[-71.01,80.12],[-70.65,80.14],[-70.61,80.13],[-70.56,80.11],[-70.51,80.1],[-70.5,80.07],[-70.53,80.04],[-70.64,80.04],[-70.68,80.02],[-70.71,79.99],[-71.04,79.97],[-71.38,79.94],[-71.41,79.93],[-71.45,79.92],[-71.43,79.89],[-71.18,79.92],[-70.91,79.89],[-70.99,79.86],[-71.02,79.82],[-71.09,79.82],[-71.14,79.79],[-71.38,79.76],[-71.48,79.74],[-71.94,79.7],[-72.02,79.68],[-72.13,79.68],[-72.23,79.66],[-72.39,79.69],[-72.63,79.68],[-72.92,79.71],[-72.95,79.72],[-73.0,79.76],[-73.04,79.79],[-72.94,79.81],[-72.91,79.82],[-73.19,79.82],[-73.39,79.84],[-73.81,79.82],[-73.87,79.84],[-73.84,79.85],[-73.81,79.85],[-73.74,79.85],[-73.77,79.86],[-74.23,79.9],[-74.33,79.87],[-74.59,79.86],[-74.84,79.85],[-74.79,79.84],[-74.7,79.8],[-74.67,79.8],[-74.35,79.81],[-73.97,79.79],[-73.58,79.76],[-73.48,79.76],[-73.38,79.78],[-73.35,79.77],[-73.38,79.76],[-73.37,79.73],[-73.34,79.71],[-73.29,79.7],[-73.2,79.67],[-73.17,79.66],[-73.17,79.61],[-73.13,79.58],[-73.15,79.55],[-73.19,79.54],[-73.32,79.51],[-73.46,79.5],[-73.6,79.51],[-73.73,79.5],[-73.8,79.51],[-73.9,79.55],[-73.97,79.56],[-74.0,79.54],[-73.95,79.49],[-73.99,79.46],[-74.03,79.45],[-74.28,79.44],[-74.39,79.45],[-74.7,79.45],[-74.79,79.48],[-74.91,79.49],[-74.95,79.5],[-75.0,79.51],[-75.03,79.51],[-75.06,79.49],[-75.02,79.48],[-74.99,79.46],[-74.92,79.44],[-74.89,79.42],[-74.96,79.38],[-75.03,79.37],[-75.51,79.4],[-75.62,79.42],[-75.65,79.43],[-75.7,79.42],[-75.76,79.41],[-75.79,79.42],[-75.82,79.45],[-75.92,79.43],[-75.96,79.43],[-76.01,79.44],[-76.2,79.49],[-76.62,79.51],[-77.04,79.52],[-77.11,79.54],[-77.15,79.55],[-77.19,79.52],[-77.13,79.49],[-76.94,79.49],[-76.85,79.48],[-76.76,79.49],[-76.58,79.48],[-76.45,79.48],[-76.19,79.47],[-76.14,79.45],[-76.19,79.44],[-76.16,79.4],[-76.01,79.37],[-75.91,79.37],[-75.88,79.36],[-75.91,79.35],[-76.15,79.34],[-76.24,79.35],[-76.54,79.35],[-76.83,79.36],[-76.86,79.35],[-76.89,79.35],[-76.95,79.37],[-77.09,79.41],[-77.11,79.44],[-77.15,79.47],[-77.19,79.45],[-77.24,79.45],[-77.35,79.46],[-77.4,79.45],[-77.32,79.4],[-77.28,79.39],[-77.24,79.36],[-77.18,79.34],[-77.23,79.32],[-77.51,79.34],[-77.79,79.35],[-77.88,79.37],[-77.92,79.37],[-77.99,79.37],[-78.06,79.36],[-77.83,79.32],[-77.63,79.32],[-77.37,79.28],[-77.33,79.27],[-77.37,79.26],[-77.46,79.26],[-77.5,79.25],[-77.09,79.27],[-76.78,79.28],[-76.51,79.26],[-76.3,79.26],[-76.21,79.28],[-76.15,79.28],[-75.95,79.24],[-75.64,79.24],[-75.34,79.23],[-75.05,79.23],[-74.8,79.24],[-74.47,79.23],[-74.59,79.19],[-74.78,79.19],[-74.82,79.18],[-74.78,79.16],[-74.66,79.17],[-74.61,79.15],[-74.67,79.15],[-74.63,79.13],[-74.56,79.12],[-74.52,79.1],[-74.48,79.09],[-74.45,79.08],[-74.47,79.04],[-74.79,79.05],[-75.09,79.03],[-75.51,79.07],[-75.76,79.08],[-75.79,79.1],[-75.89,79.1],[-75.86,79.12],[-75.89,79.17],[-76.09,79.2],[-76.34,79.2],[-76.6,79.2],[-76.98,79.19],[-77.21,79.2],[-77.69,79.2],[-78.18,79.2],[-78.22,79.19],[-78.26,79.17],[-78.21,79.16],[-78.16,79.16],[-78.06,79.18],[-77.71,79.17],[-77.35,79.16],[-77.0,79.15],[-76.74,79.15],[-76.49,79.13],[-76.13,79.12],[-76.1,79.1],[-76.17,79.08],[-76.39,79.08],[-76.71,79.09],[-76.97,79.07],[-77.16,79.07],[-77.53,79.02],[-77.61,79.03],[-77.7,79.04],[-77.77,79.06],[-78.1,79.08],[-78.33,79.08],[-78.61,79.08],[-78.9,79.07],[-78.87,79.06],[-78.43,79.06],[-78.17,79.06],[-77.92,79.06],[-77.77,79.04],[-77.73,79.02],[-77.7,79.01],[-77.74,79.01],[-77.96,78.96],[-78.14,78.88],[-78.22,78.83],[-78.28,78.81],[-78.27,78.77],[-78.23,78.77],[-78.18,78.78],[-78.15,78.8],[-78.06,78.86],[-77.82,78.95],[-77.72,78.97],[-77.23,79.0],[-76.73,79.04],[-76.26,79.01],[-75.78,78.98],[-75.72,78.97],[-75.8,78.93],[-75.83,78.93],[-76.27,78.9],[-76.44,78.87],[-76.39,78.85],[-76.26,78.88],[-75.85,78.88],[-75.74,78.9],[-75.55,78.89],[-75.3,78.88],[-75.08,78.86],[-74.92,78.85],[-74.88,78.84],[-74.81,78.83],[-74.77,78.83],[-74.88,78.79],[-74.91,78.79],[-74.87,78.78],[-74.79,78.78],[-74.76,78.77],[-74.81,78.75],[-74.75,78.72],[-74.72,78.71],[-74.75,78.7],[-74.81,78.7],[-74.84,78.7],[-74.87,78.69],[-74.83,78.66],[-74.87,78.64],[-74.84,78.63],[-74.81,78.63],[-74.77,78.63],[-74.74,78.63],[-74.69,78.62],[-74.63,78.59],[-74.8,78.59],[-75.01,78.54],[-75.18,78.54],[-75.4,78.52],[-75.77,78.53],[-76.13,78.54],[-76.5,78.55],[-76.58,78.53],[-76.64,78.53],[-76.69,78.52],[-76.28,78.52],[-76.15,78.51],[-76.11,78.49],[-76.08,78.47],[-75.59,78.42],[-75.11,78.38],[-75.07,78.35],[-75.03,78.34],[-75.07,78.31],[-75.12,78.3],[-75.22,78.3],[-75.31,78.31],[-75.37,78.31],[-75.41,78.27],[-75.45,78.25],[-75.52,78.22],[-75.57,78.21],[-75.63,78.2],[-75.91,78.22],[-76.19,78.25],[-76.36,78.23],[-76.6,78.26],[-76.63,78.25],[-76.69,78.24],[-76.89,78.22],[-76.92,78.21],[-76.88,78.19],[-76.82,78.19],[-76.72,78.19],[-76.65,78.17],[-76.61,78.16],[-76.29,78.15],[-76.19,78.13],[-75.93,78.14],[-75.67,78.14],[-75.62,78.13],[-75.58,78.11],[-75.69,78.06],[-75.84,78.0],[-75.9,77.97],[-75.93,77.96],[-75.97,77.97],[-76.1,78.0],[-76.13,78.01],[-76.18,78.02],[-76.23,78.02],[-76.46,77.99],[-76.5,77.96],[-76.54,77.95],[-76.75,77.93],[-76.88,77.91],[-77.06,77.91],[-77.15,77.95],[-77.52,77.95],[-77.88,77.94],[-78.22,78.0],[-78.27,77.99],[-78.22,77.98],[-78.18,77.97],[-78.38,77.94],[-78.41,77.93],[-78.41,77.9],[-78.36,77.89],[-78.33,77.88],[-78.3,77.87],[-78.16,77.86],[-77.98,77.82],[-77.95,77.8],[-77.94,77.76],[-78.01,77.75],[-78.05,77.73],[-78.01,77.72],[-78.01,77.69],[-78.06,77.69],[-78.03,77.67],[-77.91,77.68],[-77.86,77.66],[-77.83,77.63],[-77.76,77.63],[-77.72,77.61],[-77.91,77.57],[-77.96,77.57],[-77.94,77.51],[-78.02,77.47],[-78.2,77.45],[-78.28,77.43],[-78.23,77.4],[-78.29,77.38],[-78.5,77.37],[-78.69,77.32],[-78.77,77.31],[-78.84,77.32],[-78.75,77.36],[-78.72,77.38],[-78.75,77.38],[-78.82,77.38],[-78.89,77.36],[-78.93,77.35],[-78.98,77.33],[-79.05,77.31],[-79.13,77.29],[-79.39,77.31],[-79.65,77.32],[-79.84,77.31],[-79.95,77.28],[-80.2,77.29],[-80.3,77.3],[-80.39,77.3],[-80.46,77.31],[-80.55,77.31],[-80.64,77.33],[-80.78,77.34],[-80.97,77.38],[-81.01,77.38],[-81.22,77.42],[-81.3,77.44],[-81.33,77.46],[-81.36,77.48],[-81.4,77.49],[-81.44,77.5],[-81.5,77.5],[-81.54,77.51],[-81.58,77.52],[-81.59,77.55],[-81.67,77.57],[-81.64,77.57],[-81.64,77.6],[-81.82,77.62],[-81.85,77.64],[-81.86,77.67],[-81.89,77.69],[-81.92,77.69],[-81.95,77.65],[-81.91,77.62],[-81.8,77.6],[-81.74,77.56],[-81.69,77.54],[-81.7,77.48],[-81.73,77.47],[-81.74,77.43],[-81.67,77.42],[-81.58,77.39],[-81.48,77.38],[-81.21,77.37],[-81.17,77.33],[-81.2,77.32],[-81.52,77.31],[-81.85,77.29],[-82.15,77.32],[-82.2,77.3],[-82.02,77.27],[-81.94,77.26],[-81.9,77.23],[-81.89,77.18],[-81.86,77.17],[-81.82,77.17],[-81.75,77.17],[-81.62,77.2],[-81.53,77.21],[-81.48,77.22],[-81.1,77.29],[-80.74,77.26],[-80.38,77.23],[-80.33,77.22],[-80.15,77.21],[-80.12,77.21],[-80.15,77.19],[-80.24,77.17],[-80.28,77.12],[-80.38,77.1],[-80.41,77.08],[-80.37,77.07],[-80.32,77.08],[-80.03,77.19],[-79.72,77.24],[-79.43,77.24],[-79.34,77.22],[-79.25,77.22],[-79.2,77.21],[-79.1,77.17],[-79.06,77.17],[-79.03,77.16],[-79.07,77.14],[-79.02,77.12],[-79.03,77.09],[-79.09,77.08],[-79.35,76.98],[-79.38,76.96],[-79.12,76.93],[-79.08,76.93],[-79.02,76.94],[-78.98,76.94],[-78.9,76.93],[-78.87,76.92],[-78.91,76.9],[-78.94,76.87],[-78.96,76.84],[-78.72,76.83],[-78.71,76.86],[-78.63,76.88],[-78.59,76.89],[-78.57,76.93],[-78.53,76.95],[-78.43,76.96],[-78.39,76.97],[-78.4,77.0],[-78.35,77.01],[-78.13,77.03],[-78.09,77.02],[-77.92,76.97],[-77.89,76.95],[-77.9,76.91],[-77.85,76.9],[-77.89,76.87],[-77.8,76.85],[-77.72,76.82],[-77.75,76.81],[-77.79,76.79],[-77.78,76.75],[-77.79,76.72],[-77.81,76.69],[-77.77,76.66],[-77.83,76.64],[-77.89,76.63],[-78.01,76.64],[-78.09,76.61],[-78.12,76.59],[-78.17,76.58],[-78.16,76.55],[-78.36,76.5],[-78.37,76.47],[-78.5,76.46],[-78.56,76.47],[-78.62,76.5],[-78.59,76.53],[-78.61,76.56],[-78.57,76.56],[-78.68,76.57],[-78.74,76.58],[-78.77,76.58],[-78.8,76.57],[-78.86,76.53],[-78.92,76.47],[-78.97,76.43],[-79.01,76.42],[-79.15,76.42],[-79.19,76.4],[-79.24,76.36],[-79.27,76.34],[-79.29,76.3],[-79.35,76.3],[-79.5,76.32],[-79.55,76.32],[-79.82,76.27],[-80.1,76.23],[-80.19,76.25],[-80.24,76.24],[-80.38,76.22],[-80.42,76.2],[-80.59,76.2],[-80.65,76.17],[-80.79,76.16],[-80.85,76.17],[-80.89,76.17],[-80.94,76.15],[-81.07,76.13],[-81.04,76.18],[-80.96,76.19],[-80.99,76.2],[-81.06,76.21],[-81.1,76.22],[-81.05,76.23],[-81.03,76.26],[-80.96,76.28],[-80.89,76.34],[-80.86,76.35],[-80.83,76.36],[-80.8,76.37],[-80.77,76.42],[-80.83,76.44],[-80.89,76.45],[-80.94,76.46],[-80.97,76.48],[-81.0,76.49],[-81.03,76.49],[-81.1,76.5],[-81.22,76.5],[-81.18,76.53],[-81.21,76.56],[-81.25,76.55],[-81.29,76.52],[-81.35,76.5],[-81.4,76.48],[-81.54,76.47],[-81.94,76.49],[-82.06,76.52],[-82.04,76.55],[-82.01,76.57],[-81.99,76.6],[-82.06,76.62],[-82.02,76.62],[-81.9,76.65],[-81.86,76.65],[-81.83,76.66],[-81.79,76.67],[-81.89,76.67],[-82.18,76.63],[-82.28,76.63],[-82.33,76.64],[-82.44,76.69],[-82.49,76.73],[-82.55,76.76],[-82.59,76.78],[-82.65,76.8],[-82.69,76.81],[-82.73,76.82],[-82.77,76.81],[-82.74,76.81],[-82.7,76.8],[-82.66,76.78],[-82.63,76.74],[-82.58,76.74],[-82.55,76.73],[-82.56,76.69],[-82.51,76.66],[-82.38,76.62],[-82.3,76.61],[-82.08,76.57],[-82.21,76.54],[-82.21,76.5],[-82.13,76.46],[-82.17,76.42],[-82.28,76.4],[-82.54,76.4],[-82.8,76.39],[-82.85,76.41],[-83.0,76.44],[-83.1,76.47],[-83.06,76.5],[-83.11,76.58],[-83.19,76.61],[-83.22,76.63],[-83.37,76.67],[-83.4,76.71],[-83.38,76.74],[-83.42,76.75],[-83.45,76.74],[-83.52,76.72],[-83.52,76.69],[-83.4,76.65],[-83.35,76.62],[-83.29,76.6],[-83.25,76.58],[-83.25,76.54],[-83.22,76.51],[-83.19,76.51],[-83.23,76.47],[-83.19,76.43],[-83.22,76.41],[-83.28,76.41],[-83.69,76.43],[-83.73,76.44],[-83.78,76.48],[-83.87,76.49],[-83.9,76.51],[-84.0,76.53],[-84.05,76.55],[-84.08,76.62],[-84.24,76.66],[-84.29,76.66],[-84.33,76.65],[-84.3,76.64],[-84.27,76.63],[-84.21,76.62],[-84.2,76.59],[-84.25,76.55],[-84.23,76.52],[-84.19,76.5],[-84.2,76.46],[-84.24,76.45],[-84.55,76.43],[-84.63,76.44],[-84.72,76.45],[-84.8,76.48],[-84.84,76.54],[-84.9,76.56],[-84.99,76.59],[-85.04,76.57],[-85.05,76.53],[-85.02,76.5],[-85.03,76.47],[-85.0,76.45],[-84.96,76.43],[-84.67,76.38],[-84.4,76.34],[-84.41,76.31],[-84.81,76.3],[-85.2,76.28],[-85.23,76.29],[-85.43,76.31],[-85.52,76.33],[-85.55,76.34],[-85.58,76.34],[-85.72,76.35],[-85.86,76.36],[-86.0,76.38],[-86.07,76.37],[-86.22,76.37],[-86.28,76.39],[-86.35,76.39],[-86.38,76.4],[-86.41,76.41],[-86.42,76.46],[-86.24,76.51],[-86.21,76.53],[-86.4,76.58],[-86.52,76.63],[-86.58,76.64],[-86.63,76.64],[-86.31,76.54],[-86.59,76.48],[-86.62,76.48],[-86.66,76.47],[-86.63,76.46],[-86.68,76.41],[-86.71,76.36],[-86.75,76.35],[-86.79,76.36],[-86.85,76.37],[-87.09,76.38],[-87.13,76.39],[-87.16,76.4],[-87.12,76.42],[-87.15,76.45],[-87.4,76.46],[-87.43,76.47],[-87.4,76.48],[-87.42,76.52],[-87.48,76.53],[-87.47,76.58],[-87.53,76.61],[-87.56,76.62],[-87.57,76.59],[-87.59,76.55],[-87.51,76.51],[-87.55,76.47],[-87.51,76.44],[-87.43,76.42],[-87.5,76.38],[-87.45,76.37],[-87.41,76.36],[-87.45,76.35],[-87.54,76.37],[-87.58,76.37],[-87.63,76.34],[-87.71,76.34],[-87.78,76.36],[-87.82,76.4],[-87.88,76.41],[-87.9,76.37],[-88.4,76.39],[-88.43,76.4],[-88.4,76.42],[-88.36,76.44],[-88.39,76.46],[-88.44,76.47],[-88.38,76.48],[-88.35,76.52],[-88.4,76.54],[-88.44,76.59],[-88.47,76.6],[-88.51,76.62],[-88.49,76.65],[-88.49,76.68],[-88.54,76.71],[-88.55,76.74],[-88.49,76.77],[-88.48,76.8],[-88.51,76.82],[-88.54,76.82],[-88.6,76.77],[-88.63,76.75],[-88.69,76.73],[-88.67,76.7],[-88.59,76.64],[-88.66,76.6],[-88.62,76.59],[-88.58,76.59],[-88.53,76.58],[-88.5,76.55],[-88.49,76.51],[-88.58,76.47],[-88.62,76.44],[-88.6,76.41],[-88.64,76.4],[-88.67,76.4],[-88.68,76.44],[-88.66,76.48],[-88.61,76.49],[-88.68,76.52],[-88.65,76.56],[-88.68,76.59],[-88.74,76.6],[-88.74,76.57],[-88.8,76.56],[-88.79,76.52],[-88.83,76.5],[-88.8,76.48],[-88.81,76.45],[-88.89,76.43],[-89.0,76.41],[-89.04,76.43],[-89.1,76.43],[-89.13,76.42],[-89.17,76.42],[-89.21,76.43],[-89.24,76.44],[-89.42,76.49],[-89.41,76.53],[-89.42,76.56],[-89.46,76.58],[-89.52,76.55],[-89.6,76.56],[-89.66,76.57],[-89.63,76.58],[-89.62,76.62],[-89.45,76.66],[-89.42,76.69],[-89.46,76.73],[-89.4,76.73],[-89.45,76.75],[-89.47,76.78],[-89.5,76.81],[-89.54,76.86],[-89.47,76.88],[-89.0,76.96],[-88.72,77.01],[-88.64,77.04],[-88.54,77.07],[-88.5,77.08],[-88.46,77.07],[-88.42,77.08],[-88.39,77.1],[-88.43,77.1],[-88.54,77.1],[-88.49,77.11],[-88.39,77.12],[-88.29,77.14],[-88.13,77.13],[-88.17,77.12],[-88.13,77.11],[-87.86,77.14],[-87.77,77.13],[-87.68,77.14],[-87.65,77.13],[-87.62,77.12],[-87.59,77.1],[-87.47,77.11],[-87.38,77.11],[-87.34,77.12],[-87.46,77.13],[-87.39,77.17],[-87.36,77.18],[-87.08,77.19],[-87.02,77.18],[-86.98,77.17],[-86.95,77.15],[-86.92,77.14],[-86.87,77.13],[-86.82,77.13],[-86.87,77.16],[-86.6,77.18],[-86.68,77.19],[-86.83,77.18],[-86.9,77.19],[-86.93,77.2],[-87.13,77.21],[-87.16,77.21],[-87.2,77.2],[-87.14,77.24],[-87.01,77.26],[-86.94,77.26],[-86.91,77.27],[-86.95,77.28],[-86.99,77.28],[-87.17,77.27],[-87.22,77.28],[-87.25,77.31],[-87.2,77.31],[-87.09,77.34],[-87.04,77.35],[-86.93,77.34],[-86.83,77.36],[-87.12,77.37],[-87.35,77.33],[-87.68,77.35],[-87.72,77.37],[-87.7,77.4],[-87.75,77.41],[-87.78,77.42],[-87.76,77.46],[-87.67,77.47],[-87.69,77.51],[-87.72,77.55],[-87.78,77.55],[-87.82,77.55],[-87.84,77.58],[-87.88,77.58],[-87.91,77.58],[-88.01,77.61],[-88.19,77.64],[-88.21,77.68],[-88.15,77.72],[-88.17,77.76],[-88.21,77.76],[-88.24,77.77],[-88.18,77.78],[-88.12,77.81],[-88.22,77.86],[-88.13,77.86],[-88.12,77.83],[-88.08,77.83],[-88.04,77.82],[-87.62,77.86],[-87.19,77.9],[-86.85,77.89],[-86.66,77.85],[-86.45,77.84],[-86.22,77.79],[-86.07,77.73],[-85.97,77.71],[-85.92,77.66],[-85.89,77.64],[-85.87,77.6],[-85.81,77.53],[-85.78,77.5],[-85.74,77.49],[-85.74,77.46],[-85.8,77.43],[-85.75,77.43],[-85.59,77.46],[-85.55,77.46],[-85.51,77.48],[-85.51,77.45],[-85.54,77.45],[-85.51,77.44],[-85.48,77.43],[-85.43,77.41],[-85.4,77.4],[-85.0,77.38],[-84.94,77.37],[-84.76,77.32],[-84.47,77.3],[-84.55,77.34],[-84.58,77.35],[-84.6,77.38],[-84.57,77.41],[-84.5,77.41],[-84.36,77.39],[-84.06,77.4],[-83.76,77.38],[-83.47,77.35],[-83.49,77.38],[-83.8,77.43],[-83.84,77.46],[-83.8,77.47],[-83.62,77.47],[-83.57,77.48],[-83.5,77.5],[-83.42,77.51],[-83.39,77.51],[-83.32,77.56],[-83.26,77.57],[-83.02,77.67],[-82.99,77.68],[-82.96,77.7],[-82.88,77.73],[-82.78,77.8],[-82.81,77.8],[-82.77,77.82],[-82.68,77.83],[-82.65,77.86],[-82.65,77.89],[-82.62,77.91],[-82.54,77.92],[-82.58,77.95],[-82.53,77.95],[-82.55,77.98],[-82.59,78.01],[-82.54,78.04],[-82.49,78.04],[-82.37,78.04],[-82.33,78.07],[-82.51,78.08],[-82.66,78.06],[-82.76,78.03],[-82.79,77.99],[-82.74,77.95],[-82.76,77.92],[-82.94,77.88],[-82.98,77.85],[-83.07,77.81],[-83.11,77.8],[-83.19,77.72],[-83.24,77.69],[-83.33,77.67],[-83.39,77.62],[-83.42,77.61],[-83.68,77.53],[-83.92,77.49],[-84.08,77.51],[-84.33,77.53],[-84.76,77.52],[-84.85,77.54],[-84.86,77.58],[-84.83,77.59],[-84.65,77.62],[-84.59,77.65],[-84.51,77.68],[-84.47,77.69],[-84.43,77.73],[-84.48,77.75],[-84.49,77.72],[-84.54,77.68],[-84.62,77.67],[-84.72,77.64],[-84.94,77.6],[-85.0,77.62],[-85.28,77.66],[-85.31,77.67],[-85.28,77.7],[-85.34,77.73],[-85.21,77.76],[-85.19,77.8],[-85.16,77.81],[-85.06,77.8],[-84.97,77.82],[-85.01,77.84],[-85.05,77.84],[-85.09,77.82],[-85.15,77.82],[-85.26,77.8],[-85.32,77.8],[-85.38,77.81],[-85.38,77.85],[-85.32,77.87],[-85.25,77.89],[-85.18,77.89],[-85.04,77.88],[-84.96,77.88],[-84.9,77.9],[-84.87,77.9],[-84.84,77.89],[-84.89,77.86],[-84.68,77.91],[-84.36,77.89],[-84.32,77.9],[-84.55,77.93],[-84.89,77.92],[-85.24,77.91],[-85.35,77.88],[-85.47,77.87],[-85.51,77.88],[-85.49,77.91],[-85.65,77.92],[-85.68,77.94],[-85.36,78.01],[-85.06,78.06],[-85.02,78.06],[-84.93,78.04],[-84.71,78.03],[-84.6,78.07],[-84.54,78.07],[-84.34,78.07],[-84.29,78.08],[-84.59,78.08],[-84.74,78.06],[-84.85,78.06],[-85.1,78.1],[-85.04,78.13],[-84.99,78.16],[-85.04,78.17],[-84.84,78.17],[-84.62,78.2],[-84.39,78.19],[-84.21,78.16],[-84.03,78.18],[-84.22,78.19],[-84.43,78.21],[-84.75,78.22],[-84.87,78.2],[-84.95,78.2],[-84.95,78.24],[-84.88,78.28],[-84.85,78.31],[-84.81,78.33],[-84.59,78.34],[-84.58,78.37],[-84.62,78.37],[-84.67,78.35],[-84.7,78.35],[-84.73,78.34],[-84.76,78.34],[-84.79,78.35],[-84.84,78.37],[-84.87,78.37],[-84.83,78.41],[-84.82,78.45],[-84.78,78.48],[-84.79,78.51],[-84.72,78.53],[-84.66,78.57],[-84.62,78.59],[-84.65,78.6],[-84.68,78.59],[-84.74,78.56],[-84.83,78.52],[-84.86,78.51],[-84.86,78.48],[-84.89,78.46],[-84.92,78.44],[-84.96,78.43],[-84.95,78.4],[-84.97,78.37],[-84.98,78.34],[-85.03,78.32],[-85.06,78.29],[-85.2,78.23],[-85.24,78.2],[-85.36,78.16],[-85.49,78.11],[-85.53,78.1],[-85.49,78.12],[-85.86,78.09],[-86.23,78.06],[-86.27,78.07],[-86.29,78.1],[-86.25,78.13],[-86.25,78.16],[-86.22,78.17],[-86.12,78.17],[-86.02,78.21],[-85.94,78.24],[-85.92,78.27],[-85.89,78.28],[-85.88,78.32],[-85.85,78.33],[-85.85,78.37],[-85.88,78.38],[-85.91,78.34],[-85.95,78.33],[-85.98,78.33],[-86.05,78.31],[-86.06,78.27],[-86.14,78.24],[-86.24,78.21],[-86.29,78.2],[-86.36,78.21],[-86.44,78.21],[-86.49,78.22],[-86.53,78.21],[-86.57,78.18],[-86.73,78.13],[-86.77,78.12],[-87.13,78.12],[-87.49,78.13],[-87.52,78.13],[-87.49,78.17],[-87.44,78.19],[-87.09,78.21],[-87.2,78.22],[-87.28,78.24],[-87.35,78.22],[-87.42,78.22],[-87.49,78.22],[-87.52,78.23],[-87.5,78.27],[-87.51,78.32],[-87.51,78.35],[-87.5,78.39],[-87.53,78.41],[-87.51,78.44],[-87.48,78.45],[-87.16,78.55],[-86.86,78.55],[-86.9,78.58],[-87.06,78.57],[-87.1,78.58],[-86.99,78.65],[-86.96,78.7],[-86.61,78.81],[-86.58,78.81],[-86.55,78.81],[-86.51,78.8],[-86.02,78.84],[-85.76,78.83],[-85.49,78.88],[-85.38,78.88],[-85.25,78.92],[-85.22,78.92],[-85.17,78.91],[-85.03,78.92],[-84.71,78.87],[-84.23,78.85],[-83.75,78.84],[-83.55,78.79],[-83.32,78.77],[-83.26,78.75],[-83.16,78.72],[-82.79,78.69],[-82.76,78.68],[-82.7,78.67],[-82.64,78.64],[-82.58,78.61],[-82.51,78.59],[-82.44,78.59],[-82.38,78.57],[-82.34,78.57],[-82.26,78.59],[-82.51,78.67],[-82.6,78.71],[-82.5,78.72],[-82.47,78.73],[-82.25,78.72],[-82.22,78.73],[-82.26,78.75],[-82.34,78.76],[-82.77,78.73],[-82.81,78.74],[-82.89,78.77],[-82.93,78.77],[-83.0,78.77],[-83.04,78.78],[-83.08,78.8],[-83.21,78.8],[-83.25,78.83],[-83.21,78.85],[-82.98,78.86],[-82.65,78.84],[-82.4,78.83],[-82.36,78.84],[-82.32,78.85],[-82.02,78.87],[-81.77,78.87],[-81.74,78.86],[-81.81,78.85],[-81.75,78.84],[-81.71,78.85],[-81.66,78.89],[-81.76,78.92],[-81.71,78.95],[-81.7,78.98],[-81.66,78.99],[-81.48,79.05],[-81.54,79.06],[-81.88,79.02],[-81.94,79.0],[-81.97,78.98],[-82.03,78.95],[-82.1,78.92],[-82.53,78.89],[-82.56,78.89],[-82.61,78.9],[-82.97,78.94],[-83.33,78.93],[-83.67,78.93],[-83.96,78.96],[-84.28,78.96],[-84.51,79.02],[-84.75,79.04],[-84.78,79.05],[-84.78,79.08],[-84.7,79.1],[-84.66,79.11],[-84.51,79.15],[-84.45,79.15],[-84.34,79.13],[-84.16,79.13],[-84.05,79.1],[-84.01,79.07],[-83.71,79.04],[-83.45,79.03],[-83.4,79.04],[-83.36,79.06],[-83.41,79.07],[-83.5,79.05],[-83.54,79.05],[-83.69,79.07],[-83.73,79.1],[-83.88,79.12],[-83.96,79.13],[-83.99,79.14],[-84.02,79.15],[-83.98,79.18],[-83.93,79.19],[-83.96,79.22],[-84.0,79.22],[-84.08,79.19],[-84.14,79.18],[-84.33,79.19],[-84.32,79.22],[-84.35,79.25],[-84.39,79.28],[-84.42,79.29],[-84.45,79.33],[-84.45,79.36],[-84.48,79.38],[-84.49,79.41],[-84.59,79.44],[-84.69,79.45],[-84.88,79.49],[-84.9,79.52],[-84.93,79.52],[-84.97,79.54],[-85.0,79.58],[-85.05,79.59],[-85.02,79.62],[-85.17,79.65],[-85.32,79.68],[-85.63,79.71],[-85.86,79.7],[-86.16,79.73],[-86.45,79.75],[-86.49,79.77],[-86.49,79.81],[-86.38,79.82],[-86.44,79.84],[-86.47,79.88],[-86.46,79.91],[-86.45,79.94],[-86.4,79.96],[-86.31,79.97],[-85.97,79.96],[-85.88,79.94],[-85.53,79.94],[-85.42,79.91],[-85.33,79.9],[-85.29,79.91],[-85.25,79.93],[-85.42,79.93],[-85.52,79.97],[-85.87,79.98],[-85.95,79.99],[-86.44,80.01],[-86.53,80.03],[-86.58,80.05],[-86.63,80.1],[-86.65,80.14],[-86.59,80.19],[-86.56,80.2],[-86.53,80.24],[-86.51,80.29],[-86.47,80.31],[-86.44,80.32],[-86.17,80.33],[-85.89,80.34],[-85.73,80.32],[-85.32,80.27],[-84.97,80.27],[-84.63,80.28],[-84.33,80.27],[-84.04,80.27],[-83.79,80.25],[-83.34,80.15],[-83.11,80.07],[-82.68,79.99],[-82.42,79.93],[-82.17,79.87],[-82.1,79.84],[-82.07,79.82],[-82.01,79.77],[-81.98,79.76],[-81.91,79.7],[-81.83,79.69],[-81.67,79.69],[-81.68,79.65],[-81.62,79.62],[-81.66,79.61],[-81.7,79.61],[-81.73,79.62],[-81.77,79.62],[-81.65,79.59],[-81.59,79.6],[-81.45,79.64],[-81.38,79.64],[-80.98,79.61],[-80.59,79.57],[-80.63,79.59],[-80.35,79.63],[-80.08,79.65],[-79.95,79.65],[-79.92,79.65],[-79.75,79.71],[-80.08,79.7],[-80.4,79.69],[-80.44,79.68],[-80.88,79.65],[-81.32,79.72],[-81.5,79.71],[-81.51,79.74],[-81.57,79.77],[-81.63,79.77],[-81.59,79.79],[-81.57,79.83],[-81.6,79.86],[-81.66,79.89],[-81.57,79.93],[-81.44,79.93],[-81.4,79.94],[-81.46,79.95],[-81.73,79.97],[-82.0,79.99],[-82.07,80.01],[-82.17,80.02],[-82.52,80.12],[-82.94,80.24],[-83.0,80.28],[-83.21,80.32],[-83.16,80.34],[-82.85,80.36],[-82.54,80.37],[-82.26,80.39],[-81.99,80.4],[-81.61,80.41],[-81.19,80.43],[-80.77,80.45],[-80.35,80.47],[-80.29,80.49],[-80.35,80.5],[-80.05,80.53],[-79.78,80.53],[-79.51,80.54],[-79.43,80.55],[-79.04,80.55],[-78.93,80.56],[-78.81,80.56],[-78.7,80.57],[-78.4,80.57],[-78.11,80.56],[-78.05,80.57],[-78.02,80.6],[-78.4,80.61],[-78.79,80.62],[-79.27,80.61],[-79.62,80.61],[-79.96,80.61],[-79.91,80.63],[-79.57,80.66],[-79.39,80.7],[-79.08,80.71],[-78.85,80.75],[-78.64,80.75],[-78.53,80.78],[-78.34,80.78],[-78.23,80.79],[-78.19,80.81],[-77.73,80.82],[-77.51,80.83],[-77.14,80.83],[-76.85,80.84],[-76.57,80.85],[-76.52,80.86],[-76.48,80.88],[-76.59,80.9],[-76.78,80.9],[-77.02,80.89],[-77.39,80.9],[-77.69,80.91],[-78.0,80.91],[-78.12,80.89],[-78.48,80.87],[-78.85,80.86],[-78.89,80.86],[-78.94,80.88],[-78.91,80.9],[-78.88,80.91],[-78.88,80.96],[-78.92,80.98],[-78.89,81.01],[-78.47,81.1],[-78.42,81.12],[-78.39,81.15],[-78.48,81.15],[-78.44,81.17],[-78.38,81.18],[-78.26,81.18],[-78.16,81.19],[-78.06,81.22],[-77.99,81.25],[-77.84,81.28],[-77.67,81.31],[-77.62,81.32],[-77.37,81.34],[-77.2,81.38],[-77.07,81.38],[-76.97,81.41],[-76.76,81.43],[-76.79,81.45],[-76.85,81.46],[-77.32,81.41],[-77.78,81.36],[-77.87,81.34],[-78.19,81.31],[-78.48,81.23],[-78.59,81.21],[-78.68,81.19],[-78.73,81.16],[-78.76,81.14],[-78.72,81.13],[-78.69,81.13],[-78.74,81.11],[-78.94,81.11],[-79.22,81.15],[-79.51,81.2],[-79.46,81.18],[-79.15,81.1],[-79.09,81.1],[-79.11,81.07],[-79.21,81.07],[-79.26,81.06],[-79.32,81.03],[-79.35,81.0],[-79.32,80.99],[-79.28,80.99],[-79.24,80.99],[-79.18,81.0],[-79.17,80.97],[-79.28,80.93],[-79.31,80.93],[-79.38,80.93],[-79.41,80.92],[-79.44,80.91],[-79.44,80.88],[-79.48,80.87],[-79.61,80.83],[-79.93,80.8],[-80.06,80.76],[-80.19,80.75],[-80.36,80.74],[-80.63,80.7],[-80.88,80.66],[-81.22,80.63],[-81.55,80.62],[-81.81,80.6],[-82.08,80.58],[-82.34,80.57],[-82.38,80.56],[-82.72,80.55],[-82.91,80.54],[-83.12,80.55],[-83.17,80.56],[-83.17,80.59],[-83.12,80.63],[-83.09,80.65],[-83.05,80.65],[-82.95,80.65],[-82.89,80.66],[-82.83,80.68],[-82.49,80.71],[-82.15,80.73],[-82.03,80.75],[-81.94,80.76],[-81.76,80.82],[-81.86,80.82],[-81.97,80.84],[-82.02,80.83],[-82.13,80.81],[-82.37,80.79],[-82.42,80.77],[-82.48,80.77],[-82.51,80.77],[-82.56,80.75],[-83.0,80.72],[-83.3,80.7],[-83.5,80.7],[-83.53,80.71],[-83.57,80.74],[-83.53,80.76],[-83.36,80.77],[-83.15,80.82],[-83.12,80.83],[-83.27,80.85],[-83.32,80.84],[-83.37,80.82],[-83.53,80.78],[-83.58,80.78],[-83.66,80.76],[-83.71,80.75],[-83.86,80.76],[-83.77,80.74],[-83.81,80.74],[-83.83,80.71],[-83.8,80.69],[-83.77,80.68],[-83.73,80.65],[-83.74,80.62],[-83.78,80.58],[-83.85,80.54],[-83.9,80.54],[-84.08,80.54],[-84.4,80.51],[-84.69,80.53],[-84.93,80.53],[-85.12,80.5],[-85.55,80.53],[-85.65,80.54],[-85.8,80.53],[-85.86,80.54],[-85.8,80.57],[-85.63,80.6],[-85.56,80.62],[-85.79,80.6],[-86.05,80.54],[-86.12,80.54],[-86.43,80.57],[-86.75,80.6],[-86.69,80.65],[-86.55,80.72],[-86.18,80.83],[-85.8,80.95],[-85.62,80.98],[-85.51,80.99],[-85.45,80.99],[-85.36,81.0],[-85.23,81.01],[-85.0,81.03],[-84.96,81.04],[-84.91,81.03],[-84.88,81.03],[-84.55,81.04],[-84.22,81.06],[-84.14,81.07],[-83.68,81.09],[-83.22,81.11],[-82.75,81.14],[-82.7,81.15],[-82.46,81.16],[-82.36,81.18],[-82.84,81.16],[-83.29,81.14],[-83.75,81.12],[-84.2,81.1],[-84.26,81.1],[-84.72,81.08],[-85.18,81.07],[-85.28,81.05],[-85.39,81.06],[-85.49,81.05],[-85.78,81.03],[-86.11,80.99],[-86.37,80.93],[-86.44,80.9],[-86.56,80.87],[-86.63,80.84],[-87.06,80.73],[-87.1,80.69],[-87.16,80.66],[-87.28,80.63],[-87.47,80.63],[-87.71,80.65],[-87.89,80.67],[-88.1,80.68],[-88.38,80.72],[-88.63,80.77],[-88.93,80.8],[-89.18,80.85],[-89.39,80.88],[-89.45,80.91],[-89.35,80.94],[-89.27,80.95],[-89.03,80.96],[-88.86,80.98],[-88.41,81.0],[-88.12,81.0],[-87.83,81.0],[-87.62,80.98],[-87.14,80.99],[-87.03,81.01],[-86.7,81.01],[-86.46,81.03],[-86.28,81.07],[-86.02,81.08],[-85.86,81.08],[-85.83,81.08],[-85.88,81.09],[-85.92,81.11],[-85.89,81.12],[-85.86,81.13],[-85.75,81.14],[-85.68,81.16],[-85.6,81.17],[-85.53,81.19],[-85.19,81.23],[-84.84,81.26],[-84.77,81.28],[-84.73,81.28],[-84.77,81.3],[-84.8,81.3],[-84.85,81.29],[-84.94,81.31],[-85.01,81.3],[-85.25,81.3],[-85.56,81.27],[-85.88,81.24],[-86.2,81.19],[-86.29,81.15],[-86.52,81.13],[-86.94,81.11],[-87.39,81.07],[-87.86,81.08],[-88.35,81.06],[-88.84,81.05],[-89.33,81.03],[-89.83,81.01],[-89.94,81.03],[-90.0,81.04],[-90.08,81.05],[-90.18,81.07],[-90.25,81.11],[-90.32,81.14],[-90.34,81.18],[-90.3,81.19],[-89.98,81.25],[-89.92,81.24],[-89.84,81.25],[-89.79,81.25],[-89.6,81.21],[-89.56,81.21],[-89.25,81.23],[-88.93,81.25],[-88.99,81.27],[-89.39,81.25],[-89.57,81.29],[-89.83,81.3],[-89.96,81.33],[-89.92,81.34],[-89.61,81.36],[-89.45,81.41],[-89.24,81.41],[-88.99,81.47],[-88.89,81.46],[-88.85,81.45],[-88.82,81.46],[-88.85,81.46],[-88.9,81.48],[-88.93,81.48],[-88.89,81.5],[-88.5,81.52],[-88.31,81.52],[-87.94,81.54],[-87.98,81.52],[-87.94,81.51],[-87.89,81.51],[-87.79,81.52],[-87.72,81.52],[-87.53,81.52],[-87.28,81.49],[-87.25,81.5],[-87.29,81.51],[-87.68,81.54],[-88.05,81.57],[-88.14,81.56],[-88.25,81.56],[-88.28,81.59],[-88.34,81.59],[-88.4,81.59],[-88.51,81.56],[-88.61,81.55],[-88.98,81.54],[-89.31,81.51],[-89.51,81.49],[-89.79,81.45],[-90.26,81.4],[-90.35,81.38],[-90.42,81.37],[-90.49,81.37],[-90.55,81.39],[-90.48,81.4],[-90.86,81.45],[-90.83,81.46],[-90.46,81.52],[-90.09,81.57],[-89.98,81.57],[-89.93,81.59],[-89.64,81.6],[-89.59,81.63],[-89.84,81.63],[-90.09,81.63],[-90.06,81.64],[-90.02,81.65],[-90.05,81.65],[-90.11,81.66],[-90.24,81.7],[-90.3,81.7],[-90.33,81.7],[-90.36,81.69],[-90.33,81.66],[-90.29,81.65],[-90.39,81.66],[-90.49,81.66],[-90.68,81.68],[-90.72,81.67],[-90.78,81.64],[-90.83,81.63],[-90.93,81.63],[-90.97,81.63],[-91.01,81.61],[-90.96,81.56],[-90.99,81.56],[-91.02,81.56],[-91.08,81.54],[-91.14,81.56],[-91.47,81.53],[-91.42,81.54],[-91.44,81.59],[-91.48,81.6],[-91.75,81.6],[-91.81,81.62],[-91.88,81.62],[-91.95,81.63],[-91.91,81.65],[-91.87,81.65],[-91.91,81.66],[-91.96,81.66],[-91.91,81.67],[-91.82,81.66],[-91.77,81.67],[-91.81,81.68],[-91.76,81.69],[-91.72,81.71],[-91.62,81.74],[-91.57,81.75],[-91.48,81.77],[-91.4,81.78],[-91.21,81.76],[-91.12,81.77],[-91.05,81.77],[-91.13,81.79],[-91.09,81.83],[-91.01,81.84],[-90.73,81.84],[-90.7,81.85],[-90.66,81.87],[-90.61,81.88],[-90.24,81.9],[-89.94,81.89],[-89.98,81.9],[-89.89,81.9],[-89.76,81.92],[-89.72,81.92],[-89.68,81.91],[-89.73,81.9],[-89.64,81.86],[-89.53,81.84],[-89.5,81.85],[-89.46,81.84],[-89.37,81.82],[-89.34,81.81],[-89.27,81.84],[-89.18,81.88],[-89.15,81.89],[-89.18,81.9],[-89.38,81.91],[-89.41,81.91],[-89.39,81.94],[-89.34,81.95],[-89.25,81.95],[-89.08,81.91],[-88.99,81.93],[-89.06,81.99],[-89.01,82.01],[-88.68,82.06],[-88.24,82.08],[-88.17,82.09],[-88.13,82.09],[-88.1,82.1],[-88.07,82.11],[-88.0,82.11],[-87.79,82.08],[-87.59,82.09],[-87.37,82.08],[-87.19,82.03],[-87.32,81.98],[-87.01,81.93],[-86.73,81.89],[-86.76,81.92],[-86.81,81.93],[-87.09,81.96],[-87.13,81.98],[-86.84,81.99],[-86.87,82.0],[-86.99,82.02],[-86.96,82.05],[-86.63,82.06],[-86.26,82.05],[-86.16,82.05],[-86.11,82.03],[-85.98,82.02],[-85.7,81.94],[-85.43,81.86],[-85.4,81.86],[-85.37,81.87],[-85.41,81.89],[-85.64,81.95],[-85.73,81.99],[-85.68,82.01],[-85.27,82.01],[-85.2,82.0],[-85.02,81.92],[-84.91,81.9],[-84.8,81.89],[-84.94,81.93],[-85.07,81.99],[-85.03,82.0],[-84.87,81.99],[-84.84,81.99],[-84.83,81.94],[-84.77,81.92],[-84.72,81.9],[-84.6,81.89],[-84.69,81.92],[-84.7,81.96],[-84.75,81.99],[-85.25,82.03],[-85.74,82.06],[-86.23,82.1],[-86.73,82.14],[-86.86,82.19],[-86.85,82.22],[-86.56,82.24],[-86.36,82.23],[-86.02,82.24],[-85.67,82.24],[-85.56,82.27],[-85.51,82.28],[-85.4,82.28],[-85.35,82.29],[-85.46,82.31],[-85.49,82.32],[-85.44,82.34],[-85.52,82.35],[-85.5,82.4],[-85.55,82.42],[-85.71,82.41],[-85.79,82.43],[-85.9,82.43],[-85.86,82.45],[-85.76,82.47],[-85.41,82.47],[-85.06,82.48],[-84.71,82.48],[-84.66,82.47],[-84.62,82.45],[-84.65,82.44],[-84.9,82.44],[-84.95,82.43],[-84.52,82.4],[-84.38,82.37],[-84.35,82.35],[-84.2,82.37],[-83.94,82.36],[-83.67,82.35],[-83.43,82.3],[-83.38,82.28],[-83.36,82.24],[-83.03,82.17],[-82.97,82.13],[-82.98,82.1],[-83.03,82.08],[-83.13,82.08],[-82.79,82.07],[-82.44,82.06],[-82.1,82.06],[-81.95,82.04],[-81.91,82.03],[-81.88,82.04],[-81.94,82.07],[-82.11,82.1],[-82.58,82.09],[-82.63,82.1],[-82.84,82.19],[-83.01,82.23],[-83.02,82.29],[-82.97,82.3],[-82.57,82.25],[-82.4,82.25],[-82.13,82.19],[-81.86,82.15],[-81.58,82.12],[-81.1,82.07],[-80.61,82.02],[-80.57,82.0],[-80.52,82.0],[-80.44,82.01],[-80.02,81.97],[-79.62,81.86],[-79.57,81.83],[-79.53,81.82],[-79.23,81.82],[-79.68,81.94],[-79.76,81.97],[-79.87,81.98],[-79.92,81.99],[-79.86,82.01],[-79.83,82.02],[-79.86,82.03],[-80.22,82.05],[-80.58,82.08],[-80.93,82.1],[-80.97,82.14],[-80.89,82.15],[-81.29,82.16],[-81.77,82.24],[-82.24,82.31],[-82.71,82.38],[-82.73,82.41],[-82.68,82.44],[-82.5,82.51],[-82.0,82.5],[-81.5,82.5],[-81.58,82.5],[-81.91,82.52],[-82.29,82.58],[-82.4,82.62],[-82.37,82.65],[-82.33,82.66],[-82.07,82.67],[-81.74,82.65],[-81.42,82.63],[-81.15,82.58],[-80.89,82.53],[-80.58,82.54],[-80.85,82.62],[-81.1,82.67],[-81.13,82.69],[-81.16,82.72],[-81.27,82.73],[-81.37,82.76],[-81.48,82.77],[-81.58,82.79],[-81.54,82.82],[-81.47,82.83],[-81.09,82.82],[-80.7,82.8],[-80.32,82.79],[-80.28,82.77],[-80.18,82.74],[-80.14,82.72],[-80.18,82.7],[-80.15,82.68],[-80.1,82.67],[-79.92,82.66],[-79.87,82.65],[-79.82,82.65],[-79.94,82.68],[-79.98,82.69],[-79.95,82.71],[-79.9,82.72],[-79.51,82.69],[-79.13,82.67],[-79.04,82.68],[-78.94,82.67],[-78.55,82.68],[-78.5,82.69],[-78.97,82.71],[-79.43,82.74],[-79.9,82.77],[-79.93,82.78],[-80.0,82.8],[-79.92,82.82],[-79.68,82.82],[-80.01,82.85],[-80.35,82.86],[-80.4,82.88],[-80.43,82.9],[-80.39,82.91],[-80.31,82.91],[-80.26,82.92],[-80.22,82.92],[-80.16,82.94],[-79.75,82.96],[-79.34,82.98],[-79.29,82.96],[-79.19,82.95],[-79.22,82.93],[-79.18,82.93],[-79.12,82.92],[-79.08,82.9],[-79.01,82.87],[-78.79,82.94],[-78.7,82.95],[-78.61,82.94],[-78.52,82.93],[-78.56,82.87],[-78.52,82.85],[-78.47,82.86],[-78.42,82.87],[-78.37,82.87],[-78.33,82.85],[-78.26,82.85],[-78.18,82.83],[-78.11,82.83],[-78.14,82.84],[-78.18,82.84],[-78.22,82.85],[-78.2,82.88],[-78.06,82.86],[-78.02,82.86],[-78.05,82.88],[-78.11,82.89],[-78.08,82.9],[-77.85,82.93],[-77.5,82.9],[-77.14,82.87],[-76.95,82.81],[-76.95,82.78],[-76.79,82.76],[-76.73,82.74],[-76.56,82.68],[-76.43,82.66],[-76.4,82.66],[-76.36,82.65],[-76.33,82.65],[-76.28,82.64],[-76.17,82.63],[-75.96,82.6],[-75.89,82.6],[-75.92,82.59],[-76.0,82.57],[-76.08,82.54],[-76.15,82.53],[-76.19,82.52],[-76.23,82.49],[-76.26,82.47],[-76.22,82.45],[-76.17,82.46],[-75.92,82.52],[-75.67,82.59],[-75.46,82.6],[-75.4,82.62],[-75.44,82.63],[-75.77,82.66],[-76.11,82.69],[-76.15,82.7],[-76.21,82.71],[-76.27,82.73],[-76.31,82.76],[-76.23,82.77],[-76.06,82.77],[-75.98,82.79],[-76.37,82.79],[-76.54,82.82],[-76.67,82.88],[-77.03,82.93],[-77.39,82.99],[-77.36,83.0],[-77.13,83.04],[-77.17,83.02],[-77.13,83.01],[-76.68,83.02],[-76.24,83.03],[-76.14,83.05],[-75.78,83.05],[-75.43,83.04],[-75.38,83.03],[-75.3,83.03],[-75.19,83.02],[-75.15,83.03],[-75.06,83.04],[-74.63,83.02],[-74.2,83.0],[-74.05,82.96],[-74.02,82.96],[-73.98,82.93],[-73.9,82.91],[-73.87,82.89],[-73.83,82.87],[-73.42,82.81],[-73.0,82.76],[-72.59,82.7],[-72.5,82.72],[-72.81,82.76],[-73.11,82.79],[-73.33,82.84],[-73.37,82.85],[-73.42,82.89],[-73.45,82.9],[-73.57,82.91],[-73.65,82.93],[-73.62,82.95],[-73.57,82.96],[-73.44,82.97],[-73.25,83.02],[-72.93,83.04],[-72.89,83.06],[-73.01,83.06],[-72.97,83.07],[-72.79,83.08],[-72.7,83.1],[-72.59,83.1],[-72.52,83.08],[-72.27,83.11],[-71.95,83.11],[-71.63,83.1],[-71.58,83.09],[-71.63,83.08],[-71.77,83.04],[-71.8,83.02],[-71.77,83.0],[-71.57,82.96],[-71.21,82.92],[-70.84,82.89],[-70.87,82.91],[-71.31,82.99],[-71.45,83.0],[-71.5,83.01],[-71.27,83.06],[-71.11,83.07],[-71.12,83.1],[-71.01,83.1],[-70.95,83.09],[-70.91,83.08],[-70.87,83.08],[-70.84,83.09],[-70.88,83.1],[-70.82,83.11],[-70.44,83.11],[-70.06,83.11],[-69.69,83.12],[-69.66,83.11],[-69.7,83.1],[-69.73,83.09],[-69.68,83.08],[-69.76,83.06],[-69.7,83.05],[-69.48,83.05],[-69.45,83.04],[-69.5,83.03],[-69.61,83.01],[-69.66,83.0],[-69.62,82.99],[-69.21,83.01],[-69.04,83.05],[-69.0,83.04],[-68.99,83.0],[-68.95,82.98],[-68.68,82.98],[-68.63,82.99],[-68.53,83.01],[-68.17,83.0],[-68.14,82.99],[-68.17,82.97],[-68.13,82.93],[-68.07,82.94],[-68.0,82.95],[-67.6,82.97],[-67.18,82.93],[-67.12,82.95],[-66.94,82.95],[-66.97,82.94],[-66.9,82.93],[-66.85,82.93],[-66.79,82.96],[-66.74,82.96],[-66.66,82.94],[-66.4,82.94],[-66.36,82.93],[-66.32,82.94],[-66.39,82.92],[-66.34,82.91],[-66.81,82.83],[-66.85,82.81],[-67.15,82.79],[-67.25,82.77],[-67.49,82.76],[-67.54,82.75],[-67.6,82.75],[-67.68,82.74],[-67.79,82.74],[-67.87,82.72],[-68.15,82.7],[-68.43,82.68],[-68.49,82.67],[-68.64,82.65],[-68.67,82.64],[-68.62,82.63],[-68.23,82.64],[-67.83,82.65],[-67.44,82.66],[-67.26,82.69],[-67.15,82.7],[-67.1,82.71],[-66.86,82.72],[-66.67,82.71],[-66.64,82.72],[-66.68,82.73],[-66.63,82.76],[-66.24,82.8],[-65.85,82.84],[-65.49,82.84],[-65.46,82.83],[-65.53,82.8],[-65.49,82.79],[-65.44,82.78],[-65.16,82.77],[-65.2,82.78],[-65.31,82.79],[-65.35,82.8],[-65.32,82.81],[-65.19,82.85],[-65.16,82.85],[-65.1,82.85],[-65.14,82.87],[-65.26,82.86],[-65.31,82.87],[-65.28,82.88],[-65.2,82.88],[-65.13,82.9],[-64.7,82.91],[-64.66,82.9],[-64.72,82.88],[-64.9,82.88],[-64.94,82.87],[-64.89,82.86],[-64.71,82.86],[-64.75,82.83],[-64.71,82.81],[-64.58,82.79],[-64.49,82.77],[-64.44,82.76],[-64.4,82.77],[-64.33,82.79],[-64.14,82.84],[-63.79,82.83],[-63.45,82.83],[-63.41,82.82],[-63.39,82.78],[-63.43,82.75],[-63.49,82.74],[-63.85,82.72],[-63.65,82.72],[-63.58,82.7],[-63.54,82.7],[-63.48,82.68],[-63.43,82.67],[-63.32,82.66],[-63.23,82.65],[-63.26,82.63],[-63.3,82.62],[-63.38,82.63],[-62.96,82.59],[-62.93,82.57],[-62.96,82.57],[-63.0,82.56],[-63.04,82.55],[-63.07,82.54],[-63.08,82.5],[-63.12,82.48],[-63.31,82.46],[-63.35,82.46],[-63.03,82.46],[-62.99,82.47],[-62.9,82.51],[-62.87,82.52],[-62.82,82.5],[-62.73,82.49],[-62.46,82.53],[-62.17,82.53],[-62.3,82.52],[-62.33,82.51],[-62.26,82.49],[-62.1,82.51],[-61.84,82.49],[-61.58,82.49],[-61.34,82.45],[-61.14,82.38],[-61.11,82.36],[-61.09,82.33]]],[[[-79.84,53.15],[-79.81,53.13],[-79.82,53.09],[-79.85,53.09],[-79.89,53.09],[-79.93,53.09],[-79.94,53.13],[-79.92,53.17],[-79.89,53.18],[-79.86,53.17]]],[[[-79.95,53.35],[-79.96,53.32],[-79.92,53.3],[-79.95,53.27],[-79.98,53.27],[-80.02,53.27],[-80.05,53.31],[-80.09,53.33],[-80.04,53.37],[-79.97,53.37],[-79.94,53.37]]],[[[-79.86,53.91],[-79.91,53.92],[-79.86,53.92]]],[[[-79.98,56.2],[-80.03,56.19],[-80.06,56.19],[-80.09,56.19],[-80.1,56.23],[-80.06,56.27],[-80.03,56.32],[-80.0,56.33],[-79.89,56.33],[-79.88,56.37],[-79.83,56.38],[-79.77,56.37],[-79.74,56.37],[-79.7,56.38],[-79.67,56.38],[-79.63,56.42],[-79.6,56.46],[-79.59,56.49],[-79.56,56.52],[-79.57,56.47],[-79.59,56.43],[-79.64,56.37],[-79.68,56.33],[-79.72,56.31],[-79.98,56.2]]],[[[-79.59,56.77],[-79.57,56.82],[-79.55,56.78],[-79.51,56.78],[-79.48,56.74],[-79.48,56.7],[-79.49,56.66],[-79.52,56.67],[-79.55,56.63],[-79.58,56.63],[-79.56,56.68],[-79.55,56.73],[-79.59,56.77]]],[[[-79.9,56.89],[-79.88,56.92],[-79.84,56.94],[-79.8,56.95],[-79.77,56.93],[-79.75,56.9],[-79.73,56.85],[-79.72,56.82],[-79.75,56.79],[-79.78,56.79],[-79.79,56.83],[-79.8,56.86],[-79.81,56.9],[-79.88,56.88]]],[[[-79.79,57.43],[-79.83,57.45],[-79.85,57.49],[-79.82,57.49],[-79.78,57.52],[-79.82,57.52],[-79.81,57.56],[-79.79,57.59],[-79.75,57.61],[-79.71,57.59],[-79.7,57.55],[-79.7,57.51],[-79.76,57.52],[-79.78,57.49],[-79.78,57.44]]],[[[-80.47,59.49],[-80.48,59.46],[-80.51,59.41],[-80.54,59.37],[-80.54,59.41],[-80.54,59.44],[-80.49,59.48]]],[[[-80.22,59.73],[-80.17,59.72],[-80.16,59.69],[-80.21,59.67],[-80.25,59.63],[-80.29,59.62],[-80.33,59.61],[-80.33,59.65],[-80.3,59.68],[-80.27,59.68],[-80.24,59.71]]],[[[-80.11,59.76],[-80.08,59.79],[-80.11,59.8],[-80.15,59.78],[-80.16,59.74],[-80.13,59.83],[-80.07,59.86],[-80.02,59.88],[-79.99,59.87],[-79.95,59.88],[-79.91,59.86],[-79.88,59.86],[-79.91,59.83],[-79.94,59.81],[-79.98,59.8],[-80.02,59.77],[-80.07,59.76],[-80.11,59.76]]],[[[-79.4,52.08],[-79.37,52.1],[-79.33,52.1],[-79.3,52.1],[-79.25,52.08],[-79.3,52.06],[-79.32,52.03],[-79.33,51.98],[-79.37,51.95],[-79.41,51.94],[-79.52,51.95],[-79.58,51.93],[-79.62,51.92],[-79.66,51.99],[-79.64,52.02],[-79.6,52.02],[-79.56,52.02],[-79.53,52.03],[-79.49,52.06],[-79.46,52.06],[-79.4,52.08]]],[[[-80.76,52.92],[-80.72,52.86],[-80.68,52.78],[-80.67,52.74],[-80.7,52.72],[-80.72,52.69],[-80.78,52.72],[-81.03,52.75],[-81.15,52.8],[-81.29,52.84],[-81.47,52.86],[-81.65,52.9],[-81.79,52.94],[-81.95,52.97],[-82.02,53.01],[-82.06,53.02],[-82.01,53.07],[-81.99,53.11],[-81.94,53.14],[-81.88,53.18],[-81.78,53.18],[-81.67,53.21],[-81.61,53.21],[-81.49,53.21],[-81.42,53.23],[-81.17,53.21],[-81.12,53.2],[-81.01,53.13],[-80.97,53.1],[-80.95,53.07],[-80.88,53.03],[-80.78,52.95]]],[[[-79.76,53.52],[-79.7,53.52],[-79.75,53.52]]],[[[-79.29,54.91],[-79.02,54.94],[-79.15,54.9],[-79.24,54.9],[-79.27,54.89],[-79.31,54.88],[-79.4,54.85],[-79.6,54.83],[-79.76,54.78],[-79.71,54.81],[-79.7,54.84],[-79.65,54.85],[-79.47,54.89],[-79.37,54.89],[-79.31,54.91]]],[[[-77.31,55.62],[-77.24,55.64],[-77.21,55.65],[-77.24,55.63],[-77.32,55.58],[-77.35,55.57],[-77.38,55.56],[-77.53,55.47],[-77.59,55.44],[-77.65,55.43],[-77.62,55.44],[-77.45,55.53],[-77.41,55.56],[-77.38,55.57],[-77.34,55.6],[-77.31,55.62]]],[[[-79.01,56.02],[-78.97,56.03],[-79.0,55.98],[-79.03,55.91],[-79.08,55.83],[-79.11,55.8],[-79.14,55.8],[-79.11,55.83],[-79.09,55.86],[-79.06,55.93],[-79.03,55.98],[-79.03,56.02],[-79.0,56.06],[-78.97,56.08],[-78.95,56.04],[-79.01,56.02]]],[[[-78.76,56.17],[-78.8,56.16],[-78.83,56.13],[-78.88,56.12],[-78.94,56.12],[-78.92,56.16],[-78.84,56.25],[-78.85,56.28],[-78.82,56.3],[-78.81,56.35],[-78.8,56.38],[-78.76,56.43],[-78.73,56.44],[-78.7,56.45],[-78.67,56.44],[-78.66,56.35],[-78.66,56.32],[-78.65,56.29],[-78.66,56.25],[-78.66,56.22],[-78.68,56.18],[-78.72,56.18],[-78.77,56.16]]],[[[-79.55,56.04],[-79.47,56.1],[-79.49,56.13],[-79.52,56.14],[-79.55,56.13],[-79.58,56.11],[-79.72,55.98],[-79.83,55.9],[-79.86,55.87],[-79.9,55.83],[-79.92,55.86],[-79.95,55.89],[-80.03,55.9],[-80.0,55.94],[-79.95,55.97],[-79.74,56.16],[-79.55,56.27],[-79.5,56.33],[-79.47,56.43],[-79.46,56.48],[-79.48,56.52],[-79.45,56.56],[-79.43,56.51],[-79.42,56.48],[-79.43,56.43],[-79.46,56.38],[-79.48,56.34],[-79.48,56.31],[-79.5,56.25],[-79.57,56.18],[-79.6,56.17],[-79.61,56.13],[-79.57,56.16],[-79.53,56.18],[-79.5,56.19],[-79.45,56.2],[-79.41,56.22],[-79.36,56.35],[-79.32,56.39],[-79.31,56.44],[-79.3,56.48],[-79.29,56.59],[-79.28,56.66],[-79.2,56.68],[-79.17,56.66],[-79.13,56.63],[-79.18,56.62],[-79.22,56.65],[-79.25,56.63],[-79.26,56.6],[-79.25,56.56],[-79.19,56.55],[-79.16,56.54],[-79.12,56.49],[-79.09,56.46],[-79.06,56.44],[-79.01,56.43],[-78.96,56.43],[-78.92,56.41],[-78.93,56.36],[-78.95,56.33],[-78.88,56.33],[-78.91,56.3],[-78.96,56.28],[-78.97,56.25],[-79.06,56.14],[-79.1,56.05],[-79.2,55.9],[-79.2,55.86],[-79.2,55.91],[-79.18,55.95],[-79.15,56.0],[-79.12,56.06],[-79.11,56.09],[-78.99,56.26],[-78.97,56.3],[-78.97,56.34],[-79.0,56.35],[-78.98,56.39],[-79.01,56.39],[-79.05,56.36],[-79.1,56.23],[-79.07,56.22],[-79.07,56.18],[-79.11,56.14],[-79.14,56.09],[-79.22,55.95],[-79.29,55.87],[-79.2,56.01],[-79.13,56.16],[-79.13,56.21],[-79.16,56.24],[-79.19,56.21],[-79.25,56.15],[-79.35,55.98],[-79.38,55.96],[-79.47,55.88],[-79.51,55.86],[-79.55,55.87],[-79.61,55.89],[-79.65,55.9],[-79.74,55.81],[-79.79,55.79],[-79.77,55.82],[-79.63,55.94],[-79.55,56.04]]],[[[-79.91,56.87],[-79.87,56.87],[-79.82,56.85],[-79.82,56.81],[-79.86,56.79],[-79.88,56.75],[-79.91,56.75],[-79.94,56.76],[-79.95,56.79],[-79.94,56.84],[-79.91,56.86]]],[[[-77.92,58.33],[-77.82,58.31],[-77.7,58.26],[-77.67,58.25],[-77.7,58.24],[-77.74,58.25],[-77.95,58.33],[-77.92,58.33]]],[[[-78.64,58.63],[-78.48,58.55],[-78.63,58.6],[-78.68,58.62],[-78.67,58.65],[-78.7,58.68],[-78.66,58.68],[-78.62,58.64]]],[[[-79.41,52.26],[-79.38,52.24],[-79.47,52.24],[-79.5,52.23],[-79.45,52.26],[-79.41,52.26]]],[[[-78.73,52.45],[-78.76,52.42],[-78.73,52.42],[-78.77,52.41],[-78.8,52.43],[-78.77,52.45],[-78.73,52.45]]],[[[-79.58,52.56],[-79.61,52.54],[-79.64,52.53],[-79.62,52.56],[-79.59,52.58]]],[[[-76.73,56.16],[-76.73,56.12],[-76.77,56.1],[-76.77,56.14],[-76.77,56.17],[-76.73,56.16]]],[[[-77.85,56.32],[-77.88,56.3],[-77.91,56.3],[-77.97,56.29],[-77.94,56.31],[-77.85,56.32]]],[[[-77.49,56.44],[-77.5,56.39],[-77.54,56.38],[-77.5,56.43]]],[[[-78.81,56.66],[-78.85,56.67],[-78.78,56.68],[-78.75,56.68],[-78.78,56.66],[-78.81,56.66]]],[[[-76.62,56.68],[-76.62,56.64],[-76.62,56.59],[-76.65,56.55],[-76.66,56.59],[-76.65,56.63],[-76.63,56.72],[-76.62,56.68]]],[[[-76.65,57.07],[-76.68,57.07],[-76.71,57.1],[-76.72,57.13],[-76.73,57.18],[-76.68,57.17],[-76.66,57.14],[-76.68,57.11],[-76.66,57.07]]],[[[-78.27,57.2],[-78.31,57.18],[-78.36,57.17],[-78.35,57.2],[-78.31,57.21],[-78.27,57.2]]],[[[-78.34,57.31],[-78.38,57.29],[-78.42,57.28],[-78.47,57.29],[-78.38,57.33],[-78.35,57.33]]],[[[-76.79,57.34],[-76.82,57.39],[-76.84,57.43],[-76.8,57.41],[-76.77,57.39],[-76.74,57.35],[-76.74,57.31],[-76.75,57.28],[-76.78,57.32]]],[[[-78.63,58.78],[-78.68,58.78],[-78.65,58.8]]],[[[-78.9,58.83],[-78.94,58.83],[-78.93,58.87],[-78.9,58.83]]],[[[-80.52,59.69],[-80.55,59.65],[-80.59,59.66],[-80.54,59.68]]],[[[-80.39,59.71],[-80.41,59.67],[-80.45,59.66],[-80.42,59.69]]],[[[-66.44,62.9],[-66.36,62.87],[-66.41,62.85],[-66.49,62.88],[-66.57,62.91],[-66.44,62.9]]],[[[-66.92,63.07],[-66.81,62.99],[-66.77,62.94],[-66.83,62.95],[-66.89,62.98],[-66.97,63.03],[-67.04,63.07],[-67.07,63.1],[-66.99,63.09],[-66.92,63.07]]],[[[-68.15,63.27],[-68.06,63.22],[-68.05,63.19],[-68.13,63.22],[-68.19,63.25],[-68.22,63.28],[-68.15,63.27]]],[[[-68.02,63.3],[-67.93,63.23],[-67.89,63.19],[-67.96,63.22],[-68.03,63.27],[-68.09,63.32],[-68.02,63.3]]],[[[-67.85,63.35],[-67.82,63.29],[-67.87,63.29],[-67.91,63.34],[-67.95,63.38],[-67.91,63.39],[-67.85,63.35]]],[[[-64.04,63.56],[-64.06,63.53],[-64.09,63.49],[-64.15,63.54],[-64.17,63.6],[-64.14,63.62],[-64.04,63.56]]],[[[-64.22,63.84],[-64.17,63.81],[-64.2,63.79],[-64.26,63.76],[-64.26,63.72],[-64.31,63.74],[-64.34,63.77],[-64.34,63.82],[-64.22,63.84]]],[[[-76.48,64.18],[-76.53,64.2],[-76.57,64.21],[-76.53,64.25],[-76.5,64.24],[-76.47,64.21]]],[[[-76.66,64.24],[-76.69,64.25],[-76.65,64.26],[-76.61,64.27],[-76.57,64.25],[-76.6,64.24],[-76.63,64.22],[-76.66,64.24]]],[[[-64.97,64.31],[-64.95,64.28],[-64.88,64.26],[-64.94,64.24],[-64.88,64.23],[-64.94,64.21],[-64.99,64.19],[-65.04,64.24],[-65.07,64.28],[-65.08,64.31],[-65.05,64.33],[-64.97,64.31]]],[[[-66.93,65.32],[-66.97,65.28],[-67.0,65.3],[-66.97,65.35],[-66.92,65.36],[-66.93,65.32]]],[[[-89.05,65.41],[-89.02,65.41],[-88.99,65.39],[-89.03,65.39],[-89.06,65.4],[-89.09,65.39],[-89.06,65.41]]],[[[-88.43,65.49],[-88.38,65.47],[-88.42,65.46],[-88.46,65.46],[-88.49,65.48],[-88.45,65.48]]],[[[-67.43,65.74],[-67.39,65.74],[-67.42,65.73],[-67.48,65.71],[-67.53,65.71],[-67.62,65.7],[-67.68,65.69],[-67.7,65.72],[-67.62,65.73],[-67.56,65.74],[-67.43,65.74]]],[[[-65.79,65.7],[-65.84,65.68],[-65.86,65.75],[-65.87,65.78],[-65.81,65.78],[-65.77,65.76],[-65.79,65.7]]],[[[-66.93,65.95],[-66.99,65.97],[-67.06,65.98],[-67.09,65.97],[-67.13,65.98],[-67.12,66.01],[-67.05,66.01],[-66.96,66.0],[-66.92,65.98],[-66.93,65.95]]],[[[-85.02,66.08],[-85.03,66.05],[-85.06,66.05],[-85.09,66.05],[-85.08,66.08],[-85.02,66.08]]],[[[-83.6,66.04],[-83.59,66.08],[-83.56,66.06],[-83.59,66.04]]],[[[-83.61,66.08],[-83.65,66.07],[-83.66,66.1],[-83.63,66.12],[-83.59,66.12],[-83.61,66.08]]],[[[-113.01,67.95],[-112.94,67.95],[-112.89,67.96],[-112.82,67.97],[-112.76,67.96],[-112.82,67.95],[-112.87,67.95],[-112.94,67.92],[-113.05,67.92],[-113.12,67.92],[-113.16,67.92],[-113.01,67.95]]],[[[-112.84,68.17],[-112.75,68.17],[-112.72,68.16],[-112.76,68.15],[-112.79,68.13],[-112.83,68.14],[-112.88,68.14],[-112.91,68.14],[-112.86,68.18]]],[[[-80.15,69.4],[-80.12,69.39],[-80.07,69.38],[-80.13,69.36],[-80.18,69.38],[-80.21,69.41],[-80.15,69.4]]],[[[-81.64,69.41],[-81.55,69.42],[-81.51,69.41],[-81.5,69.37],[-81.57,69.34],[-81.67,69.35],[-81.7,69.37],[-81.78,69.39],[-81.83,69.34],[-81.88,69.36],[-81.9,69.39],[-81.9,69.42],[-81.84,69.43],[-81.71,69.43],[-81.64,69.41]]],[[[-82.51,69.79],[-82.49,69.76],[-82.56,69.74],[-82.7,69.76],[-82.82,69.78],[-82.85,69.79],[-82.75,69.82],[-82.65,69.83],[-82.51,69.79]]]]}},{"type":"Feature","properties":{"code":"NL","name":"Newfoundland and Labrador"},"geometry":{"type":"MultiPolygon","coordinates":[[[[-64.53,60.3],[-64.46,60.29],[-64.38,60.25],[-64.43,60.24],[-64.5,60.27],[-64.59,60.29],[-64.64,60.29],[-64.68,60.28],[-64.76,60.24],[-64.73,60.23],[-64.65,60.26],[-64.62,60.27],[-64.56,60.27],[-64.49,60.24],[-64.46,60.24],[-64.54,60.19],[-64.5,60.18],[-64.46,60.2],[-64.42,60.22],[-64.39,60.22],[-64.43,60.2],[-64.39,60.18],[-64.4,60.15],[-64.5,60.11],[-64.46,60.09],[-64.49,60.08],[-64.57,60.08],[-64.63,60.07],[-64.66,60.06],[-64.81,60.01],[-64.81,59.98],[-64.59,60.06],[-64.56,60.06],[-64.5,60.06],[-64.45,60.07],[-64.42,60.1],[-64.38,60.13],[-64.37,60.1],[-64.4,60.09],[-64.37,60.04],[-64.39,60.01],[-64.42,60.01],[-64.54,60.01],[-64.49,60.0],[-64.42,59.99],[-64.39,59.96],[-64.42,59.93],[-64.5,59.91],[-64.44,59.92],[-64.38,59.92],[-64.36,59.96],[-64.32,59.99],[-64.25,59.99],[-64.22,60.0],[-64.26,60.0],[-64.3,60.01],[-64.33,60.03],[-64.33,60.06],[-64.3,60.05],[-64.22,60.05],[-64.18,60.03],[-64.16,60.0],[-64.27,59.96],[-64.3,59.94],[-64.23,59.94],[-64.2,59.93],[-64.19,59.9],[-64.23,59.88],[-64.26,59.88],[-64.22,59.87],[-64.18,59.88],[-64.14,59.92],[-64.14,59.89],[-64.16,59.86],[-64.17,59.83],[-64.18,59.8],[-64.26,59.79],[-64.26,59.76],[-64.21,59.72],[-64.18,59.69],[-64.15,59.68],[-64.04,59.68],[-63.96,59.69],[-63.94,59.66],[-63.99,59.65],[-64.03,59.64],[-64.06,59.62],[-64.07,59.57],[-64.12,59.53],[-64.06,59.55],[-64.04,59.58],[-64.03,59.61],[-63.97,59.62],[-63.89,59.62],[-63.86,59.61],[-63.88,59.58],[-63.93,59.57],[-63.98,59.53],[-63.94,59.54],[-63.87,59.57],[-63.77,59.55],[-63.74,59.53],[-63.76,59.48],[-63.79,59.43],[-64.0,59.42],[-64.03,59.41],[-64.07,59.4],[-64.03,59.38],[-64.0,59.39],[-63.96,59.39],[-63.81,59.37],[-63.77,59.39],[-63.74,59.36],[-63.71,59.37],[-63.74,59.31],[-63.77,59.26],[-63.83,59.25],[-63.77,59.25],[-63.73,59.27],[-63.7,59.33],[-63.67,59.34],[-63.64,59.37],[-63.55,59.35],[-63.53,59.31],[-63.53,59.28],[-63.61,59.23],[-63.64,59.22],[-63.61,59.22],[-63.57,59.22],[-63.54,59.22],[-63.48,59.27],[-63.42,59.29],[-63.39,59.29],[-63.41,59.26],[-63.45,59.24],[-63.46,59.21],[-63.42,59.21],[-63.37,59.22],[-63.38,59.18],[-63.43,59.13],[-63.47,59.11],[-63.52,59.11],[-63.56,59.08],[-63.66,59.07],[-63.72,59.06],[-63.75,59.05],[-63.78,59.06],[-63.82,59.07],[-63.96,59.08],[-64.0,59.06],[-64.03,59.04],[-63.97,59.04],[-63.89,59.06],[-63.92,59.03],[-63.91,58.99],[-63.88,58.96],[-63.87,59.0],[-63.85,59.04],[-63.81,59.05],[-63.78,59.03],[-63.74,59.02],[-63.66,59.04],[-63.62,59.04],[-63.54,59.04],[-63.51,59.06],[-63.46,59.07],[-63.42,59.07],[-63.39,59.1],[-63.35,59.1],[-63.29,59.09],[-63.25,59.08],[-63.21,59.06],[-63.16,59.06],[-63.16,59.03],[-63.34,59.03],[-63.25,59.01],[-63.22,59.01],[-63.27,58.98],[-63.31,58.94],[-63.28,58.95],[-63.24,58.98],[-63.2,58.99],[-63.17,58.96],[-63.23,58.95],[-63.19,58.94],[-63.19,58.91],[-63.24,58.88],[-63.33,58.86],[-63.28,58.85],[-63.23,58.86],[-63.18,58.86],[-63.15,58.87],[-63.18,58.84],[-63.15,58.83],[-63.12,58.85],[-63.09,58.89],[-63.05,58.9],[-63.01,58.9],[-63.05,58.87],[-62.93,58.82],[-62.91,58.78],[-63.03,58.72],[-62.95,58.7],[-62.92,58.71],[-62.87,58.72],[-62.85,58.67],[-62.87,58.64],[-62.91,58.64],[-62.94,58.6],[-63.08,58.56],[-63.12,58.53],[-63.15,58.52],[-63.28,58.51],[-63.31,58.51],[-63.37,58.5],[-63.41,58.51],[-63.44,58.52],[-63.47,58.49],[-63.5,58.48],[-63.39,58.49],[-63.34,58.48],[-63.39,58.43],[-63.44,58.39],[-63.49,58.38],[-63.53,58.35],[-63.58,58.32],[-63.55,58.31],[-63.49,58.34],[-63.42,58.37],[-63.26,58.47],[-63.14,58.48],[-63.09,58.46],[-63.13,58.41],[-63.17,58.38],[-63.08,58.44],[-63.03,58.44],[-62.98,58.44],[-62.94,58.47],[-62.91,58.47],[-62.85,58.48],[-62.81,58.49],[-62.78,58.5],[-62.79,58.46],[-62.76,58.48],[-62.72,58.49],[-62.62,58.51],[-62.58,58.5],[-62.61,58.46],[-62.65,58.41],[-62.62,58.37],[-62.62,58.32],[-62.71,58.29],[-62.86,58.27],[-62.89,58.24],[-62.91,58.21],[-62.86,58.24],[-62.83,58.25],[-62.8,58.25],[-62.7,58.25],[-62.67,58.26],[-62.62,58.26],[-62.58,58.24],[-62.61,58.21],[-62.64,58.19],[-62.75,58.17],[-62.82,58.18],[-63.08,58.16],[-63.03,58.14],[-63.2,58.07],[-63.15,58.06],[-63.17,58.03],[-63.26,58.01],[-63.29,58.01],[-63.32,58.0],[-63.14,58.0],[-63.1,58.01],[-63.1,58.04],[-63.07,58.07],[-63.04,58.08],[-62.99,58.09],[-62.96,58.12],[-62.93,58.13],[-62.89,58.14],[-62.85,58.15],[-62.82,58.12],[-62.77,58.13],[-62.73,58.13],[-62.68,58.13],[-62.65,58.12],[-62.6,58.15],[-62.56,58.15],[-62.53,58.15],[-62.47,58.18],[-62.47,58.15],[-62.52,58.11],[-62.51,58.07],[-62.47,58.11],[-62.4,58.11],[-62.43,58.09],[-62.39,58.07],[-62.36,58.06],[-62.31,58.05],[-62.37,58.01],[-62.42,58.0],[-62.48,58.01],[-62.51,58.01],[-62.66,57.95],[-62.59,57.96],[-62.56,57.97],[-62.49,57.98],[-62.44,57.97],[-62.43,57.93],[-62.43,57.88],[-62.4,57.87],[-62.39,57.9],[-62.38,57.95],[-62.34,57.98],[-62.33,57.93],[-62.3,57.92],[-62.28,57.96],[-62.24,57.94],[-62.2,57.93],[-62.16,57.97],[-62.12,57.97],[-62.08,57.95],[-62.07,57.91],[-62.09,57.87],[-62.13,57.85],[-62.12,57.82],[-62.08,57.79],[-62.03,57.79],[-61.96,57.74],[-61.95,57.71],[-61.91,57.67],[-61.89,57.62],[-61.97,57.61],[-62.04,57.6],[-62.08,57.58],[-62.09,57.54],[-62.16,57.53],[-62.24,57.54],[-62.27,57.54],[-62.33,57.47],[-62.37,57.46],[-62.42,57.48],[-62.52,57.51],[-62.52,57.48],[-62.47,57.46],[-62.41,57.45],[-62.32,57.43],[-62.28,57.45],[-62.21,57.45],[-62.18,57.47],[-62.14,57.46],[-62.03,57.46],[-61.9,57.42],[-61.82,57.38],[-61.93,57.37],[-61.89,57.35],[-61.88,57.32],[-61.87,57.29],[-61.93,57.26],[-62.02,57.26],[-61.99,57.24],[-61.96,57.22],[-61.91,57.22],[-61.87,57.19],[-61.81,57.19],[-61.78,57.18],[-61.78,57.15],[-61.65,57.23],[-61.62,57.23],[-61.68,57.18],[-61.68,57.15],[-61.53,57.16],[-61.47,57.16],[-61.42,57.14],[-61.38,57.12],[-61.38,57.07],[-61.36,57.03],[-61.36,56.99],[-61.41,56.98],[-61.47,56.98],[-61.5,56.98],[-61.54,56.96],[-61.57,56.92],[-61.61,56.9],[-61.65,56.87],[-61.66,56.81],[-61.69,56.81],[-61.73,56.81],[-61.76,56.79],[-61.81,56.79],[-61.86,56.79],[-61.89,56.81],[-61.9,56.76],[-61.9,56.72],[-61.86,56.74],[-61.82,56.76],[-61.75,56.75],[-61.72,56.74],[-61.69,56.73],[-61.73,56.7],[-61.76,56.7],[-61.81,56.71],[-61.79,56.68],[-61.75,56.68],[-61.72,56.67],[-61.67,56.66],[-61.69,56.62],[-61.74,56.63],[-61.87,56.64],[-61.9,56.64],[-61.93,56.65],[-61.9,56.67],[-61.93,56.68],[-61.98,56.66],[-62.04,56.67],[-62.12,56.7],[-62.24,56.72],[-62.35,56.75],[-62.48,56.78],[-62.31,56.82],[-62.27,56.83],[-62.23,56.82],[-62.04,56.83],[-62.09,56.84],[-62.34,56.85],[-62.38,56.83],[-62.42,56.83],[-62.48,56.85],[-62.51,56.85],[-62.55,56.83],[-62.59,56.8],[-62.41,56.75],[-62.36,56.72],[-62.28,56.71],[-62.25,56.7],[-62.17,56.68],[-62.1,56.65],[-62.01,56.63],[-61.96,56.64],[-61.93,56.63],[-62.24,56.63],[-62.02,56.59],[-61.92,56.59],[-61.87,56.59],[-61.78,56.57],[-61.74,56.58],[-61.7,56.56],[-61.66,56.54],[-61.67,56.5],[-61.71,56.5],[-61.76,56.49],[-61.98,56.51],[-62.04,56.51],[-62.09,56.49],[-62.06,56.48],[-62.02,56.49],[-61.99,56.49],[-61.95,56.48],[-62.01,56.45],[-62.1,56.46],[-62.15,56.46],[-62.1,56.43],[-61.98,56.42],[-61.93,56.44],[-61.84,56.41],[-61.81,56.4],[-61.85,56.39],[-61.78,56.36],[-61.75,56.34],[-61.72,56.32],[-61.67,56.33],[-61.64,56.33],[-61.6,56.29],[-61.63,56.28],[-61.77,56.31],[-61.82,56.3],[-61.66,56.28],[-61.75,56.26],[-61.8,56.26],[-61.83,56.27],[-61.79,56.27],[-61.83,56.3],[-61.91,56.3],[-61.95,56.29],[-62.0,56.3],[-62.04,56.31],[-62.08,56.3],[-62.05,56.27],[-62.0,56.26],[-61.94,56.22],[-61.91,56.22],[-61.85,56.23],[-61.8,56.22],[-61.76,56.23],[-61.72,56.21],[-61.69,56.22],[-61.6,56.22],[-61.56,56.2],[-61.43,56.21],[-61.4,56.22],[-61.37,56.23],[-61.34,56.18],[-61.39,56.17],[-61.4,56.14],[-61.36,56.15],[-61.35,56.12],[-61.43,56.08],[-61.46,56.06],[-61.43,56.05],[-61.4,56.05],[-61.34,56.06],[-61.29,56.06],[-61.26,56.06],[-61.23,56.04],[-61.28,56.05],[-61.31,56.04],[-61.27,56.03],[-61.4,56.03],[-61.47,56.03],[-61.5,56.01],[-61.47,56.01],[-61.38,56.0],[-61.42,55.99],[-61.46,56.0],[-61.42,55.97],[-61.35,55.97],[-61.26,55.97],[-61.2,55.95],[-61.14,55.97],[-61.1,55.95],[-61.07,55.93],[-61.08,55.89],[-61.14,55.9],[-61.17,55.9],[-61.17,55.87],[-61.12,55.86],[-61.07,55.85],[-60.95,55.87],[-60.9,55.86],[-60.78,55.86],[-60.75,55.85],[-60.74,55.8],[-60.82,55.76],[-60.87,55.75],[-60.95,55.76],[-60.92,55.74],[-60.86,55.74],[-60.77,55.74],[-60.73,55.75],[-60.67,55.79],[-60.65,55.83],[-60.62,55.83],[-60.63,55.78],[-60.61,55.75],[-60.61,55.71],[-60.63,55.68],[-60.64,55.65],[-60.65,55.61],[-60.68,55.59],[-60.68,55.56],[-60.63,55.61],[-60.6,55.63],[-60.57,55.69],[-60.55,55.73],[-60.53,55.77],[-60.49,55.81],[-60.46,55.8],[-60.42,55.78],[-60.38,55.78],[-60.34,55.78],[-60.39,55.72],[-60.39,55.68],[-60.42,55.68],[-60.45,55.67],[-60.49,55.66],[-60.53,55.62],[-60.5,55.61],[-60.47,55.63],[-60.43,55.63],[-60.4,55.61],[-60.41,55.55],[-60.45,55.5],[-60.4,55.53],[-60.35,55.58],[-60.34,55.55],[-60.3,55.53],[-60.33,55.52],[-60.37,55.49],[-60.45,55.45],[-60.45,55.41],[-60.48,55.35],[-60.44,55.37],[-60.41,55.4],[-60.38,55.45],[-60.35,55.48],[-60.3,55.49],[-60.33,55.48],[-60.36,55.45],[-60.33,55.46],[-60.29,55.43],[-60.29,55.48],[-60.25,55.5],[-60.22,55.5],[-60.21,55.47],[-60.19,55.43],[-60.23,55.43],[-60.27,55.42],[-60.36,55.39],[-60.38,55.35],[-60.41,55.31],[-60.43,55.28],[-60.47,55.3],[-60.5,55.27],[-60.53,55.23],[-60.61,55.17],[-60.57,55.18],[-60.49,55.23],[-60.46,55.24],[-60.42,55.23],[-60.38,55.26],[-60.41,55.21],[-60.45,55.2],[-60.48,55.17],[-60.5,55.13],[-60.54,55.11],[-60.61,55.09],[-60.65,55.06],[-60.67,55.03],[-60.69,55.0],[-60.61,55.04],[-60.57,55.07],[-60.54,55.09],[-60.49,55.1],[-60.46,55.15],[-60.43,55.17],[-60.39,55.16],[-60.29,55.23],[-60.25,55.25],[-60.21,55.25],[-60.17,55.28],[-60.17,55.24],[-60.19,55.19],[-60.13,55.24],[-60.09,55.25],[-60.05,55.27],[-60.08,55.22],[-60.18,55.12],[-60.22,55.11],[-60.25,55.09],[-60.28,55.05],[-60.2,55.09],[-60.11,55.13],[-60.08,55.17],[-60.04,55.22],[-60.0,55.24],[-59.94,55.24],[-59.91,55.24],[-59.9,55.27],[-59.87,55.29],[-59.82,55.32],[-59.78,55.33],[-59.76,55.3],[-59.73,55.29],[-59.72,55.25],[-59.76,55.22],[-59.8,55.18],[-59.85,55.16],[-59.89,55.15],[-59.93,55.16],[-59.96,55.16],[-59.96,55.12],[-59.92,55.15],[-59.87,55.15],[-59.8,55.11],[-59.77,55.14],[-59.74,55.15],[-59.68,55.15],[-59.64,55.13],[-59.61,55.14],[-59.56,55.17],[-59.54,55.2],[-59.5,55.21],[-59.5,55.17],[-59.47,55.15],[-59.44,55.15],[-59.45,55.12],[-59.49,55.1],[-59.51,55.07],[-59.54,55.05],[-59.63,55.0],[-59.68,54.99],[-59.72,54.97],[-59.73,54.94],[-59.76,54.92],[-59.8,54.91],[-59.83,54.89],[-59.85,54.84],[-59.82,54.85],[-59.84,54.81],[-59.95,54.76],[-59.92,54.74],[-59.88,54.76],[-59.84,54.77],[-59.79,54.79],[-59.8,54.85],[-59.79,54.88],[-59.75,54.9],[-59.7,54.91],[-59.63,54.95],[-59.45,55.06],[-59.41,55.06],[-59.41,55.03],[-59.36,55.1],[-59.31,55.15],[-59.29,55.18],[-59.25,55.22],[-59.21,55.21],[-59.22,55.17],[-59.19,55.19],[-59.16,55.24],[-59.13,55.21],[-59.14,55.15],[-59.18,55.13],[-59.23,55.11],[-59.26,55.09],[-59.29,55.05],[-59.32,55.05],[-59.39,55.0],[-59.35,55.01],[-59.3,55.02],[-59.26,55.03],[-59.24,55.07],[-59.18,55.1],[-59.15,55.07],[-59.15,55.1],[-59.11,55.13],[-59.1,55.1],[-59.07,55.13],[-59.03,55.16],[-59.0,55.13],[-58.97,55.14],[-58.96,55.11],[-58.97,55.08],[-59.03,55.02],[-59.0,55.02],[-58.97,55.0],[-58.94,54.98],[-58.91,54.97],[-58.91,54.94],[-58.95,54.94],[-59.02,54.9],[-58.97,54.89],[-58.94,54.9],[-58.91,54.92],[-58.91,54.89],[-58.91,54.85],[-58.83,54.84],[-58.77,54.85],[-58.76,54.82],[-58.73,54.84],[-58.68,54.82],[-58.65,54.81],[-58.6,54.8],[-58.52,54.8],[-58.56,54.78],[-58.52,54.78],[-58.44,54.78],[-58.42,54.74],[-58.39,54.76],[-58.39,54.8],[-58.2,54.8],[-58.19,54.76],[-58.14,54.74],[-58.02,54.74],[-57.99,54.72],[-57.96,54.74],[-57.86,54.74],[-57.79,54.69],[-57.75,54.69],[-57.73,54.66],[-57.69,54.64],[-57.61,54.64],[-57.58,54.64],[-57.49,54.66],[-57.45,54.65],[-57.43,54.62],[-57.4,54.59],[-57.35,54.59],[-57.39,54.56],[-57.42,54.56],[-57.38,54.54],[-57.39,54.5],[-57.44,54.49],[-57.66,54.49],[-57.71,54.48],[-57.48,54.47],[-57.42,54.46],[-57.46,54.46],[-57.5,54.46],[-57.53,54.45],[-57.57,54.41],[-57.63,54.38],[-57.68,54.38],[-57.77,54.39],[-57.82,54.38],[-57.86,54.38],[-57.9,54.39],[-58.19,54.36],[-58.24,54.32],[-58.14,54.33],[-58.1,54.33],[-58.16,54.31],[-58.21,54.3],[-58.25,54.29],[-58.25,54.25],[-58.32,54.25],[-58.47,54.23],[-58.56,54.21],[-58.68,54.16],[-58.73,54.15],[-58.88,54.15],[-59.0,54.12],[-59.13,54.11],[-59.19,54.09],[-59.23,54.08],[-59.27,54.07],[-59.4,54.05],[-59.52,54.06],[-59.56,54.06],[-59.53,54.03],[-59.44,54.02],[-59.3,54.02],[-59.12,54.05],[-58.96,54.07],[-58.82,54.12],[-58.77,54.13],[-58.7,54.12],[-58.65,54.15],[-58.57,54.18],[-58.54,54.19],[-58.5,54.19],[-58.46,54.2],[-58.41,54.23],[-58.37,54.23],[-58.41,54.21],[-58.45,54.16],[-58.5,54.14],[-58.54,54.12],[-58.56,54.08],[-58.6,54.06],[-58.63,54.04],[-58.71,54.03],[-58.86,54.05],[-59.04,54.03],[-58.92,54.02],[-58.96,53.98],[-59.0,53.96],[-59.03,53.95],[-59.1,53.95],[-59.13,53.95],[-59.22,53.93],[-59.27,53.91],[-59.35,53.89],[-59.43,53.84],[-59.47,53.83],[-59.53,53.82],[-59.64,53.82],[-59.79,53.85],[-59.84,53.84],[-59.88,53.82],[-59.83,53.82],[-59.82,53.79],[-59.9,53.8],[-60.0,53.78],[-60.04,53.77],[-60.08,53.76],[-60.13,53.78],[-60.08,53.74],[-60.04,53.72],[-60.07,53.71],[-60.1,53.68],[-60.11,53.65],[-60.1,53.6],[-60.07,53.55],[-60.1,53.55],[-60.13,53.53],[-60.15,53.56],[-60.18,53.57],[-60.23,53.57],[-60.27,53.6],[-60.34,53.63],[-60.39,53.67],[-60.44,53.68],[-60.5,53.71],[-60.69,53.74],[-60.74,53.76],[-60.8,53.77],[-60.85,53.82],[-60.88,53.83],[-60.86,53.8],[-60.88,53.76],[-60.92,53.74],[-60.92,53.71],[-60.84,53.73],[-60.81,53.73],[-60.72,53.71],[-60.64,53.7],[-60.44,53.65],[-60.41,53.62],[-60.36,53.61],[-60.28,53.56],[-60.25,53.55],[-60.18,53.54],[-60.1,53.5],[-60.07,53.51],[-60.04,53.48],[-60.04,53.44],[-60.08,53.46],[-60.11,53.46],[-60.2,53.44],[-60.29,53.4],[-60.33,53.39],[-60.37,53.35],[-60.41,53.37],[-60.26,53.34],[-60.2,53.35],[-60.21,53.32],[-60.28,53.3],[-60.35,53.28],[-60.42,53.28],[-60.3,53.27],[-60.25,53.28],[-60.19,53.3],[-60.15,53.3],[-60.1,53.28],[-60.09,53.31],[-60.14,53.32],[-60.1,53.34],[-60.06,53.35],[-60.03,53.36],[-59.99,53.39],[-59.94,53.42],[-59.91,53.45],[-59.87,53.45],[-59.87,53.49],[-59.83,53.48],[-59.78,53.48],[-59.81,53.49],[-59.86,53.5],[-59.89,53.53],[-59.86,53.54],[-59.75,53.52],[-59.61,53.53],[-59.56,53.55],[-59.53,53.55],[-59.49,53.57],[-59.45,53.6],[-59.39,53.63],[-59.34,53.65],[-59.32,53.69],[-59.27,53.67],[-59.23,53.69],[-59.19,53.68],[-59.15,53.67],[-59.09,53.68],[-59.07,53.72],[-59.03,53.72],[-59.05,53.76],[-59.07,53.8],[-59.0,53.83],[-58.89,53.89],[-58.86,53.93],[-58.75,53.95],[-58.66,53.97],[-58.53,54.02],[-58.32,54.05],[-58.29,54.07],[-58.24,54.06],[-58.16,54.09],[-57.82,54.07],[-57.85,54.1],[-57.95,54.1],[-58.04,54.13],[-58.15,54.14],[-58.18,54.14],[-58.23,54.13],[-58.27,54.11],[-58.31,54.09],[-58.4,54.13],[-58.39,54.18],[-58.33,54.21],[-58.25,54.21],[-58.23,54.24],[-58.11,54.23],[-58.07,54.24],[-58.04,54.24],[-58.01,54.24],[-57.97,54.22],[-57.94,54.21],[-57.9,54.21],[-57.86,54.2],[-57.83,54.2],[-57.77,54.21],[-57.7,54.2],[-57.6,54.19],[-57.57,54.18],[-57.53,54.17],[-57.47,54.2],[-57.43,54.18],[-57.39,54.15],[-57.36,54.14],[-57.37,54.11],[-57.34,54.07],[-57.29,54.0],[-57.26,53.98],[-57.23,53.96],[-57.18,53.96],[-57.14,53.93],[-57.18,53.94],[-57.22,53.93],[-57.22,53.9],[-57.18,53.87],[-57.14,53.84],[-57.11,53.84],[-57.08,53.82],[-57.12,53.83],[-57.11,53.8],[-57.15,53.78],[-57.12,53.75],[-57.15,53.74],[-57.2,53.72],[-57.26,53.71],[-57.34,53.67],[-57.46,53.65],[-57.52,53.63],[-57.55,53.59],[-57.5,53.6],[-57.45,53.63],[-57.42,53.6],[-57.38,53.61],[-57.34,53.59],[-57.34,53.54],[-57.3,53.52],[-57.32,53.47],[-57.36,53.45],[-57.32,53.45],[-57.28,53.44],[-57.29,53.47],[-57.16,53.54],[-57.15,53.57],[-57.14,53.61],[-57.1,53.63],[-57.07,53.64],[-57.07,53.67],[-57.04,53.69],[-57.01,53.71],[-56.98,53.73],[-56.92,53.73],[-56.89,53.72],[-56.86,53.72],[-56.83,53.73],[-56.8,53.72],[-56.76,53.73],[-56.72,53.75],[-56.64,53.72],[-56.6,53.71],[-56.63,53.74],[-56.62,53.77],[-56.56,53.77],[-56.53,53.78],[-56.48,53.79],[-56.44,53.77],[-56.44,53.74],[-56.41,53.73],[-56.49,53.72],[-56.54,53.71],[-56.58,53.7],[-56.61,53.68],[-56.73,53.69],[-56.63,53.66],[-56.6,53.65],[-56.43,53.62],[-56.4,53.62],[-56.37,53.63],[-56.31,53.63],[-56.28,53.62],[-56.33,53.6],[-56.25,53.58],[-56.22,53.59],[-56.18,53.6],[-56.14,53.59],[-56.06,53.58],[-55.98,53.55],[-56.0,53.51],[-56.04,53.52],[-56.07,53.55],[-56.2,53.56],[-56.24,53.56],[-56.05,53.48],[-56.03,53.43],[-55.97,53.41],[-56.01,53.39],[-56.04,53.37],[-56.01,53.37],[-55.97,53.39],[-55.92,53.4],[-55.86,53.37],[-55.89,53.35],[-55.84,53.35],[-55.9,53.32],[-55.84,53.31],[-55.81,53.28],[-55.85,53.26],[-55.81,53.23],[-55.77,53.26],[-55.78,53.22],[-55.81,53.21],[-55.84,53.21],[-55.8,53.18],[-55.75,53.15],[-55.81,53.11],[-55.86,53.1],[-55.92,53.12],[-55.95,53.12],[-55.92,53.11],[-55.88,53.09],[-55.89,53.05],[-55.93,53.03],[-55.96,53.02],[-56.03,53.04],[-56.06,53.04],[-56.17,53.04],[-56.14,53.03],[-56.08,53.02],[-56.12,52.99],[-56.06,53.0],[-55.94,52.99],[-55.9,52.98],[-55.89,52.94],[-55.86,52.94],[-55.83,52.92],[-55.81,52.88],[-55.8,52.84],[-55.83,52.83],[-55.87,52.83],[-55.91,52.82],[-55.96,52.82],[-56.0,52.8],[-55.93,52.8],[-55.98,52.78],[-56.03,52.78],[-56.06,52.8],[-56.14,52.82],[-56.14,52.79],[-56.11,52.78],[-56.06,52.77],[-56.02,52.73],[-55.99,52.71],[-55.95,52.68],[-55.89,52.69],[-55.8,52.69],[-55.76,52.66],[-55.79,52.6],[-55.82,52.61],[-55.88,52.61],[-55.93,52.64],[-56.05,52.66],[-56.1,52.66],[-56.05,52.65],[-55.99,52.63],[-56.03,52.59],[-55.99,52.56],[-56.02,52.55],[-56.07,52.57],[-56.12,52.57],[-56.22,52.54],[-56.27,52.56],[-56.36,52.58],[-56.43,52.58],[-56.47,52.6],[-56.5,52.6],[-56.45,52.57],[-56.35,52.57],[-56.29,52.54],[-56.16,52.54],[-56.12,52.55],[-56.08,52.54],[-56.05,52.55],[-56.0,52.52],[-55.91,52.51],[-55.83,52.52],[-55.84,52.49],[-55.77,52.5],[-55.74,52.49],[-55.76,52.45],[-55.73,52.45],[-55.68,52.45],[-55.65,52.44],[-55.66,52.4],[-55.65,52.37],[-55.69,52.36],[-55.72,52.37],[-55.81,52.39],[-55.77,52.36],[-55.85,52.35],[-55.92,52.37],[-55.98,52.38],[-56.17,52.44],[-56.2,52.45],[-56.17,52.42],[-56.12,52.4],[-56.03,52.39],[-55.99,52.38],[-55.95,52.35],[-55.82,52.33],[-55.86,52.31],[-55.82,52.31],[-55.79,52.3],[-55.75,52.28],[-55.72,52.29],[-55.76,52.27],[-55.79,52.25],[-55.73,52.25],[-55.69,52.25],[-55.62,52.22],[-55.66,52.21],[-55.71,52.22],[-55.75,52.22],[-55.72,52.19],[-55.69,52.19],[-55.7,52.16],[-55.68,52.11],[-55.71,52.09],[-55.74,52.09],[-55.77,52.09],[-55.76,52.06],[-55.79,52.03],[-55.86,52.01],[-55.89,52.01],[-55.94,52.02],[-55.97,52.02],[-55.91,51.98],[-55.92,51.94],[-56.02,51.9],[-56.08,51.87],[-56.12,51.86],[-56.17,51.83],[-56.21,51.8],[-56.26,51.78],[-56.34,51.78],[-56.38,51.75],[-56.44,51.74],[-56.48,51.71],[-56.58,51.66],[-56.67,51.65],[-56.69,51.61],[-56.74,51.57],[-56.78,51.54],[-56.8,51.51],[-56.83,51.49],[-56.86,51.48],[-56.9,51.48],[-56.93,51.5],[-56.95,51.47],[-56.95,51.43],[-56.99,51.42],[-57.03,51.42],[-57.07,51.43],[-57.1,51.42],[-57.1,51.48],[-57.1,51.54],[-57.1,51.6],[-57.1,51.64],[-57.1,51.72],[-57.1,51.79],[-57.1,51.87],[-57.1,51.94],[-57.1,52.0],[-57.13,52.0],[-57.23,52.0],[-57.34,52.0],[-57.45,52.0],[-57.56,52.0],[-57.81,52.0],[-57.93,52.0],[-58.06,52.0],[-58.31,52.0],[-58.55,52.0],[-58.8,52.0],[-59.05,52.0],[-59.3,52.0],[-59.55,52.0],[-59.85,52.0],[-60.16,52.0],[-60.46,52.0],[-60.77,52.0],[-61.07,52.0],[-61.37,52.0],[-61.68,52.0],[-61.98,52.0],[-62.19,52.0],[-62.39,52.0],[-62.59,52.0],[-62.79,52.0],[-63.0,52.0],[-63.2,52.0],[-63.3,52.0],[-63.4,52.0],[-63.61,52.0],[-63.64,52.0],[-63.67,52.0],[-63.71,52.0],[-63.74,52.0],[-63.77,52.01],[-63.81,52.04],[-63.82,52.07],[-63.79,52.07],[-63.76,52.06],[-63.71,52.05],[-63.67,52.04],[-63.64,52.04],[-63.65,52.07],[-63.67,52.1],[-63.68,52.14],[-63.69,52.19],[-63.71,52.23],[-63.74,52.25],[-63.78,52.29],[-63.77,52.34],[-63.81,52.34],[-63.86,52.34],[-63.91,52.34],[-63.97,52.35],[-64.0,52.37],[-64.03,52.4],[-64.05,52.44],[-64.08,52.45],[-64.07,52.49],[-64.04,52.52],[-64.0,52.56],[-63.97,52.57],[-63.93,52.59],[-63.88,52.61],[-63.84,52.62],[-63.81,52.62],[-63.76,52.62],[-63.71,52.63],[-63.66,52.63],[-63.61,52.64],[-63.58,52.64],[-63.53,52.64],[-63.5,52.65],[-63.46,52.64],[-63.41,52.64],[-63.38,52.67],[-63.41,52.7],[-63.44,52.72],[-63.48,52.73],[-63.52,52.74],[-63.58,52.77],[-63.61,52.79],[-63.6,52.82],[-63.61,52.86],[-63.65,52.84],[-63.67,52.81],[-63.72,52.78],[-63.79,52.77],[-64.0,52.73],[-64.06,52.73],[-64.11,52.72],[-64.17,52.68],[-64.16,52.64],[-64.16,52.6],[-64.19,52.57],[-64.16,52.53],[-64.14,52.49],[-64.14,52.46],[-64.13,52.43],[-64.13,52.39],[-64.14,52.36],[-64.17,52.32],[-64.21,52.3],[-64.21,52.22],[-64.18,52.16],[-64.17,52.11],[-64.21,52.13],[-64.25,52.11],[-64.26,52.08],[-64.27,52.04],[-64.25,52.01],[-64.23,51.98],[-64.28,51.97],[-64.34,52.01],[-64.36,51.97],[-64.34,51.87],[-64.33,51.82],[-64.29,51.78],[-64.28,51.74],[-64.32,51.7],[-64.34,51.67],[-64.41,51.65],[-64.44,51.64],[-64.48,51.61],[-64.53,51.59],[-64.58,51.61],[-64.6,51.64],[-64.65,51.69],[-64.69,51.72],[-64.77,51.76],[-64.86,51.77],[-64.92,51.76],[-64.92,51.73],[-64.96,51.72],[-64.99,51.74],[-65.03,51.76],[-65.08,51.75],[-65.13,51.76],[-65.18,51.77],[-65.18,51.82],[-65.22,51.83],[-65.25,51.85],[-65.28,51.87],[-65.32,51.85],[-65.34,51.82],[-65.36,51.85],[-65.39,51.9],[-65.36,51.95],[-65.41,51.98],[-65.46,52.03],[-65.48,52.07],[-65.5,52.1],[-65.53,52.06],[-65.55,52.03],[-65.61,52.03],[-65.66,51.99],[-65.68,52.03],[-65.66,52.06],[-65.66,52.09],[-65.7,52.1],[-65.73,52.09],[-65.76,52.09],[-65.79,52.1],[-65.87,52.1],[-65.9,52.08],[-65.94,52.09],[-65.97,52.07],[-66.03,52.08],[-66.09,52.09],[-66.08,52.17],[-66.12,52.2],[-66.16,52.21],[-66.2,52.22],[-66.21,52.25],[-66.25,52.29],[-66.28,52.31],[-66.29,52.25],[-66.28,52.22],[-66.26,52.16],[-66.3,52.13],[-66.35,52.13],[-66.38,52.16],[-66.41,52.22],[-66.45,52.25],[-66.47,52.31],[-66.44,52.38],[-66.39,52.37],[-66.35,52.36],[-66.36,52.44],[-66.38,52.47],[-66.38,52.5],[-66.37,52.54],[-66.41,52.59],[-66.4,52.65],[-66.37,52.67],[-66.31,52.61],[-66.29,52.64],[-66.33,52.74],[-66.38,52.8],[-66.4,52.84],[-66.35,52.86],[-66.31,52.84],[-66.29,52.9],[-66.32,52.94],[-66.36,53.0],[-66.43,53.04],[-66.46,53.0],[-66.51,52.96],[-66.55,52.94],[-66.6,52.94],[-66.65,52.89],[-66.65,52.83],[-66.66,52.8],[-66.71,52.77],[-66.75,52.78],[-66.76,52.71],[-66.77,52.68],[-66.81,52.69],[-66.82,52.72],[-66.85,52.73],[-66.86,52.69],[-66.87,52.66],[-66.91,52.7],[-66.95,52.74],[-66.99,52.76],[-67.04,52.78],[-67.05,52.81],[-67.06,52.87],[-67.1,52.87],[-67.13,52.86],[-67.16,52.82],[-67.2,52.83],[-67.26,52.86],[-67.3,52.87],[-67.35,52.92],[-67.34,52.98],[-67.37,53.02],[-67.39,53.11],[-67.36,53.13],[-67.33,53.13],[-67.3,53.16],[-67.24,53.17],[-67.21,53.15],[-67.17,53.15],[-67.12,53.12],[-67.09,53.12],[-67.05,53.12],[-67.05,53.07],[-67.0,53.08],[-66.98,53.11],[-66.98,53.14],[-66.99,53.17],[-66.97,53.24],[-66.96,53.29],[-67.0,53.33],[-66.99,53.38],[-66.96,53.39],[-66.89,53.41],[-66.92,53.44],[-66.98,53.48],[-67.03,53.51],[-67.11,53.53],[-67.19,53.54],[-67.32,53.57],[-67.4,53.64],[-67.41,53.69],[-67.45,53.71],[-67.51,53.73],[-67.53,53.76],[-67.57,53.77],[-67.51,53.81],[-67.56,53.85],[-67.6,53.89],[-67.62,53.92],[-67.67,53.94],[-67.71,53.97],[-67.75,53.98],[-67.78,54.01],[-67.81,54.03],[-67.8,54.06],[-67.79,54.1],[-67.77,54.13],[-67.74,54.15],[-67.7,54.15],[-67.67,54.17],[-67.64,54.19],[-67.64,54.23],[-67.67,54.26],[-67.69,54.31],[-67.75,54.34],[-67.75,54.38],[-67.75,54.43],[-67.7,54.45],[-67.67,54.46],[-67.63,54.48],[-67.55,54.48],[-67.51,54.49],[-67.5,54.54],[-67.52,54.57],[-67.43,54.57],[-67.4,54.55],[-67.34,54.51],[-67.27,54.48],[-67.23,54.52],[-67.26,54.57],[-67.19,54.61],[-67.15,54.62],[-67.12,54.65],[-67.09,54.68],[-67.09,54.73],[-67.17,54.78],[-67.26,54.84],[-67.32,54.89],[-67.38,54.95],[-67.42,55.0],[-67.44,55.03],[-67.41,55.08],[-67.38,55.09],[-67.33,55.08],[-67.29,55.07],[-67.3,55.03],[-67.27,55.0],[-67.23,54.99],[-67.2,54.97],[-67.17,54.96],[-67.14,54.94],[-67.11,54.92],[-67.07,54.91],[-67.02,54.88],[-67.0,54.85],[-66.97,54.81],[-66.94,54.8],[-66.9,54.79],[-66.87,54.78],[-66.83,54.76],[-66.79,54.75],[-66.74,54.73],[-66.7,54.74],[-66.72,54.78],[-66.68,54.78],[-66.64,54.78],[-66.61,54.8],[-66.64,54.85],[-66.69,54.9],[-66.73,54.94],[-66.7,54.97],[-66.66,54.98],[-66.68,55.01],[-66.72,55.04],[-66.74,55.08],[-66.76,55.11],[-66.75,55.15],[-66.72,55.19],[-66.69,55.19],[-66.7,55.22],[-66.73,55.24],[-66.76,55.26],[-66.81,55.29],[-66.84,55.33],[-66.8,55.34],[-66.77,55.34],[-66.73,55.33],[-66.7,55.31],[-66.69,55.28],[-66.65,55.25],[-66.62,55.26],[-66.59,55.26],[-66.56,55.24],[-66.51,55.19],[-66.47,55.15],[-66.43,55.14],[-66.39,55.11],[-66.34,55.07],[-66.3,55.03],[-66.25,55.0],[-66.2,54.98],[-66.16,54.97],[-66.13,54.97],[-66.1,54.94],[-66.06,54.92],[-66.02,54.92],[-65.99,54.93],[-65.95,54.93],[-65.91,54.92],[-65.87,54.91],[-65.85,54.86],[-65.82,54.82],[-65.76,54.78],[-65.73,54.76],[-65.7,54.72],[-65.66,54.72],[-65.63,54.75],[-65.57,54.74],[-65.48,54.73],[-65.45,54.75],[-65.45,54.78],[-65.48,54.82],[-65.43,54.83],[-65.4,54.82],[-65.35,54.83],[-65.32,54.84],[-65.27,54.84],[-65.22,54.85],[-65.19,54.88],[-65.16,54.93],[-65.1,54.96],[-65.05,54.95],[-65.0,54.94],[-64.94,54.93],[-64.87,54.89],[-64.85,54.85],[-64.81,54.84],[-64.78,54.83],[-64.77,54.79],[-64.77,54.75],[-64.71,54.73],[-64.67,54.74],[-64.63,54.73],[-64.58,54.73],[-64.54,54.74],[-64.5,54.76],[-64.46,54.79],[-64.39,54.79],[-64.31,54.77],[-64.24,54.73],[-64.18,54.71],[-64.14,54.67],[-64.11,54.63],[-64.05,54.61],[-63.97,54.61],[-63.9,54.6],[-63.86,54.63],[-63.8,54.64],[-63.74,54.62],[-63.73,54.65],[-63.76,54.68],[-63.79,54.71],[-63.87,54.75],[-63.9,54.76],[-63.88,54.8],[-63.84,54.81],[-63.84,54.85],[-63.85,54.88],[-63.82,54.92],[-63.77,54.94],[-63.74,54.93],[-63.69,54.92],[-63.66,54.9],[-63.61,54.9],[-63.6,54.94],[-63.58,54.98],[-63.58,55.02],[-63.6,55.07],[-63.59,55.12],[-63.57,55.16],[-63.53,55.19],[-63.5,55.2],[-63.45,55.2],[-63.42,55.22],[-63.41,55.25],[-63.46,55.25],[-63.5,55.24],[-63.55,55.23],[-63.59,55.23],[-63.65,55.24],[-63.66,55.27],[-63.6,55.3],[-63.57,55.3],[-63.54,55.31],[-63.58,55.33],[-63.55,55.35],[-63.49,55.35],[-63.46,55.34],[-63.38,55.36],[-63.34,55.36],[-63.33,55.39],[-63.36,55.41],[-63.39,55.4],[-63.46,55.42],[-63.51,55.42],[-63.58,55.42],[-63.64,55.43],[-63.74,55.44],[-63.77,55.46],[-63.74,55.49],[-63.71,55.5],[-63.67,55.56],[-63.67,55.6],[-63.68,55.65],[-63.73,55.65],[-63.73,55.69],[-63.7,55.73],[-63.7,55.78],[-63.74,55.79],[-63.77,55.83],[-63.83,55.87],[-63.84,55.91],[-63.81,55.92],[-63.76,55.93],[-63.73,55.94],[-63.69,55.94],[-63.64,55.96],[-63.61,55.98],[-63.57,55.99],[-63.54,56.0],[-63.5,56.0],[-63.45,56.01],[-63.49,56.03],[-63.53,56.02],[-63.57,56.02],[-63.61,56.02],[-63.65,56.03],[-63.7,56.05],[-63.74,56.05],[-63.77,56.04],[-63.83,56.05],[-63.86,56.07],[-63.86,56.1],[-63.9,56.11],[-63.94,56.1],[-63.98,56.08],[-64.01,56.07],[-64.02,56.11],[-64.02,56.14],[-63.99,56.17],[-63.96,56.18],[-63.92,56.18],[-63.89,56.19],[-63.88,56.22],[-63.94,56.25],[-63.99,56.26],[-64.04,56.26],[-64.09,56.26],[-64.12,56.29],[-64.11,56.32],[-64.11,56.35],[-64.11,56.38],[-64.15,56.41],[-64.15,56.44],[-64.06,56.42],[-64.01,56.42],[-63.96,56.42],[-63.91,56.43],[-63.89,56.46],[-63.93,56.47],[-63.95,56.5],[-63.94,56.55],[-63.97,56.57],[-64.0,56.58],[-64.04,56.63],[-64.08,56.66],[-64.11,56.67],[-64.13,56.71],[-64.1,56.75],[-64.06,56.77],[-64.02,56.78],[-64.0,56.81],[-64.01,56.84],[-63.97,56.87],[-63.94,56.88],[-63.9,56.87],[-63.87,56.89],[-63.9,56.91],[-63.92,56.94],[-63.9,56.98],[-63.88,57.01],[-63.88,57.06],[-63.85,57.08],[-63.82,57.09],[-63.78,57.13],[-63.79,57.17],[-63.77,57.2],[-63.74,57.23],[-63.77,57.26],[-63.82,57.27],[-63.84,57.22],[-63.85,57.19],[-63.88,57.23],[-63.86,57.27],[-63.84,57.32],[-63.81,57.34],[-63.77,57.36],[-63.74,57.36],[-63.71,57.39],[-63.76,57.44],[-63.76,57.49],[-63.76,57.54],[-63.76,57.59],[-63.73,57.6],[-63.67,57.62],[-63.64,57.64],[-63.6,57.68],[-63.58,57.71],[-63.63,57.74],[-63.66,57.71],[-63.67,57.68],[-63.7,57.66],[-63.74,57.7],[-63.77,57.73],[-63.8,57.69],[-63.84,57.72],[-63.88,57.73],[-63.91,57.77],[-63.94,57.8],[-63.98,57.81],[-64.01,57.81],[-64.05,57.77],[-64.09,57.81],[-64.13,57.86],[-64.15,57.9],[-64.18,57.94],[-64.21,57.98],[-64.21,58.03],[-64.26,58.05],[-64.31,58.06],[-64.35,58.07],[-64.4,58.06],[-64.43,58.07],[-64.43,58.1],[-64.41,58.15],[-64.39,58.19],[-64.35,58.21],[-64.3,58.21],[-64.26,58.22],[-64.22,58.23],[-64.19,58.28],[-64.18,58.31],[-64.16,58.35],[-64.13,58.36],[-64.08,58.37],[-64.05,58.37],[-64.02,58.4],[-63.98,58.43],[-63.94,58.44],[-63.9,58.43],[-63.86,58.44],[-63.83,58.46],[-63.82,58.49],[-63.86,58.53],[-63.89,58.57],[-63.92,58.56],[-63.95,58.54],[-64.01,58.53],[-64.05,58.53],[-64.08,58.55],[-64.1,58.59],[-64.09,58.64],[-64.06,58.67],[-64.03,58.68],[-63.99,58.68],[-63.95,58.68],[-63.92,58.69],[-63.88,58.7],[-63.84,58.7],[-63.8,58.7],[-63.74,58.7],[-63.69,58.71],[-63.63,58.71],[-63.57,58.72],[-63.53,58.72],[-63.5,58.74],[-63.51,58.79],[-63.54,58.81],[-63.57,58.84],[-63.62,58.85],[-63.66,58.86],[-63.69,58.87],[-63.73,58.88],[-63.76,58.88],[-63.79,58.87],[-63.83,58.84],[-63.87,58.83],[-63.92,58.83],[-63.98,58.82],[-64.02,58.81],[-64.06,58.79],[-64.09,58.77],[-64.13,58.75],[-64.16,58.75],[-64.19,58.76],[-64.22,58.77],[-64.26,58.78],[-64.27,58.81],[-64.26,58.84],[-64.28,58.88],[-64.31,58.88],[-64.35,58.89],[-64.38,58.88],[-64.42,58.89],[-64.45,58.89],[-64.5,58.89],[-64.54,58.89],[-64.61,58.9],[-64.64,58.91],[-64.67,58.93],[-64.7,58.94],[-64.73,58.94],[-64.76,58.93],[-64.79,58.91],[-64.84,58.91],[-64.88,58.93],[-64.84,58.96],[-64.86,59.0],[-64.83,59.03],[-64.79,59.05],[-64.75,59.07],[-64.72,59.07],[-64.68,59.05],[-64.64,59.02],[-64.6,59.02],[-64.56,59.01],[-64.52,59.0],[-64.48,59.0],[-64.44,58.98],[-64.41,58.98],[-64.36,58.99],[-64.32,58.99],[-64.3,59.03],[-64.35,59.07],[-64.39,59.08],[-64.42,59.08],[-64.47,59.09],[-64.49,59.13],[-64.5,59.17],[-64.53,59.2],[-64.51,59.24],[-64.53,59.28],[-64.52,59.32],[-64.52,59.36],[-64.49,59.39],[-64.5,59.43],[-64.46,59.45],[-64.41,59.47],[-64.37,59.48],[-64.35,59.51],[-64.38,59.52],[-64.41,59.53],[-64.45,59.53],[-64.48,59.52],[-64.52,59.5],[-64.55,59.49],[-64.58,59.48],[-64.61,59.47],[-64.64,59.46],[-64.67,59.45],[-64.7,59.45],[-64.73,59.46],[-64.76,59.47],[-64.77,59.51],[-64.83,59.53],[-64.89,59.56],[-64.9,59.6],[-64.9,59.64],[-64.87,59.67],[-64.83,59.68],[-64.77,59.7],[-64.79,59.74],[-64.81,59.78],[-64.81,59.82],[-64.78,59.83],[-64.74,59.85],[-64.77,59.88],[-64.74,59.89],[-64.7,59.88],[-64.67,59.88],[-64.65,59.92],[-64.69,59.95],[-64.72,59.95],[-64.75,59.96],[-64.78,59.97],[-64.81,59.97],[-64.84,59.96],[-64.87,60.0],[-64.9,60.04],[-64.86,60.05],[-64.82,60.04],[-64.78,60.04],[-64.73,60.06],[-64.7,60.08],[-64.73,60.09],[-64.7,60.11],[-64.67,60.11],[-64.64,60.11],[-64.6,60.11],[-64.64,60.17],[-64.67,60.18],[-64.71,60.18],[-64.75,60.17],[-64.81,60.2],[-64.84,60.22],[-64.84,60.26],[-64.81,60.28],[-64.76,60.29],[-64.73,60.29],[-64.7,60.29],[-64.65,60.29],[-64.6,60.3],[-64.56,60.3],[-64.53,60.3]]],[[[-55.88,47.27],[-55.93,47.27],[-55.89,47.29],[-55.86,47.29],[-55.87,47.25]]],[[[-54.12,47.64],[-54.15,47.59],[-54.16,47.56],[-54.16,47.53],[-54.24,47.41],[-54.35,47.4],[-54.26,47.49],[-54.22,47.54],[-54.25,47.55],[-54.18,47.62],[-54.13,47.66]]],[[[-55.93,47.68],[-55.92,47.64],[-55.88,47.62],[-55.93,47.6],[-55.96,47.61],[-56.04,47.62],[-56.1,47.63],[-56.08,47.67],[-55.97,47.69],[-55.94,47.69]]],[[[-54.1,47.62],[-54.08,47.67],[-54.06,47.64],[-54.08,47.6],[-54.08,47.57],[-54.06,47.54],[-54.07,47.51],[-54.08,47.48],[-54.1,47.51],[-54.09,47.55],[-54.1,47.62]]],[[[-53.57,48.19],[-53.54,48.21],[-53.53,48.18],[-53.52,48.14],[-53.55,48.11],[-53.57,48.08],[-53.62,48.08],[-53.72,48.1],[-53.81,48.1],[-53.88,48.11],[-53.91,48.16],[-53.93,48.21],[-53.9,48.2],[-53.86,48.18],[-53.77,48.18],[-53.7,48.15],[-53.65,48.16],[-53.57,48.19]]],[[[-54.66,49.47],[-54.68,49.44],[-54.71,49.41],[-54.75,49.42],[-54.75,49.45],[-54.7,49.47],[-54.66,49.49]]],[[[-55.73,49.56],[-55.66,49.56],[-55.68,49.52],[-55.71,49.51],[-55.74,49.54]]],[[[-55.58,49.61],[-55.64,49.59],[-55.67,49.57],[-55.71,49.57],[-55.71,49.6],[-55.67,49.64],[-55.64,49.62],[-55.6,49.6]]],[[[-54.88,49.56],[-54.88,49.6],[-54.85,49.59],[-54.82,49.6],[-54.78,49.6],[-54.8,49.56],[-54.75,49.55],[-54.69,49.57],[-54.66,49.61],[-54.61,49.62],[-54.56,49.65],[-54.53,49.62],[-54.55,49.58],[-54.61,49.56],[-54.7,49.54],[-54.74,49.52],[-54.78,49.5],[-54.83,49.49],[-54.88,49.49],[-54.83,49.51],[-54.86,49.55]]],[[[-54.28,49.58],[-54.3,49.62],[-54.3,49.65],[-54.29,49.68],[-54.25,49.68],[-54.28,49.7],[-54.24,49.73],[-54.2,49.71],[-54.19,49.68],[-54.19,49.72],[-54.15,49.73],[-54.11,49.75],[-54.08,49.73],[-54.04,49.72],[-54.03,49.68],[-54.0,49.66],[-54.03,49.66],[-54.09,49.63],[-54.17,49.61],[-54.21,49.6],[-54.26,49.57]]],[[[-55.51,50.81],[-55.47,50.8],[-55.5,50.75],[-55.58,50.7],[-55.62,50.71],[-55.62,50.76],[-55.61,50.8],[-55.58,50.78],[-55.53,50.79]]],[[[-55.53,50.97],[-55.57,50.94],[-55.55,50.89],[-55.59,50.9],[-55.61,50.93],[-55.63,50.97],[-55.6,50.97],[-55.56,50.99],[-55.53,50.97]]],[[[-52.63,47.53],[-52.63,47.49],[-52.69,47.46],[-52.66,47.45],[-52.66,47.42],[-52.7,47.39],[-52.73,47.33],[-52.79,47.31],[-52.78,47.28],[-52.81,47.27],[-52.82,47.22],[-52.84,47.18],[-52.85,47.13],[-52.87,47.1],[-52.92,47.09],[-52.89,47.08],[-52.85,47.07],[-52.87,47.04],[-52.89,47.01],[-52.88,46.98],[-52.91,46.91],[-52.93,46.87],[-52.93,46.83],[-52.94,46.8],[-52.98,46.76],[-53.01,46.75],[-53.07,46.67],[-53.14,46.63],[-53.18,46.63],[-53.21,46.64],[-53.25,46.68],[-53.27,46.71],[-53.27,46.74],[-53.32,46.69],[-53.35,46.72],[-53.39,46.68],[-53.36,46.74],[-53.39,46.72],[-53.42,46.7],[-53.45,46.66],[-53.52,46.63],[-53.59,46.63],[-53.63,46.69],[-53.62,46.74],[-53.6,46.78],[-53.56,46.85],[-53.54,46.88],[-53.5,46.89],[-53.53,46.89],[-53.61,46.81],[-53.64,46.8],[-53.64,46.83],[-53.61,46.87],[-53.61,46.9],[-53.55,46.93],[-53.52,46.96],[-53.57,46.94],[-53.57,46.98],[-53.61,46.95],[-53.6,46.99],[-53.64,46.99],[-53.61,47.04],[-53.58,47.06],[-53.56,47.1],[-53.51,47.12],[-53.53,47.16],[-53.56,47.16],[-53.56,47.19],[-53.59,47.15],[-53.62,47.12],[-53.65,47.11],[-53.64,47.14],[-53.68,47.09],[-53.7,47.06],[-53.76,47.04],[-53.82,46.96],[-53.86,46.95],[-53.88,46.92],[-53.91,46.89],[-53.94,46.87],[-53.99,46.85],[-54.03,46.82],[-54.07,46.81],[-54.11,46.81],[-54.17,46.82],[-54.2,46.86],[-54.2,46.89],[-54.19,46.93],[-54.16,46.96],[-54.16,47.0],[-54.11,47.04],[-54.04,47.18],[-54.02,47.22],[-53.95,47.23],[-53.99,47.26],[-54.0,47.3],[-53.97,47.31],[-53.94,47.31],[-53.9,47.34],[-53.89,47.39],[-53.85,47.41],[-53.81,47.42],[-53.85,47.44],[-53.9,47.43],[-53.91,47.47],[-53.89,47.52],[-53.89,47.58],[-53.9,47.62],[-53.93,47.63],[-53.94,47.67],[-53.97,47.74],[-54.0,47.77],[-54.01,47.81],[-54.04,47.8],[-54.07,47.82],[-54.08,47.86],[-54.13,47.83],[-54.16,47.86],[-54.21,47.88],[-54.27,47.9],[-54.23,47.88],[-54.19,47.85],[-54.22,47.77],[-54.25,47.73],[-54.28,47.7],[-54.31,47.7],[-54.32,47.67],[-54.35,47.62],[-54.4,47.56],[-54.41,47.53],[-54.46,47.5],[-54.42,47.47],[-54.44,47.43],[-54.47,47.45],[-54.5,47.42],[-54.47,47.4],[-54.51,47.38],[-54.58,47.36],[-54.61,47.35],[-54.58,47.4],[-54.44,47.56],[-54.41,47.6],[-54.47,47.55],[-54.5,47.53],[-54.54,47.47],[-54.6,47.41],[-54.66,47.39],[-54.7,47.39],[-54.73,47.36],[-54.77,47.37],[-54.82,47.37],[-54.78,47.41],[-54.83,47.38],[-54.82,47.42],[-54.87,47.38],[-54.91,47.35],[-54.93,47.31],[-54.97,47.29],[-55.03,47.24],[-55.02,47.21],[-55.03,47.17],[-55.07,47.16],[-55.07,47.2],[-55.11,47.2],[-55.14,47.17],[-55.1,47.17],[-55.09,47.14],[-55.07,47.09],[-55.1,47.08],[-55.13,47.05],[-55.17,47.02],[-55.17,47.06],[-55.2,47.07],[-55.19,47.03],[-55.19,47.0],[-55.23,46.96],[-55.25,46.92],[-55.28,46.91],[-55.31,46.9],[-55.36,46.91],[-55.38,46.87],[-55.42,46.87],[-55.45,46.88],[-55.47,46.93],[-55.51,46.92],[-55.54,46.92],[-55.58,46.91],[-55.62,46.88],[-55.65,46.87],[-55.72,46.87],[-55.78,46.87],[-55.83,46.87],[-55.91,46.89],[-55.95,46.9],[-55.99,46.95],[-55.96,46.99],[-55.93,47.02],[-55.89,47.06],[-55.85,47.08],[-55.82,47.08],[-55.78,47.1],[-55.74,47.11],[-55.68,47.1],[-55.65,47.11],[-55.58,47.12],[-55.52,47.13],[-55.48,47.15],[-55.45,47.18],[-55.4,47.22],[-55.37,47.23],[-55.32,47.26],[-55.29,47.29],[-55.29,47.32],[-55.27,47.36],[-55.26,47.4],[-55.18,47.46],[-55.13,47.47],[-55.06,47.48],[-55.03,47.49],[-55.0,47.5],[-54.96,47.51],[-54.91,47.53],[-54.85,47.56],[-54.84,47.59],[-54.88,47.58],[-54.85,47.61],[-54.78,47.64],[-54.75,47.65],[-54.72,47.66],[-54.75,47.67],[-54.83,47.64],[-54.89,47.62],[-54.96,47.61],[-55.07,47.6],[-55.05,47.64],[-55.02,47.69],[-54.95,47.75],[-54.94,47.79],[-54.98,47.75],[-55.06,47.66],[-55.1,47.62],[-55.13,47.58],[-55.14,47.63],[-55.17,47.64],[-55.23,47.66],[-55.26,47.66],[-55.31,47.66],[-55.36,47.65],[-55.38,47.68],[-55.36,47.72],[-55.4,47.7],[-55.43,47.68],[-55.46,47.64],[-55.43,47.63],[-55.4,47.62],[-55.43,47.59],[-55.39,47.6],[-55.42,47.53],[-55.41,47.5],[-55.44,47.47],[-55.52,47.46],[-55.56,47.44],[-55.58,47.41],[-55.6,47.44],[-55.64,47.44],[-55.61,47.5],[-55.6,47.53],[-55.64,47.55],[-55.64,47.51],[-55.68,47.49],[-55.71,47.49],[-55.75,47.46],[-55.77,47.5],[-55.75,47.54],[-55.79,47.51],[-55.81,47.46],[-55.84,47.47],[-55.89,47.46],[-55.84,47.51],[-55.77,47.57],[-55.82,47.56],[-55.85,47.56],[-55.88,47.53],[-55.93,47.52],[-55.97,47.51],[-56.02,47.5],[-56.11,47.47],[-56.16,47.49],[-56.15,47.52],[-56.05,47.54],[-55.94,47.57],[-55.9,47.58],[-55.86,47.6],[-55.83,47.6],[-55.79,47.62],[-55.74,47.64],[-55.7,47.65],[-55.63,47.68],[-55.68,47.68],[-55.73,47.66],[-55.81,47.63],[-55.84,47.62],[-55.89,47.64],[-55.92,47.68],[-55.83,47.74],[-55.82,47.77],[-55.82,47.82],[-55.79,47.86],[-55.78,47.9],[-55.74,47.92],[-55.76,47.95],[-55.8,47.91],[-55.83,47.9],[-55.84,47.86],[-55.85,47.81],[-55.89,47.78],[-55.97,47.76],[-56.01,47.74],[-56.05,47.71],[-56.1,47.7],[-56.09,47.74],[-56.06,47.78],[-56.09,47.76],[-56.14,47.83],[-56.14,47.79],[-56.13,47.76],[-56.17,47.72],[-56.15,47.69],[-56.18,47.68],[-56.16,47.64],[-56.2,47.64],[-56.26,47.63],[-56.3,47.63],[-56.3,47.67],[-56.3,47.71],[-56.31,47.75],[-56.32,47.72],[-56.32,47.69],[-56.31,47.66],[-56.34,47.62],[-56.39,47.61],[-56.46,47.61],[-56.5,47.62],[-56.57,47.62],[-56.67,47.63],[-56.7,47.62],[-56.65,47.6],[-56.68,47.58],[-56.71,47.59],[-56.74,47.63],[-56.73,47.58],[-56.78,47.53],[-56.82,47.54],[-56.85,47.53],[-56.89,47.55],[-56.92,47.56],[-56.96,47.58],[-57.12,47.57],[-57.15,47.57],[-57.15,47.6],[-57.16,47.63],[-57.2,47.6],[-57.24,47.6],[-57.29,47.59],[-57.33,47.59],[-57.33,47.63],[-57.37,47.64],[-57.41,47.64],[-57.51,47.63],[-57.54,47.64],[-57.58,47.63],[-57.63,47.6],[-57.67,47.63],[-57.72,47.65],[-57.75,47.65],[-57.78,47.63],[-57.82,47.63],[-57.86,47.66],[-57.92,47.65],[-57.9,47.68],[-57.93,47.68],[-58.0,47.68],[-58.03,47.69],[-58.06,47.68],[-58.1,47.7],[-58.19,47.67],[-58.23,47.66],[-58.28,47.68],[-58.33,47.65],[-58.35,47.68],[-58.31,47.73],[-58.27,47.75],[-58.32,47.75],[-58.35,47.74],[-58.39,47.68],[-58.4,47.65],[-58.43,47.64],[-58.47,47.65],[-58.51,47.64],[-58.54,47.66],[-58.57,47.64],[-58.6,47.62],[-58.63,47.61],[-58.7,47.6],[-58.77,47.6],[-58.92,47.6],[-58.95,47.59],[-58.99,47.59],[-59.02,47.58],[-59.11,47.56],[-59.15,47.56],[-59.19,47.58],[-59.22,47.57],[-59.26,47.6],[-59.29,47.61],[-59.3,47.64],[-59.31,47.7],[-59.3,47.74],[-59.33,47.77],[-59.33,47.82],[-59.36,47.83],[-59.4,47.88],[-59.39,47.92],[-59.33,47.93],[-59.3,47.96],[-59.24,48.02],[-59.17,48.06],[-59.0,48.12],[-58.97,48.14],[-58.91,48.2],[-58.86,48.22],[-58.82,48.25],[-58.74,48.29],[-58.68,48.35],[-58.66,48.39],[-58.6,48.42],[-58.57,48.44],[-58.54,48.45],[-58.49,48.46],[-58.52,48.44],[-58.58,48.42],[-58.54,48.42],[-58.49,48.43],[-58.43,48.48],[-58.34,48.51],[-58.31,48.51],[-58.27,48.52],[-58.31,48.53],[-58.38,48.53],[-58.43,48.5],[-58.47,48.51],[-58.52,48.51],[-58.57,48.54],[-58.6,48.55],[-58.7,48.55],[-58.84,48.53],[-58.94,48.52],[-59.03,48.52],[-59.08,48.51],[-59.24,48.47],[-59.23,48.51],[-59.23,48.54],[-59.11,48.61],[-58.97,48.68],[-58.8,48.77],[-58.81,48.74],[-58.84,48.72],[-58.89,48.7],[-58.92,48.68],[-58.95,48.65],[-58.95,48.61],[-58.9,48.59],[-58.9,48.56],[-58.85,48.59],[-58.85,48.64],[-58.84,48.61],[-58.82,48.58],[-58.79,48.56],[-58.76,48.56],[-58.73,48.56],[-58.69,48.6],[-58.68,48.64],[-58.68,48.69],[-58.67,48.73],[-58.62,48.78],[-58.61,48.81],[-58.56,48.86],[-58.54,48.89],[-58.52,48.93],[-58.5,49.01],[-58.46,49.04],[-58.42,49.12],[-58.37,49.15],[-58.35,49.12],[-58.37,49.07],[-58.31,49.07],[-58.21,49.07],[-58.18,49.07],[-58.15,49.05],[-58.1,49.0],[-58.07,48.98],[-57.92,48.96],[-57.88,48.97],[-58.01,48.98],[-58.05,49.0],[-58.09,49.03],[-58.12,49.07],[-58.14,49.11],[-58.11,49.13],[-58.06,49.13],[-58.0,49.14],[-57.93,49.13],[-57.85,49.18],[-57.89,49.16],[-57.92,49.15],[-57.97,49.16],[-57.93,49.18],[-58.02,49.16],[-58.08,49.15],[-58.11,49.17],[-58.01,49.18],[-57.97,49.2],[-57.93,49.25],[-57.99,49.23],[-58.04,49.22],[-58.14,49.23],[-58.19,49.24],[-58.23,49.27],[-58.23,49.37],[-58.21,49.41],[-58.19,49.44],[-58.14,49.48],[-58.09,49.51],[-58.06,49.53],[-58.02,49.55],[-57.97,49.56],[-57.94,49.55],[-57.91,49.51],[-57.91,49.48],[-57.9,49.44],[-57.87,49.43],[-57.9,49.47],[-57.87,49.51],[-57.82,49.49],[-57.79,49.48],[-57.76,49.47],[-57.73,49.46],[-57.8,49.51],[-57.82,49.56],[-57.87,49.53],[-57.9,49.57],[-57.93,49.59],[-57.95,49.64],[-57.95,49.68],[-57.94,49.71],[-57.91,49.75],[-57.87,49.78],[-57.85,49.82],[-57.82,49.86],[-57.81,49.9],[-57.78,49.93],[-57.73,50.01],[-57.7,50.04],[-57.66,50.11],[-57.61,50.17],[-57.6,50.2],[-57.57,50.27],[-57.54,50.31],[-57.52,50.35],[-57.51,50.39],[-57.49,50.43],[-57.46,50.47],[-57.41,50.52],[-57.37,50.58],[-57.36,50.61],[-57.32,50.62],[-57.24,50.6],[-57.2,50.6],[-57.16,50.61],[-57.24,50.62],[-57.28,50.62],[-57.24,50.64],[-57.3,50.65],[-57.32,50.69],[-57.35,50.69],[-57.38,50.69],[-57.36,50.72],[-57.33,50.71],[-57.29,50.72],[-57.24,50.73],[-57.21,50.75],[-57.17,50.75],[-57.14,50.77],[-57.09,50.79],[-57.05,50.83],[-57.01,50.85],[-56.98,50.88],[-56.93,50.92],[-56.96,50.94],[-57.0,50.95],[-56.96,50.97],[-57.01,50.97],[-57.04,51.0],[-57.08,51.02],[-57.01,51.02],[-56.96,51.0],[-56.92,51.01],[-56.91,51.04],[-56.96,51.05],[-56.9,51.06],[-56.87,51.08],[-56.86,51.11],[-56.81,51.13],[-56.81,51.19],[-56.78,51.21],[-56.75,51.2],[-56.8,51.24],[-56.74,51.3],[-56.66,51.35],[-56.49,51.41],[-56.44,51.42],[-56.39,51.43],[-56.34,51.46],[-56.24,51.48],[-56.19,51.51],[-56.11,51.53],[-56.06,51.55],[-56.02,51.57],[-55.89,51.63],[-55.85,51.62],[-55.82,51.62],[-55.88,51.57],[-55.84,51.56],[-55.86,51.53],[-55.89,51.5],[-55.82,51.5],[-55.75,51.5],[-55.72,51.49],[-55.68,51.48],[-55.64,51.47],[-55.61,51.48],[-55.66,51.49],[-55.68,51.53],[-55.74,51.55],[-55.73,51.58],[-55.66,51.6],[-55.63,51.57],[-55.59,51.57],[-55.53,51.6],[-55.48,51.59],[-55.43,51.59],[-55.4,51.56],[-55.44,51.55],[-55.46,51.5],[-55.49,51.51],[-55.53,51.51],[-55.49,51.48],[-55.45,51.48],[-55.47,51.44],[-55.48,51.41],[-55.52,51.37],[-55.56,51.39],[-55.55,51.36],[-55.59,51.34],[-55.6,51.31],[-55.64,51.31],[-55.69,51.34],[-55.81,51.35],[-55.87,51.34],[-55.93,51.36],[-55.97,51.35],[-56.01,51.37],[-56.04,51.36],[-56.08,51.37],[-56.1,51.32],[-56.03,51.31],[-56.02,51.28],[-56.01,51.25],[-56.06,51.24],[-56.02,51.22],[-55.98,51.17],[-55.96,51.2],[-55.91,51.2],[-55.87,51.22],[-55.77,51.22],[-55.73,51.2],[-55.74,51.17],[-55.72,51.14],[-55.73,51.1],[-55.76,51.06],[-55.8,51.07],[-55.78,51.04],[-55.81,51.01],[-55.84,50.97],[-55.82,50.93],[-55.86,50.95],[-55.87,50.91],[-55.88,50.86],[-55.89,50.9],[-55.93,50.88],[-55.96,50.84],[-56.01,50.79],[-56.05,50.76],[-56.08,50.72],[-56.09,50.75],[-56.14,50.77],[-56.13,50.83],[-56.13,50.86],[-56.1,50.91],[-56.13,50.9],[-56.17,50.86],[-56.14,50.84],[-56.15,50.8],[-56.16,50.76],[-56.16,50.72],[-56.13,50.69],[-56.13,50.64],[-56.19,50.6],[-56.22,50.58],[-56.24,50.53],[-56.32,50.53],[-56.27,50.51],[-56.31,50.46],[-56.35,50.44],[-56.4,50.39],[-56.43,50.38],[-56.5,50.39],[-56.45,50.37],[-56.43,50.33],[-56.44,50.3],[-56.48,50.25],[-56.51,50.24],[-56.52,50.2],[-56.61,50.14],[-56.66,50.14],[-56.65,50.1],[-56.71,50.05],[-56.78,49.95],[-56.75,49.95],[-56.72,49.93],[-56.74,49.89],[-56.77,49.85],[-56.79,49.81],[-56.88,49.77],[-56.83,49.75],[-56.79,49.73],[-56.79,49.68],[-56.82,49.62],[-56.86,49.55],[-56.82,49.57],[-56.8,49.6],[-56.74,49.66],[-56.73,49.69],[-56.6,49.81],[-56.57,49.83],[-56.52,49.86],[-56.49,49.89],[-56.43,49.85],[-56.43,49.89],[-56.4,49.92],[-56.36,49.9],[-56.38,49.95],[-56.34,50.02],[-56.29,50.05],[-56.24,50.11],[-56.18,50.14],[-56.13,50.16],[-56.1,50.13],[-56.06,50.08],[-56.1,50.05],[-56.13,49.99],[-56.19,49.92],[-56.15,49.93],[-56.12,49.96],[-56.07,50.01],[-56.01,50.03],[-56.0,50.0],[-56.03,49.98],[-56.0,49.97],[-55.97,50.03],[-55.93,50.04],[-55.89,50.03],[-55.86,50.02],[-55.84,49.99],[-55.8,49.96],[-55.75,49.93],[-55.72,49.93],[-55.68,49.96],[-55.61,49.97],[-55.58,49.97],[-55.49,50.01],[-55.47,49.98],[-55.47,49.94],[-55.5,49.92],[-55.54,49.91],[-55.58,49.9],[-55.65,49.86],[-55.69,49.85],[-55.71,49.82],[-55.81,49.8],[-55.96,49.74],[-56.0,49.75],[-56.02,49.71],[-56.07,49.7],[-56.09,49.66],[-56.15,49.63],[-56.17,49.59],[-56.12,49.62],[-56.04,49.67],[-55.97,49.7],[-55.94,49.71],[-55.9,49.72],[-55.94,49.69],[-55.91,49.69],[-55.87,49.69],[-55.87,49.65],[-55.94,49.61],[-55.91,49.59],[-55.9,49.56],[-55.94,49.54],[-55.98,49.52],[-56.02,49.51],[-56.08,49.49],[-56.12,49.44],[-56.06,49.45],[-55.99,49.48],[-55.95,49.5],[-55.86,49.52],[-55.82,49.52],[-55.77,49.51],[-55.73,49.48],[-55.77,49.47],[-55.73,49.45],[-55.68,49.47],[-55.7,49.44],[-55.68,49.4],[-55.64,49.39],[-55.63,49.42],[-55.58,49.47],[-55.55,49.49],[-55.55,49.45],[-55.56,49.41],[-55.57,49.36],[-55.54,49.38],[-55.53,49.42],[-55.49,49.45],[-55.45,49.48],[-55.37,49.51],[-55.41,49.44],[-55.34,49.46],[-55.31,49.45],[-55.4,49.39],[-55.43,49.37],[-55.39,49.37],[-55.35,49.38],[-55.31,49.4],[-55.3,49.37],[-55.33,49.36],[-55.31,49.31],[-55.31,49.35],[-55.27,49.36],[-55.24,49.39],[-55.27,49.42],[-55.27,49.47],[-55.31,49.53],[-55.27,49.54],[-55.23,49.54],[-55.21,49.51],[-55.19,49.54],[-55.14,49.54],[-55.13,49.51],[-55.12,49.48],[-55.16,49.44],[-55.17,49.4],[-55.21,49.39],[-55.23,49.34],[-55.22,49.28],[-55.24,49.25],[-55.27,49.24],[-55.31,49.22],[-55.37,49.17],[-55.32,49.16],[-55.34,49.12],[-55.31,49.1],[-55.34,49.08],[-55.28,49.07],[-55.18,49.12],[-55.21,49.13],[-55.26,49.1],[-55.29,49.13],[-55.27,49.17],[-55.28,49.2],[-55.23,49.22],[-55.05,49.29],[-55.07,49.33],[-55.04,49.33],[-55.01,49.35],[-55.0,49.3],[-55.01,49.25],[-55.05,49.23],[-55.0,49.25],[-54.96,49.29],[-54.92,49.3],[-54.89,49.28],[-54.86,49.34],[-54.88,49.38],[-54.85,49.41],[-54.83,49.32],[-54.82,49.28],[-54.79,49.29],[-54.78,49.33],[-54.75,49.36],[-54.75,49.32],[-54.72,49.36],[-54.68,49.38],[-54.65,49.41],[-54.64,49.45],[-54.59,49.49],[-54.56,49.52],[-54.51,49.54],[-54.47,49.55],[-54.5,49.51],[-54.51,49.48],[-54.48,49.47],[-54.43,49.47],[-54.46,49.45],[-54.44,49.42],[-54.47,49.4],[-54.48,49.36],[-54.46,49.32],[-54.48,49.28],[-54.44,49.31],[-54.4,49.34],[-54.39,49.39],[-54.37,49.42],[-54.3,49.43],[-54.26,49.42],[-54.22,49.42],[-54.24,49.38],[-54.21,49.4],[-54.18,49.39],[-54.15,49.42],[-54.09,49.46],[-54.05,49.48],[-54.0,49.46],[-54.04,49.44],[-53.95,49.45],[-53.92,49.45],[-53.87,49.42],[-53.81,49.4],[-53.77,49.4],[-53.73,49.38],[-53.68,49.37],[-53.66,49.33],[-53.62,49.33],[-53.57,49.31],[-53.54,49.28],[-53.49,49.29],[-53.46,49.26],[-53.49,49.22],[-53.52,49.19],[-53.53,49.16],[-53.56,49.14],[-53.61,49.14],[-53.6,49.1],[-53.58,49.07],[-53.61,49.04],[-53.79,49.03],[-53.84,49.03],[-53.74,49.02],[-53.78,48.99],[-53.81,48.98],[-53.84,48.98],[-53.9,48.98],[-53.85,48.96],[-53.81,48.94],[-53.85,48.91],[-53.92,48.92],[-53.96,48.9],[-53.88,48.9],[-53.96,48.87],[-54.03,48.84],[-54.08,48.82],[-54.14,48.82],[-54.17,48.8],[-54.2,48.77],[-54.16,48.77],[-54.02,48.82],[-53.99,48.81],[-54.0,48.78],[-53.97,48.77],[-53.94,48.82],[-53.9,48.84],[-53.84,48.84],[-53.8,48.81],[-53.83,48.8],[-53.86,48.8],[-53.92,48.8],[-53.88,48.76],[-53.84,48.77],[-53.88,48.75],[-53.92,48.74],[-53.97,48.75],[-54.02,48.75],[-53.97,48.74],[-53.94,48.71],[-53.95,48.67],[-53.91,48.65],[-53.79,48.68],[-53.87,48.67],[-53.92,48.67],[-53.9,48.7],[-53.87,48.72],[-53.84,48.75],[-53.85,48.7],[-53.75,48.71],[-53.72,48.7],[-53.73,48.66],[-53.65,48.68],[-53.61,48.7],[-53.62,48.67],[-53.66,48.65],[-53.72,48.64],[-53.78,48.62],[-53.83,48.6],[-53.88,48.59],[-53.92,48.58],[-53.96,48.55],[-53.92,48.56],[-53.71,48.56],[-53.77,48.55],[-53.79,48.5],[-53.84,48.5],[-53.9,48.48],[-53.98,48.44],[-54.01,48.43],[-54.04,48.42],[-54.08,48.43],[-54.11,48.42],[-54.15,48.4],[-54.14,48.36],[-54.09,48.4],[-54.05,48.41],[-54.0,48.41],[-53.9,48.46],[-53.86,48.48],[-53.81,48.47],[-53.88,48.41],[-53.87,48.37],[-53.81,48.42],[-53.78,48.45],[-53.74,48.5],[-53.7,48.53],[-53.66,48.55],[-53.62,48.54],[-53.65,48.52],[-53.62,48.51],[-53.7,48.46],[-53.73,48.43],[-53.68,48.44],[-53.65,48.45],[-53.59,48.53],[-53.59,48.48],[-53.55,48.49],[-53.62,48.41],[-53.56,48.45],[-53.52,48.46],[-53.51,48.49],[-53.48,48.51],[-53.46,48.55],[-53.46,48.59],[-53.42,48.62],[-53.38,48.62],[-53.35,48.61],[-53.31,48.59],[-53.32,48.55],[-53.29,48.55],[-53.24,48.53],[-53.22,48.57],[-53.18,48.59],[-53.16,48.63],[-53.11,48.64],[-53.08,48.7],[-53.05,48.68],[-53.02,48.64],[-52.98,48.6],[-53.01,48.58],[-53.01,48.54],[-53.04,48.5],[-53.05,48.46],[-53.08,48.42],[-53.14,48.4],[-53.18,48.36],[-53.22,48.36],[-53.27,48.38],[-53.31,48.38],[-53.35,48.39],[-53.36,48.36],[-53.39,48.31],[-53.45,48.29],[-53.47,48.26],[-53.54,48.24],[-53.57,48.21],[-53.61,48.19],[-53.64,48.17],[-53.69,48.17],[-53.75,48.19],[-53.78,48.2],[-53.85,48.19],[-53.88,48.23],[-53.93,48.24],[-53.94,48.2],[-53.93,48.16],[-53.92,48.12],[-53.8,48.07],[-53.73,48.08],[-53.68,48.08],[-53.72,48.04],[-53.79,48.03],[-53.85,48.03],[-53.91,48.04],[-53.89,48.01],[-53.84,48.01],[-53.8,48.0],[-53.74,48.02],[-53.68,48.02],[-53.63,48.05],[-53.62,48.0],[-53.64,47.97],[-53.7,47.9],[-53.79,47.9],[-53.76,47.9],[-53.73,47.89],[-53.73,47.84],[-53.76,47.81],[-53.79,47.77],[-53.82,47.79],[-53.87,47.84],[-53.92,47.86],[-53.88,47.83],[-53.86,47.8],[-53.85,47.76],[-53.83,47.72],[-53.81,47.68],[-53.76,47.63],[-53.72,47.64],[-53.71,47.68],[-53.68,47.69],[-53.68,47.65],[-53.7,47.62],[-53.67,47.6],[-53.65,47.56],[-53.67,47.53],[-53.63,47.56],[-53.59,47.54],[-53.55,47.54],[-53.55,47.58],[-53.55,47.61],[-53.51,47.62],[-53.52,47.67],[-53.48,47.69],[-53.5,47.72],[-53.5,47.75],[-53.46,47.79],[-53.44,47.82],[-53.43,47.85],[-53.39,47.88],[-53.36,47.87],[-53.35,47.91],[-53.31,47.97],[-53.28,48.02],[-53.25,48.02],[-53.21,48.04],[-53.18,48.04],[-53.15,48.06],[-53.1,48.04],[-53.06,48.05],[-52.99,48.11],[-52.95,48.15],[-52.92,48.17],[-52.87,48.12],[-52.83,48.11],[-52.9,48.1],[-52.95,48.05],[-52.97,48.0],[-53.0,47.97],[-53.04,47.95],[-53.06,47.91],[-53.06,47.87],[-53.09,47.83],[-53.13,47.81],[-53.15,47.77],[-53.19,47.75],[-53.19,47.72],[-53.16,47.72],[-53.18,47.69],[-53.19,47.64],[-53.23,47.63],[-53.26,47.61],[-53.22,47.62],[-53.17,47.61],[-53.21,47.58],[-53.26,47.56],[-53.22,47.55],[-53.18,47.56],[-53.18,47.52],[-53.2,47.48],[-53.16,47.5],[-53.18,47.45],[-53.14,47.44],[-53.11,47.43],[-53.08,47.47],[-53.04,47.48],[-52.97,47.53],[-52.91,47.56],[-52.88,47.59],[-52.85,47.63],[-52.82,47.74],[-52.8,47.79],[-52.76,47.78],[-52.71,47.76],[-52.7,47.71],[-52.72,47.67],[-52.69,47.66],[-52.65,47.65],[-52.66,47.6],[-52.69,47.55],[-52.64,47.53]]],[[[-55.35,51.88],[-55.41,51.88],[-55.42,51.92],[-55.38,51.96],[-55.34,51.97],[-55.31,51.98],[-55.27,52.01],[-55.27,51.98],[-55.33,51.9]]],[[[-57.87,54.82],[-57.93,54.8],[-57.96,54.79],[-58.0,54.77],[-58.05,54.75],[-58.16,54.76],[-58.18,54.8],[-58.23,54.85],[-58.21,54.88],[-58.18,54.86],[-58.14,54.87],[-58.1,54.88],[-58.06,54.9],[-58.02,54.9],[-57.98,54.92],[-57.94,54.93],[-57.94,54.89],[-57.98,54.87],[-57.99,54.83],[-57.94,54.83],[-57.9,54.81],[-57.87,54.82]]],[[[-60.75,55.93],[-60.71,55.93],[-60.71,55.9],[-60.74,55.89],[-60.87,55.87],[-60.82,55.89],[-60.85,55.9],[-60.88,55.94],[-60.83,55.95],[-60.8,55.95],[-60.74,55.95]]],[[[-61.01,56.04],[-60.96,56.03],[-61.0,56.01],[-61.17,56.03],[-61.2,56.04],[-61.23,56.08],[-61.21,56.11],[-61.2,56.08],[-61.15,56.09],[-61.19,56.11],[-61.13,56.12],[-61.11,56.15],[-61.08,56.17],[-61.04,56.16],[-61.07,56.14],[-60.96,56.1],[-60.97,56.06],[-61.01,56.04]]],[[[-61.41,56.37],[-61.45,56.36],[-61.43,56.33],[-61.46,56.32],[-61.5,56.32],[-61.6,56.33],[-61.71,56.36],[-61.75,56.39],[-61.79,56.41],[-61.58,56.39],[-61.54,56.39],[-61.51,56.4],[-61.48,56.41],[-61.42,56.38]]],[[[-61.23,56.46],[-61.19,56.45],[-61.15,56.44],[-61.38,56.45],[-61.47,56.47],[-61.51,56.45],[-61.54,56.47],[-61.57,56.47],[-61.61,56.47],[-61.45,56.48],[-61.63,56.51],[-61.59,56.52],[-61.59,56.56],[-61.56,56.56],[-61.46,56.55],[-61.41,56.53],[-61.36,56.52],[-61.33,56.52],[-61.35,56.48],[-61.31,56.47],[-61.23,56.49],[-61.19,56.49],[-61.22,56.47]]],[[[-61.22,56.59],[-61.23,56.63],[-61.19,56.66],[-61.13,56.66],[-61.17,56.68],[-61.14,56.69],[-61.09,56.68],[-61.1,56.64],[-61.07,56.63],[-61.11,56.61],[-61.15,56.61],[-61.19,56.59],[-61.22,56.59]]],[[[-61.63,56.85],[-61.61,56.89],[-61.57,56.9],[-61.54,56.91],[-61.52,56.95],[-61.48,56.96],[-61.43,56.94],[-61.39,56.93],[-61.36,56.94],[-61.37,56.91],[-61.41,56.88],[-61.36,56.87],[-61.4,56.83],[-61.43,56.82],[-61.46,56.83],[-61.5,56.84],[-61.51,56.8],[-61.56,56.79],[-61.59,56.76],[-61.56,56.75],[-61.52,56.77],[-61.47,56.79],[-61.4,56.78],[-61.37,56.73],[-61.37,56.69],[-61.41,56.67],[-61.38,56.64],[-61.43,56.62],[-61.51,56.67],[-61.55,56.68],[-61.58,56.7],[-61.61,56.73],[-61.65,56.74],[-61.62,56.8],[-61.62,56.83]]],[[[-61.61,57.42],[-61.65,57.4],[-61.68,57.4],[-61.85,57.42],[-61.89,57.43],[-61.83,57.47],[-61.8,57.48],[-61.75,57.53],[-61.72,57.54],[-61.68,57.54],[-61.64,57.52],[-61.67,57.51],[-61.67,57.47],[-61.7,57.46],[-61.77,57.46],[-61.81,57.45],[-61.78,57.43],[-61.75,57.44],[-61.67,57.44],[-61.61,57.42]]],[[[-61.85,57.59],[-61.79,57.56],[-61.79,57.51],[-61.82,57.49],[-61.91,57.46],[-61.96,57.47],[-62.0,57.5],[-62.02,57.55],[-61.97,57.59],[-61.94,57.59],[-61.94,57.55],[-61.91,57.58],[-61.85,57.59]]],[[[-61.9,57.76],[-61.88,57.79],[-61.8,57.84],[-61.75,57.84],[-61.71,57.84],[-61.72,57.8],[-61.68,57.79],[-61.65,57.79],[-61.69,57.75],[-61.75,57.71],[-61.79,57.73],[-61.82,57.76],[-61.85,57.78],[-61.88,57.76]]],[[[-61.93,57.8],[-61.96,57.79],[-61.99,57.8],[-62.03,57.82],[-62.09,57.82],[-62.09,57.85],[-62.04,57.89],[-62.01,57.91],[-61.98,57.92],[-61.93,57.92],[-61.94,57.87],[-61.89,57.87],[-61.88,57.83],[-61.92,57.8]]],[[[-64.08,59.8],[-63.99,59.77],[-63.96,59.75],[-63.99,59.73],[-64.05,59.72],[-64.11,59.7],[-64.14,59.7],[-64.17,59.71],[-64.2,59.74],[-64.18,59.77],[-64.15,59.77],[-64.13,59.84],[-64.1,59.86],[-64.06,59.86],[-64.03,59.81],[-64.08,59.8]]],[[[-64.43,60.37],[-64.47,60.34],[-64.45,60.31],[-64.52,60.32],[-64.49,60.36],[-64.46,60.37]]],[[[-54.2,47.39],[-54.18,47.42],[-54.14,47.4],[-54.15,47.37],[-54.18,47.36],[-54.21,47.36]]],[[[-52.96,47.65],[-52.92,47.65],[-52.95,47.62],[-53.01,47.59],[-52.96,47.65]]],[[[-55.76,50.23],[-55.73,50.23],[-55.76,50.2],[-55.79,50.21],[-55.76,50.23]]],[[[-57.25,50.84],[-57.21,50.84],[-57.23,50.8],[-57.27,50.81],[-57.26,50.84]]],[[[-55.85,52.77],[-55.81,52.77],[-55.81,52.74],[-55.86,52.73],[-55.9,52.76],[-55.85,52.77]]],[[[-55.81,53.01],[-55.77,53.0],[-55.79,52.96],[-55.82,52.96],[-55.85,52.99],[-55.81,53.01]]],[[[-55.83,53.08],[-55.79,53.09],[-55.75,53.08],[-55.77,53.05],[-55.82,53.02],[-55.85,53.02],[-55.87,53.06],[-55.83,53.08]]],[[[-55.93,53.49],[-55.89,53.5],[-55.85,53.48],[-55.82,53.48],[-55.77,53.48],[-55.75,53.44],[-55.78,53.46],[-55.81,53.44],[-55.78,53.42],[-55.81,53.42],[-55.86,53.41],[-55.91,53.42],[-55.97,53.43],[-55.99,53.46],[-55.93,53.49]]],[[[-57.15,53.69],[-57.1,53.7],[-57.06,53.71],[-57.07,53.68],[-57.09,53.65],[-57.15,53.65],[-57.17,53.68]]],[[[-56.92,53.8],[-56.89,53.81],[-56.84,53.81],[-56.85,53.78],[-56.88,53.76],[-56.92,53.76],[-56.95,53.75],[-57.01,53.79],[-56.97,53.81],[-56.92,53.8]]],[[[-57.33,54.29],[-57.29,54.28],[-57.31,54.24],[-57.34,54.25],[-57.35,54.28]]],[[[-57.24,54.48],[-57.2,54.45],[-57.24,54.47],[-57.27,54.46],[-57.24,54.48]]],[[[-57.3,54.57],[-57.25,54.54],[-57.27,54.5],[-57.34,54.5],[-57.35,54.54],[-57.3,54.57]]]]}},{"type":"Feature","properties":{"code":"NS","name":"Nova Scotia"},"geometry":{"type":"MultiPolygon","coordinates":[[[[-64.04,45.99],[-63.9,45.98],[-63.87,45.96],[-63.84,45.93],[-63.81,45.91],[-63.76,45.89],[-63.73,45.88],[-63.75,45.85],[-63.69,45.85],[-63.65,45.84],[-63.59,45.88],[-63.49,45.88],[-63.44,45.88],[-63.41,45.85],[-63.46,45.86],[-63.45,45.82],[-63.5,45.83],[-63.46,45.81],[-63.42,45.8],[-63.37,45.8],[-63.32,45.8],[-63.29,45.81],[-63.26,45.82],[-63.23,45.81],[-63.26,45.79],[-63.3,45.78],[-63.35,45.77],[-63.38,45.77],[-63.31,45.74],[-63.27,45.75],[-63.21,45.76],[-63.13,45.76],[-63.1,45.76],[-63.07,45.78],[-63.12,45.81],[-62.98,45.8],[-62.92,45.78],[-62.78,45.77],[-62.75,45.77],[-62.7,45.77],[-62.67,45.77],[-62.7,45.76],[-62.74,45.76],[-62.7,45.74],[-62.66,45.74],[-62.7,45.69],[-62.75,45.68],[-62.79,45.64],[-62.75,45.66],[-62.75,45.61],[-62.72,45.65],[-62.69,45.65],[-62.65,45.64],[-62.66,45.68],[-62.62,45.68],[-62.58,45.69],[-62.54,45.66],[-62.51,45.66],[-62.51,45.61],[-62.47,45.61],[-62.44,45.64],[-62.4,45.65],[-62.36,45.67],[-62.4,45.68],[-62.44,45.66],[-62.27,45.7],[-62.06,45.81],[-61.99,45.86],[-61.95,45.88],[-61.92,45.89],[-61.92,45.86],[-61.92,45.83],[-61.91,45.79],[-61.89,45.74],[-61.89,45.7],[-61.84,45.68],[-61.79,45.65],[-61.73,45.63],[-61.68,45.62],[-61.64,45.64],[-61.62,45.61],[-61.6,45.64],[-61.58,45.67],[-61.54,45.69],[-61.49,45.69],[-61.44,45.65],[-61.4,45.63],[-61.37,45.58],[-61.34,45.55],[-61.26,45.51],[-61.23,45.49],[-61.25,45.45],[-61.35,45.41],[-61.39,45.42],[-61.43,45.39],[-61.48,45.37],[-61.14,45.35],[-61.08,45.34],[-61.0,45.33],[-60.97,45.31],[-60.97,45.27],[-61.01,45.29],[-61.04,45.26],[-61.08,45.24],[-61.12,45.21],[-61.15,45.24],[-61.12,45.27],[-61.16,45.26],[-61.17,45.22],[-61.2,45.24],[-61.25,45.24],[-61.28,45.25],[-61.33,45.23],[-61.37,45.2],[-61.37,45.17],[-61.57,45.15],[-61.61,45.15],[-61.64,45.18],[-61.67,45.16],[-61.67,45.11],[-61.64,45.09],[-61.68,45.09],[-61.72,45.1],[-61.76,45.1],[-61.81,45.1],[-61.85,45.08],[-61.85,45.04],[-61.88,45.05],[-61.92,45.04],[-61.96,45.04],[-62.0,45.01],[-62.03,45.02],[-61.98,44.99],[-62.02,44.98],[-62.06,44.98],[-62.09,44.98],[-62.14,44.97],[-62.17,44.96],[-62.23,44.96],[-62.27,44.93],[-62.31,44.92],[-62.35,44.91],[-62.38,44.91],[-62.44,44.87],[-62.45,44.83],[-62.47,44.86],[-62.48,44.9],[-62.51,44.86],[-62.55,44.87],[-62.55,44.83],[-62.55,44.8],[-62.58,44.83],[-62.62,44.83],[-62.66,44.81],[-62.69,44.8],[-62.81,44.79],[-62.81,44.75],[-62.83,44.72],[-62.86,44.74],[-62.89,44.73],[-62.93,44.74],[-62.97,44.72],[-63.0,44.73],[-63.0,44.77],[-63.05,44.77],[-63.02,44.73],[-63.06,44.68],[-63.06,44.72],[-63.1,44.73],[-63.1,44.77],[-63.13,44.79],[-63.12,44.75],[-63.14,44.71],[-63.17,44.72],[-63.18,44.69],[-63.22,44.7],[-63.25,44.73],[-63.24,44.69],[-63.28,44.64],[-63.32,44.64],[-63.39,44.64],[-63.42,44.66],[-63.46,44.67],[-63.43,44.66],[-63.42,44.61],[-63.46,44.6],[-63.51,44.62],[-63.54,44.65],[-63.57,44.67],[-63.63,44.71],[-63.63,44.67],[-63.6,44.67],[-63.57,44.65],[-63.55,44.6],[-63.55,44.57],[-63.52,44.52],[-63.55,44.47],[-63.59,44.47],[-63.63,44.45],[-63.69,44.47],[-63.73,44.48],[-63.76,44.49],[-63.81,44.48],[-63.78,44.53],[-63.81,44.51],[-63.85,44.52],[-63.89,44.5],[-63.93,44.51],[-63.94,44.55],[-63.92,44.59],[-63.92,44.63],[-63.9,44.67],[-63.89,44.7],[-63.93,44.67],[-63.99,44.66],[-64.06,44.64],[-64.06,44.59],[-64.02,44.55],[-64.01,44.51],[-64.04,44.52],[-64.06,44.49],[-64.1,44.47],[-64.12,44.52],[-64.14,44.57],[-64.18,44.58],[-64.21,44.55],[-64.25,44.54],[-64.28,44.56],[-64.31,44.57],[-64.3,44.53],[-64.3,44.5],[-64.3,44.47],[-64.35,44.46],[-64.34,44.42],[-64.3,44.42],[-64.26,44.41],[-64.3,44.39],[-64.26,44.38],[-64.21,44.37],[-64.25,44.36],[-64.28,44.37],[-64.35,44.37],[-64.34,44.33],[-64.29,44.33],[-64.26,44.33],[-64.29,44.3],[-64.24,44.3],[-64.27,44.27],[-64.31,44.27],[-64.35,44.29],[-64.41,44.33],[-64.38,44.3],[-64.37,44.26],[-64.43,44.23],[-64.45,44.19],[-64.48,44.17],[-64.5,44.14],[-64.54,44.16],[-64.59,44.16],[-64.55,44.13],[-64.55,44.1],[-64.58,44.07],[-64.62,44.06],[-64.65,44.06],[-64.72,44.06],[-64.69,44.04],[-64.66,44.01],[-64.7,43.99],[-64.73,43.96],[-64.81,43.96],[-64.84,43.93],[-64.8,43.89],[-64.81,43.85],[-64.85,43.84],[-64.89,43.88],[-64.92,43.88],[-64.89,43.84],[-64.91,43.8],[-64.94,43.85],[-64.97,43.87],[-64.94,43.81],[-64.95,43.78],[-65.0,43.77],[-65.02,43.82],[-65.02,43.77],[-65.01,43.74],[-65.04,43.72],[-65.08,43.71],[-65.07,43.74],[-65.1,43.74],[-65.12,43.7],[-65.13,43.67],[-65.15,43.71],[-65.14,43.75],[-65.16,43.72],[-65.2,43.75],[-65.23,43.79],[-65.25,43.75],[-65.22,43.72],[-65.24,43.69],[-65.29,43.67],[-65.33,43.7],[-65.32,43.76],[-65.35,43.74],[-65.34,43.69],[-65.34,43.64],[-65.36,43.6],[-65.34,43.54],[-65.36,43.57],[-65.4,43.57],[-65.44,43.59],[-65.41,43.54],[-65.4,43.5],[-65.43,43.54],[-65.47,43.52],[-65.47,43.48],[-65.5,43.5],[-65.54,43.53],[-65.55,43.56],[-65.61,43.54],[-65.65,43.52],[-65.69,43.51],[-65.72,43.51],[-65.73,43.55],[-65.74,43.58],[-65.78,43.57],[-65.77,43.64],[-65.77,43.67],[-65.8,43.67],[-65.79,43.63],[-65.82,43.68],[-65.82,43.71],[-65.84,43.74],[-65.86,43.81],[-65.86,43.77],[-65.9,43.8],[-65.94,43.83],[-65.96,43.79],[-65.98,43.82],[-65.97,43.75],[-65.97,43.71],[-66.0,43.72],[-66.03,43.7],[-66.03,43.74],[-66.06,43.74],[-66.07,43.77],[-66.11,43.76],[-66.13,43.81],[-66.11,43.84],[-66.14,43.83],[-66.17,43.86],[-66.17,43.9],[-66.15,43.95],[-66.15,44.0],[-66.18,44.08],[-66.21,44.11],[-66.19,44.14],[-66.19,44.17],[-66.16,44.2],[-66.11,44.34],[-66.06,44.39],[-66.04,44.43],[-65.97,44.49],[-65.93,44.51],[-65.89,44.53],[-65.85,44.56],[-65.85,44.59],[-65.91,44.58],[-66.03,44.52],[-66.19,44.39],[-66.19,44.42],[-66.0,44.58],[-65.89,44.63],[-65.79,44.7],[-65.76,44.67],[-65.75,44.64],[-65.73,44.61],[-65.69,44.62],[-65.66,44.65],[-65.62,44.67],[-65.6,44.7],[-65.54,44.74],[-65.49,44.75],[-65.45,44.77],[-65.49,44.76],[-65.54,44.75],[-65.62,44.71],[-65.65,44.7],[-65.68,44.7],[-65.72,44.67],[-65.76,44.68],[-65.72,44.73],[-65.62,44.78],[-65.46,44.85],[-65.4,44.89],[-65.36,44.9],[-65.23,44.96],[-65.18,44.99],[-65.02,45.06],[-64.86,45.14],[-64.71,45.19],[-64.64,45.2],[-64.58,45.22],[-64.51,45.23],[-64.47,45.24],[-64.44,45.26],[-64.4,45.3],[-64.46,45.33],[-64.5,45.33],[-64.46,45.34],[-64.42,45.33],[-64.35,45.32],[-64.32,45.29],[-64.35,45.25],[-64.36,45.21],[-64.36,45.17],[-64.39,45.15],[-64.37,45.11],[-64.33,45.12],[-64.31,45.15],[-64.22,45.11],[-64.15,45.05],[-64.16,44.98],[-64.12,45.0],[-64.12,45.03],[-64.14,45.07],[-64.18,45.11],[-64.2,45.15],[-64.17,45.16],[-64.14,45.2],[-64.02,45.24],[-63.96,45.25],[-63.91,45.28],[-63.85,45.28],[-63.81,45.29],[-63.76,45.31],[-63.72,45.32],[-63.67,45.32],[-63.58,45.32],[-63.54,45.33],[-63.5,45.33],[-63.48,45.3],[-63.46,45.33],[-63.43,45.34],[-63.4,45.36],[-63.36,45.36],[-63.39,45.37],[-63.51,45.37],[-63.57,45.39],[-63.82,45.4],[-63.85,45.38],[-63.89,45.35],[-63.91,45.38],[-63.94,45.4],[-64.01,45.39],[-64.05,45.4],[-64.11,45.42],[-64.18,45.41],[-64.24,45.39],[-64.28,45.39],[-64.31,45.4],[-64.35,45.39],[-64.39,45.37],[-64.44,45.38],[-64.58,45.42],[-64.62,45.41],[-64.67,45.39],[-64.71,45.36],[-64.7,45.33],[-64.75,45.31],[-64.79,45.33],[-64.86,45.35],[-64.9,45.35],[-64.93,45.33],[-64.93,45.38],[-64.9,45.43],[-64.85,45.46],[-64.81,45.47],[-64.71,45.54],[-64.66,45.56],[-64.65,45.59],[-64.61,45.6],[-64.57,45.62],[-64.51,45.66],[-64.48,45.68],[-64.44,45.7],[-64.43,45.75],[-64.39,45.77],[-64.31,45.83],[-64.31,45.79],[-64.33,45.76],[-64.3,45.76],[-64.26,45.77],[-64.31,45.78],[-64.27,45.8],[-64.27,45.83],[-64.26,45.86],[-64.21,45.9],[-64.18,45.95],[-64.14,45.97],[-64.1,45.98],[-64.07,45.97]]],[[[-65.61,43.48],[-65.62,43.51],[-65.56,43.51],[-65.59,43.46],[-65.63,43.42],[-65.64,43.45],[-65.61,43.48]]],[[[-59.79,43.96],[-59.74,44.0],[-59.71,44.01],[-59.76,43.97],[-59.81,43.94],[-59.86,43.92],[-59.91,43.92],[-59.96,43.91],[-60.02,43.91],[-60.08,43.93],[-60.12,43.94],[-60.07,43.94],[-60.0,43.94],[-59.87,43.94],[-59.82,43.95],[-59.79,43.96]]],[[[-66.23,44.39],[-66.2,44.38],[-66.24,44.34],[-66.3,44.28],[-66.31,44.25],[-66.29,44.32],[-66.26,44.35],[-66.24,44.38]]],[[[-60.91,45.57],[-60.95,45.53],[-60.95,45.5],[-60.99,45.47],[-61.02,45.47],[-61.04,45.5],[-61.08,45.51],[-61.11,45.53],[-61.05,45.57],[-61.01,45.58],[-60.96,45.58],[-60.93,45.58]]],[[[-60.08,45.79],[-60.18,45.77],[-60.21,45.74],[-60.26,45.7],[-60.32,45.68],[-60.4,45.64],[-60.44,45.64],[-60.48,45.65],[-60.63,45.59],[-60.7,45.57],[-60.74,45.57],[-60.83,45.6],[-60.85,45.63],[-60.9,45.62],[-60.94,45.63],[-60.97,45.61],[-61.02,45.61],[-61.09,45.57],[-61.13,45.56],[-61.18,45.59],[-61.21,45.61],[-61.24,45.59],[-61.27,45.57],[-61.32,45.56],[-61.36,45.61],[-61.42,45.66],[-61.46,45.71],[-61.47,45.78],[-61.48,45.81],[-61.49,45.89],[-61.52,45.93],[-61.52,45.98],[-61.55,46.01],[-61.54,46.04],[-61.49,46.06],[-61.47,46.09],[-61.46,46.15],[-61.38,46.19],[-61.29,46.24],[-61.21,46.33],[-61.19,46.37],[-61.09,46.45],[-61.08,46.51],[-61.04,46.55],[-61.05,46.59],[-61.04,46.63],[-61.02,46.59],[-61.01,46.63],[-60.97,46.65],[-60.95,46.7],[-60.9,46.77],[-60.87,46.8],[-60.83,46.82],[-60.79,46.83],[-60.7,46.9],[-60.65,46.98],[-60.62,47.02],[-60.57,47.03],[-60.53,47.02],[-60.49,47.0],[-60.46,47.0],[-60.42,47.02],[-60.38,47.02],[-60.43,46.96],[-60.46,46.93],[-60.49,46.91],[-60.45,46.89],[-60.43,46.86],[-60.39,46.86],[-60.36,46.87],[-60.32,46.87],[-60.31,46.83],[-60.31,46.8],[-60.32,46.75],[-60.34,46.71],[-60.4,46.67],[-60.36,46.66],[-60.36,46.62],[-60.38,46.58],[-60.42,46.52],[-60.46,46.42],[-60.51,46.37],[-60.53,46.32],[-60.58,46.26],[-60.61,46.21],[-60.55,46.26],[-60.48,46.32],[-60.44,46.33],[-60.42,46.3],[-60.48,46.25],[-60.61,46.13],[-60.68,46.1],[-60.71,46.11],[-60.75,46.09],[-60.82,46.06],[-60.87,46.05],[-60.87,46.08],[-60.91,46.05],[-60.98,45.99],[-61.01,45.97],[-61.1,45.96],[-61.13,45.93],[-61.03,45.94],[-60.98,45.97],[-60.9,46.01],[-60.86,46.04],[-60.82,46.04],[-60.77,46.06],[-60.74,46.04],[-60.78,46.01],[-60.8,45.97],[-60.84,45.93],[-60.88,45.91],[-60.92,45.92],[-60.96,45.92],[-61.0,45.9],[-61.06,45.9],[-61.09,45.87],[-61.06,45.86],[-61.02,45.88],[-60.98,45.88],[-60.91,45.85],[-60.95,45.86],[-60.96,45.83],[-61.01,45.82],[-61.1,45.78],[-61.13,45.74],[-61.15,45.71],[-61.08,45.69],[-61.05,45.7],[-60.95,45.75],[-60.91,45.76],[-60.87,45.75],[-60.81,45.72],[-60.82,45.68],[-60.84,45.64],[-60.81,45.66],[-60.78,45.67],[-60.74,45.68],[-60.73,45.72],[-60.75,45.76],[-60.71,45.79],[-60.67,45.81],[-60.63,45.84],[-60.6,45.87],[-60.57,45.89],[-60.54,45.9],[-60.48,45.94],[-60.42,45.98],[-60.46,45.98],[-60.5,45.96],[-60.56,45.94],[-60.62,45.92],[-60.65,45.91],[-60.7,45.89],[-60.74,45.92],[-60.78,45.93],[-60.71,45.98],[-60.68,46.01],[-60.64,46.02],[-60.56,46.07],[-60.51,46.09],[-60.43,46.15],[-60.37,46.2],[-60.33,46.21],[-60.3,46.24],[-60.34,46.23],[-60.38,46.22],[-60.45,46.18],[-60.61,46.08],[-60.65,46.07],[-60.62,46.1],[-60.57,46.15],[-60.5,46.2],[-60.35,46.31],[-60.28,46.33],[-60.26,46.28],[-60.2,46.24],[-60.29,46.16],[-60.24,46.18],[-60.2,46.14],[-60.2,46.18],[-60.19,46.21],[-60.15,46.25],[-60.11,46.25],[-60.08,46.25],[-60.04,46.22],[-60.09,46.21],[-59.99,46.21],[-59.94,46.2],[-59.95,46.16],[-59.9,46.17],[-59.81,46.17],[-59.84,46.16],[-59.88,46.11],[-59.89,46.08],[-59.85,46.1],[-59.81,46.12],[-59.87,46.07],[-59.9,46.05],[-59.95,46.04],[-59.94,46.0],[-59.9,46.0],[-59.86,46.01],[-59.82,46.0],[-59.81,45.96],[-59.86,45.94],[-59.94,45.9],[-59.97,45.91],[-60.13,45.87],[-60.13,45.83],[-60.09,45.82],[-60.08,45.79]]],[[[-62.54,45.83],[-62.51,45.81],[-62.55,45.8],[-62.59,45.8],[-62.55,45.82]]],[[[-59.71,45.99],[-59.76,46.0],[-59.72,46.03],[-59.71,45.99]]]]}},{"type":"Feature","properties":{"code":"NT","name":"Northwest Territories"},"geometry":{"type":"MultiPolygon","coordinates":[[[[-135.57,69.39],[-135.52,69.41],[-135.46,69.39],[-135.39,69.4],[-135.35,69.4],[-135.32,69.38],[-135.28,69.36],[-135.28,69.33],[-135.31,69.31],[-135.34,69.33],[-135.37,69.34],[-135.57,69.39]]],[[[-133.93,69.58],[-133.89,69.57],[-133.93,69.56],[-134.02,69.58],[-133.98,69.6],[-133.9,69.63],[-133.86,69.62],[-133.81,69.61],[-133.93,69.59]]],[[[-135.57,69.58],[-135.58,69.61],[-135.54,69.64],[-135.51,69.65],[-135.47,69.65],[-135.4,69.65],[-135.46,69.59],[-135.49,69.58],[-135.52,69.57],[-135.55,69.57]]],[[[-124.96,70.17],[-125.01,70.14],[-125.07,70.15],[-125.1,70.14],[-125.05,70.13],[-125.09,70.12],[-125.12,70.14],[-125.08,70.16],[-124.98,70.17]]],[[[-113.17,70.31],[-113.06,70.31],[-112.98,70.3],[-112.95,70.29],[-112.98,70.28],[-113.16,70.28],[-113.21,70.3],[-113.17,70.31]]],[[[-111.95,70.33],[-111.88,70.32],[-111.67,70.31],[-112.11,70.3],[-112.31,70.35],[-112.09,70.35],[-111.95,70.33]]],[[[-116.66,70.5],[-116.61,70.49],[-116.57,70.47],[-116.61,70.48],[-116.75,70.48],[-116.79,70.48],[-116.83,70.51],[-116.79,70.51],[-116.66,70.5]]],[[[-116.26,70.55],[-116.16,70.55],[-116.13,70.54],[-116.23,70.54],[-116.28,70.52],[-116.35,70.52],[-116.45,70.51],[-116.48,70.51],[-116.47,70.54],[-116.44,70.54],[-116.41,70.54],[-116.38,70.53],[-116.35,70.53],[-116.3,70.55],[-116.26,70.55]]],[[[-116.72,70.56],[-116.68,70.57],[-116.61,70.57],[-116.54,70.57],[-116.51,70.55],[-116.54,70.54],[-116.74,70.54],[-116.78,70.55],[-116.75,70.56],[-116.72,70.56]]],[[[-115.89,70.58],[-115.86,70.58],[-115.83,70.58],[-115.88,70.55],[-115.94,70.54],[-116.06,70.55],[-116.01,70.56],[-115.91,70.57]]],[[[-117.06,70.57],[-116.92,70.57],[-116.88,70.55],[-116.91,70.54],[-117.0,70.55],[-117.22,70.54],[-117.28,70.55],[-117.24,70.59],[-117.06,70.57]]],[[[-136.44,68.91],[-136.24,68.89],[-136.07,68.89],[-135.88,68.85],[-135.85,68.84],[-135.78,68.82],[-135.73,68.78],[-135.7,68.78],[-135.64,68.76],[-135.52,68.76],[-135.49,68.74],[-135.46,68.72],[-135.42,68.7],[-135.38,68.67],[-135.29,68.69],[-135.26,68.68],[-135.19,68.66],[-135.15,68.66],[-135.2,68.67],[-135.22,68.7],[-135.27,68.72],[-135.32,68.73],[-135.36,68.77],[-135.4,68.79],[-135.43,68.79],[-135.46,68.8],[-135.5,68.83],[-135.34,68.84],[-135.41,68.85],[-135.57,68.86],[-135.63,68.89],[-135.82,68.9],[-135.87,68.91],[-136.0,68.95],[-135.97,68.97],[-135.92,68.96],[-135.97,69.0],[-135.98,69.04],[-135.95,69.05],[-135.92,69.04],[-135.85,69.01],[-135.77,68.99],[-135.68,68.99],[-135.59,69.01],[-135.52,69.03],[-135.69,69.02],[-135.72,69.04],[-135.92,69.09],[-135.95,69.16],[-135.96,69.19],[-135.93,69.25],[-135.89,69.25],[-135.81,69.22],[-135.75,69.18],[-135.59,69.12],[-135.47,69.12],[-135.42,69.1],[-135.48,69.13],[-135.59,69.14],[-135.63,69.15],[-135.84,69.26],[-135.86,69.29],[-135.8,69.32],[-135.77,69.33],[-135.7,69.33],[-135.66,69.32],[-135.64,69.28],[-135.58,69.24],[-135.6,69.3],[-135.6,69.34],[-135.57,69.34],[-135.52,69.34],[-135.47,69.34],[-135.43,69.33],[-135.37,69.3],[-135.34,69.29],[-135.18,69.26],[-135.19,69.29],[-135.22,69.3],[-135.24,69.34],[-135.26,69.37],[-135.28,69.4],[-135.28,69.43],[-135.21,69.45],[-135.16,69.48],[-135.13,69.48],[-135.09,69.48],[-135.06,69.48],[-134.98,69.48],[-134.95,69.48],[-134.89,69.49],[-134.82,69.48],[-134.79,69.5],[-134.75,69.48],[-134.64,69.48],[-134.53,69.45],[-134.48,69.44],[-134.43,69.47],[-134.42,69.5],[-134.45,69.52],[-134.5,69.52],[-134.54,69.5],[-134.59,69.5],[-134.59,69.53],[-134.54,69.54],[-134.51,69.54],[-134.47,69.54],[-134.47,69.58],[-134.44,69.59],[-134.41,69.64],[-134.44,69.68],[-134.5,69.72],[-134.46,69.72],[-134.43,69.72],[-134.37,69.73],[-134.34,69.72],[-134.34,69.69],[-134.26,69.68],[-134.22,69.68],[-134.19,69.66],[-134.15,69.64],[-134.2,69.62],[-134.24,69.59],[-134.21,69.59],[-134.17,69.57],[-134.13,69.55],[-134.09,69.55],[-134.06,69.56],[-134.0,69.56],[-134.05,69.53],[-134.0,69.53],[-133.96,69.52],[-133.91,69.51],[-133.86,69.52],[-133.82,69.54],[-133.81,69.58],[-133.78,69.56],[-133.79,69.52],[-133.82,69.47],[-133.85,69.45],[-134.03,69.38],[-134.09,69.34],[-134.1,69.3],[-134.17,69.3],[-134.2,69.28],[-134.23,69.25],[-134.27,69.23],[-134.28,69.19],[-134.31,69.15],[-134.28,69.16],[-134.24,69.18],[-134.2,69.24],[-134.16,69.26],[-134.12,69.27],[-134.0,69.27],[-133.95,69.29],[-133.91,69.29],[-133.88,69.3],[-133.85,69.34],[-133.8,69.35],[-133.76,69.36],[-133.7,69.34],[-133.66,69.35],[-133.7,69.37],[-133.67,69.39],[-133.63,69.4],[-133.46,69.42],[-133.26,69.41],[-133.22,69.4],[-133.09,69.45],[-133.05,69.43],[-133.05,69.48],[-133.01,69.49],[-132.97,69.52],[-132.96,69.55],[-132.99,69.59],[-132.95,69.63],[-132.89,69.66],[-132.77,69.66],[-132.72,69.64],[-132.69,69.66],[-132.61,69.65],[-132.55,69.63],[-132.39,69.65],[-132.35,69.66],[-132.35,69.69],[-132.46,69.66],[-132.44,69.7],[-132.47,69.71],[-132.51,69.69],[-132.55,69.68],[-132.6,69.67],[-132.63,69.67],[-132.59,69.69],[-132.57,69.72],[-132.39,69.75],[-132.34,69.77],[-132.31,69.77],[-132.28,69.77],[-132.36,69.75],[-132.45,69.74],[-132.48,69.74],[-132.29,69.74],[-132.32,69.72],[-132.26,69.71],[-132.22,69.7],[-132.17,69.69],[-132.14,69.69],[-132.1,69.73],[-132.0,69.74],[-131.97,69.75],[-131.93,69.77],[-131.84,69.77],[-131.77,69.8],[-131.76,69.83],[-131.7,69.85],[-131.62,69.88],[-131.45,69.9],[-131.42,69.91],[-131.43,69.95],[-131.39,69.96],[-131.29,69.95],[-131.26,69.94],[-131.22,69.92],[-131.2,69.88],[-131.22,69.84],[-131.19,69.82],[-131.16,69.85],[-131.17,69.89],[-131.1,69.89],[-131.07,69.91],[-131.03,69.96],[-131.01,70.0],[-130.95,70.02],[-131.0,70.03],[-130.94,70.08],[-130.91,70.09],[-130.87,70.09],[-130.84,70.09],[-130.8,70.11],[-130.77,70.11],[-130.72,70.13],[-130.74,70.1],[-130.69,70.09],[-130.66,70.1],[-130.66,70.14],[-130.63,70.14],[-130.6,70.14],[-130.56,70.15],[-130.52,70.18],[-130.46,70.17],[-130.51,70.16],[-130.54,70.15],[-130.54,70.11],[-130.5,70.11],[-130.5,70.14],[-130.43,70.13],[-130.41,70.16],[-130.35,70.13],[-130.32,70.14],[-130.31,70.11],[-130.25,70.09],[-130.18,70.11],[-130.18,70.08],[-130.15,70.07],[-130.11,70.11],[-130.08,70.11],[-130.1,70.08],[-130.06,70.08],[-129.98,70.1],[-129.95,70.1],[-129.98,70.08],[-129.93,70.08],[-129.89,70.09],[-129.86,70.13],[-129.79,70.18],[-129.83,70.2],[-129.8,70.21],[-129.74,70.23],[-129.73,70.26],[-129.7,70.27],[-129.67,70.27],[-129.65,70.22],[-129.61,70.21],[-129.63,70.17],[-129.6,70.16],[-129.54,70.17],[-129.47,70.15],[-129.49,70.1],[-129.45,70.1],[-129.44,70.13],[-129.41,70.1],[-129.46,70.06],[-129.49,70.05],[-129.52,70.05],[-129.56,70.04],[-129.51,70.04],[-129.56,70.01],[-129.6,69.99],[-129.71,69.97],[-129.76,69.96],[-130.11,69.87],[-130.19,69.86],[-130.27,69.84],[-130.3,69.84],[-130.34,69.84],[-130.4,69.81],[-130.45,69.8],[-130.53,69.78],[-130.57,69.76],[-130.58,69.71],[-130.67,69.69],[-130.77,69.68],[-130.8,69.66],[-130.84,69.63],[-130.87,69.6],[-130.9,69.59],[-130.94,69.57],[-130.98,69.58],[-131.01,69.59],[-131.04,69.62],[-131.07,69.64],[-131.17,69.64],[-131.22,69.61],[-131.26,69.6],[-131.35,69.61],[-131.34,69.58],[-131.39,69.58],[-131.44,69.59],[-131.48,69.58],[-131.53,69.58],[-131.57,69.57],[-131.67,69.58],[-131.65,69.54],[-131.7,69.56],[-131.73,69.57],[-131.76,69.57],[-131.83,69.56],[-131.89,69.54],[-131.92,69.53],[-131.96,69.54],[-132.01,69.53],[-132.08,69.48],[-132.1,69.45],[-132.09,69.42],[-132.12,69.42],[-132.09,69.39],[-132.11,69.36],[-132.33,69.32],[-132.32,69.27],[-132.36,69.27],[-132.38,69.31],[-132.43,69.3],[-132.43,69.25],[-132.47,69.24],[-132.49,69.17],[-132.51,69.23],[-132.52,69.27],[-132.56,69.29],[-132.62,69.29],[-132.66,69.27],[-132.72,69.26],[-132.77,69.26],[-132.8,69.23],[-132.83,69.22],[-132.87,69.15],[-132.9,69.14],[-132.87,69.11],[-132.83,69.11],[-132.88,69.09],[-132.91,69.04],[-132.88,68.99],[-132.91,68.99],[-132.92,69.02],[-132.95,69.04],[-132.93,69.08],[-132.97,69.06],[-133.02,69.06],[-133.08,69.07],[-133.11,69.05],[-133.16,69.05],[-133.19,69.05],[-133.22,69.01],[-133.22,68.97],[-133.25,68.97],[-133.21,68.95],[-133.23,68.92],[-133.28,68.9],[-133.32,68.87],[-133.37,68.87],[-133.38,68.9],[-133.47,68.89],[-133.43,68.86],[-133.46,68.85],[-133.48,68.82],[-133.45,68.79],[-133.41,68.78],[-133.34,68.76],[-133.3,68.74],[-133.24,68.74],[-133.21,68.73],[-133.17,68.72],[-133.07,68.69],[-132.96,68.7],[-132.92,68.69],[-132.95,68.71],[-133.04,68.72],[-133.0,68.72],[-133.15,68.72],[-133.18,68.75],[-133.21,68.76],[-133.26,68.76],[-133.23,68.79],[-133.19,68.77],[-133.14,68.76],[-133.24,68.8],[-133.27,68.81],[-133.33,68.79],[-133.36,68.8],[-133.36,68.83],[-133.31,68.85],[-133.26,68.86],[-133.22,68.86],[-133.18,68.85],[-133.12,68.82],[-133.09,68.8],[-133.04,68.83],[-132.96,68.8],[-132.93,68.8],[-132.95,68.83],[-132.96,68.86],[-132.9,68.86],[-132.86,68.85],[-132.82,68.82],[-132.77,68.81],[-132.73,68.79],[-132.71,68.84],[-132.51,68.81],[-132.48,68.81],[-132.44,68.84],[-132.4,68.86],[-132.49,68.91],[-132.55,68.92],[-132.58,68.91],[-132.48,68.89],[-132.51,68.88],[-132.54,68.88],[-132.59,68.89],[-132.62,68.89],[-132.64,68.86],[-132.68,68.85],[-132.72,68.85],[-132.77,68.85],[-132.76,68.88],[-132.71,68.89],[-132.74,68.89],[-132.78,68.9],[-132.82,68.91],[-132.81,68.94],[-132.76,68.94],[-132.68,68.93],[-132.74,68.96],[-132.78,68.97],[-132.82,68.98],[-132.85,68.99],[-132.86,69.03],[-132.83,69.04],[-132.87,69.06],[-132.84,69.08],[-132.79,69.09],[-132.66,69.09],[-132.58,69.13],[-132.55,69.14],[-132.51,69.14],[-132.48,69.15],[-132.45,69.17],[-132.45,69.21],[-132.41,69.23],[-132.42,69.17],[-132.45,69.14],[-132.4,69.13],[-132.37,69.15],[-132.36,69.18],[-132.35,69.22],[-132.31,69.24],[-132.3,69.21],[-132.33,69.2],[-132.3,69.18],[-132.25,69.21],[-132.21,69.22],[-132.22,69.19],[-132.24,69.16],[-132.2,69.16],[-132.17,69.22],[-132.15,69.25],[-132.09,69.23],[-132.03,69.25],[-132.0,69.26],[-131.95,69.27],[-131.91,69.31],[-131.88,69.32],[-131.91,69.29],[-131.87,69.29],[-131.83,69.31],[-131.76,69.37],[-131.72,69.4],[-131.75,69.4],[-131.85,69.38],[-131.89,69.41],[-131.96,69.4],[-131.91,69.43],[-131.87,69.43],[-131.83,69.42],[-131.79,69.43],[-131.76,69.43],[-131.65,69.43],[-131.68,69.45],[-131.65,69.47],[-131.61,69.48],[-131.54,69.46],[-131.48,69.46],[-131.43,69.44],[-131.47,69.42],[-131.48,69.37],[-131.51,69.35],[-131.54,69.34],[-131.51,69.34],[-131.48,69.34],[-131.44,69.36],[-131.41,69.37],[-131.4,69.4],[-131.36,69.42],[-131.38,69.45],[-131.35,69.45],[-131.33,69.49],[-131.29,69.48],[-131.26,69.42],[-131.27,69.49],[-131.23,69.48],[-131.22,69.45],[-131.21,69.41],[-131.24,69.38],[-131.32,69.36],[-131.36,69.34],[-131.41,69.31],[-131.35,69.32],[-131.28,69.36],[-131.24,69.37],[-131.2,69.37],[-131.16,69.39],[-131.17,69.43],[-131.17,69.48],[-131.23,69.54],[-131.24,69.59],[-131.21,69.56],[-131.17,69.54],[-131.14,69.52],[-131.12,69.46],[-131.12,69.41],[-131.15,69.37],[-131.11,69.39],[-131.08,69.44],[-131.06,69.48],[-131.07,69.51],[-131.1,69.54],[-131.13,69.56],[-131.16,69.57],[-131.19,69.58],[-131.18,69.61],[-131.13,69.62],[-131.09,69.61],[-131.11,69.58],[-131.08,69.56],[-131.05,69.53],[-131.03,69.5],[-131.03,69.46],[-131.04,69.42],[-131.07,69.39],[-131.08,69.36],[-131.11,69.34],[-131.07,69.35],[-131.04,69.37],[-131.02,69.4],[-130.97,69.47],[-130.99,69.51],[-130.98,69.55],[-130.94,69.53],[-130.95,69.49],[-130.94,69.46],[-130.94,69.42],[-131.0,69.37],[-131.03,69.36],[-131.04,69.32],[-131.01,69.33],[-130.98,69.36],[-130.93,69.39],[-130.9,69.37],[-130.92,69.33],[-130.99,69.27],[-131.0,69.23],[-131.02,69.2],[-131.02,69.15],[-130.98,69.14],[-130.94,69.14],[-130.95,69.17],[-130.94,69.2],[-130.94,69.23],[-130.95,69.28],[-130.87,69.33],[-130.82,69.34],[-130.82,69.37],[-130.79,69.39],[-130.75,69.41],[-130.69,69.42],[-130.66,69.43],[-130.75,69.45],[-130.53,69.54],[-130.49,69.57],[-130.46,69.58],[-130.45,69.62],[-130.41,69.64],[-130.37,69.67],[-130.34,69.68],[-130.38,69.69],[-130.34,69.7],[-130.17,69.71],[-129.96,69.75],[-129.9,69.76],[-129.7,69.79],[-129.61,69.82],[-129.58,69.83],[-129.51,69.82],[-129.45,69.84],[-129.12,69.86],[-129.08,69.87],[-129.04,69.89],[-129.0,69.94],[-128.97,69.96],[-128.93,69.98],[-128.89,69.98],[-128.9,69.93],[-128.94,69.9],[-128.94,69.87],[-129.11,69.85],[-129.17,69.83],[-129.13,69.78],[-129.16,69.71],[-129.12,69.69],[-129.04,69.69],[-128.99,69.68],[-128.94,69.68],[-128.97,69.73],[-128.94,69.74],[-128.91,69.75],[-128.83,69.75],[-128.8,69.76],[-128.74,69.79],[-128.7,69.81],[-128.64,69.85],[-128.6,69.87],[-128.43,69.93],[-128.34,69.95],[-128.31,69.96],[-128.31,70.0],[-128.34,70.03],[-128.37,70.08],[-128.36,70.12],[-128.27,70.14],[-128.24,70.15],[-128.21,70.16],[-128.17,70.17],[-128.13,70.18],[-127.99,70.18],[-127.92,70.2],[-127.89,70.21],[-127.82,70.21],[-127.59,70.24],[-127.52,70.22],[-127.58,70.25],[-127.74,70.26],[-127.87,70.27],[-128.03,70.29],[-128.06,70.31],[-128.1,70.35],[-128.01,70.36],[-127.96,70.35],[-127.93,70.39],[-128.06,70.38],[-128.14,70.37],[-128.18,70.38],[-128.2,70.45],[-128.16,70.5],[-128.12,70.54],[-128.08,70.56],[-128.01,70.58],[-127.97,70.59],[-127.93,70.57],[-127.7,70.5],[-127.45,70.41],[-127.23,70.31],[-127.19,70.28],[-127.14,70.25],[-127.06,70.18],[-126.99,70.11],[-126.93,70.06],[-126.9,70.02],[-126.83,69.99],[-126.8,69.98],[-126.79,69.95],[-126.8,69.92],[-126.77,69.86],[-126.73,69.8],[-126.68,69.75],[-126.65,69.73],[-126.28,69.55],[-126.23,69.52],[-126.17,69.51],[-126.13,69.48],[-125.94,69.41],[-125.81,69.39],[-125.78,69.39],[-125.71,69.39],[-125.67,69.39],[-125.61,69.37],[-125.45,69.32],[-125.42,69.32],[-125.38,69.34],[-125.4,69.37],[-125.45,69.39],[-125.16,69.39],[-125.13,69.41],[-125.09,69.45],[-125.15,69.45],[-125.22,69.47],[-125.25,69.46],[-125.28,69.45],[-125.47,69.45],[-125.54,69.43],[-125.58,69.44],[-125.62,69.42],[-125.59,69.45],[-125.54,69.48],[-125.5,69.48],[-125.48,69.51],[-125.44,69.51],[-125.31,69.5],[-125.25,69.5],[-125.18,69.49],[-125.12,69.49],[-125.15,69.5],[-125.24,69.52],[-125.27,69.54],[-125.22,69.59],[-125.25,69.6],[-125.42,69.6],[-125.38,69.63],[-125.42,69.64],[-125.38,69.68],[-125.34,69.7],[-125.27,69.69],[-125.23,69.69],[-125.14,69.73],[-125.1,69.73],[-125.07,69.75],[-125.03,69.75],[-124.97,69.73],[-124.95,69.7],[-124.95,69.66],[-124.92,69.65],[-124.88,69.68],[-124.85,69.72],[-124.82,69.72],[-124.87,69.74],[-124.93,69.75],[-125.08,69.76],[-125.14,69.77],[-125.17,69.78],[-125.22,69.77],[-125.26,69.79],[-125.22,69.85],[-125.18,69.86],[-125.17,69.8],[-125.08,69.8],[-125.03,69.82],[-125.02,69.86],[-124.98,69.89],[-124.93,69.93],[-124.9,69.94],[-124.71,69.98],[-124.66,69.97],[-124.63,69.99],[-124.67,70.02],[-124.7,70.02],[-124.72,69.99],[-124.77,69.97],[-124.8,69.97],[-124.83,69.98],[-124.86,69.99],[-124.83,70.0],[-124.79,70.01],[-124.9,70.02],[-124.95,70.0],[-124.99,70.01],[-125.03,70.0],[-125.06,69.99],[-125.09,69.98],[-125.13,69.96],[-125.17,69.95],[-125.21,69.94],[-125.18,69.97],[-125.21,70.0],[-125.16,70.02],[-125.13,70.04],[-125.06,70.05],[-125.03,70.06],[-125.0,70.09],[-124.99,70.05],[-125.03,70.04],[-124.95,70.02],[-124.9,70.02],[-124.86,70.04],[-124.96,70.03],[-124.86,70.06],[-124.82,70.07],[-124.78,70.06],[-124.67,70.08],[-124.63,70.06],[-124.6,70.04],[-124.58,70.01],[-124.55,70.02],[-124.53,70.06],[-124.49,70.05],[-124.45,70.04],[-124.42,70.05],[-124.45,70.08],[-124.49,70.08],[-124.54,70.07],[-124.58,70.09],[-124.54,70.09],[-124.51,70.11],[-124.59,70.12],[-124.62,70.11],[-124.71,70.09],[-124.74,70.09],[-124.71,70.1],[-124.75,70.11],[-124.73,70.14],[-124.7,70.15],[-124.67,70.15],[-124.6,70.15],[-124.57,70.16],[-124.52,70.15],[-124.44,70.16],[-124.41,70.16],[-124.38,70.14],[-124.43,70.12],[-124.39,70.09],[-124.36,70.06],[-124.39,70.02],[-124.42,70.01],[-124.48,70.02],[-124.51,70.01],[-124.44,70.0],[-124.47,69.99],[-124.52,69.97],[-124.49,69.96],[-124.44,69.96],[-124.45,69.92],[-124.49,69.92],[-124.46,69.89],[-124.43,69.86],[-124.4,69.86],[-124.43,69.85],[-124.47,69.82],[-124.49,69.78],[-124.51,69.74],[-124.48,69.72],[-124.41,69.72],[-124.37,69.7],[-124.33,69.7],[-124.29,69.7],[-124.26,69.71],[-124.23,69.73],[-124.2,69.73],[-124.07,69.73],[-124.05,69.69],[-124.18,69.63],[-124.22,69.6],[-124.22,69.57],[-124.27,69.54],[-124.34,69.52],[-124.39,69.5],[-124.43,69.47],[-124.42,69.41],[-124.5,69.42],[-124.44,69.37],[-124.38,69.37],[-124.35,69.36],[-124.16,69.35],[-124.09,69.36],[-124.05,69.39],[-124.04,69.36],[-123.99,69.35],[-124.02,69.38],[-123.98,69.4],[-123.88,69.37],[-123.84,69.39],[-123.81,69.39],[-123.75,69.38],[-123.7,69.37],[-123.66,69.36],[-123.62,69.37],[-123.54,69.38],[-123.38,69.41],[-123.42,69.42],[-123.45,69.46],[-123.41,69.48],[-123.36,69.5],[-123.27,69.51],[-123.18,69.5],[-123.16,69.54],[-123.13,69.59],[-123.16,69.61],[-123.13,69.65],[-123.1,69.67],[-123.1,69.72],[-123.13,69.76],[-123.16,69.77],[-123.08,69.79],[-123.05,69.8],[-123.01,69.83],[-122.98,69.83],[-122.95,69.84],[-122.84,69.8],[-122.77,69.79],[-122.73,69.83],[-122.7,69.82],[-122.65,69.82],[-122.58,69.81],[-122.53,69.81],[-122.48,69.8],[-122.35,69.81],[-122.17,69.8],[-122.04,69.82],[-121.64,69.79],[-121.56,69.77],[-121.43,69.77],[-121.12,69.7],[-120.81,69.62],[-120.68,69.56],[-120.68,69.33],[-120.68,69.12],[-120.68,68.9],[-120.68,68.69],[-120.68,68.55],[-120.68,68.42],[-120.68,68.29],[-120.68,68.15],[-120.68,68.12],[-120.68,68.08],[-120.68,68.05],[-120.68,68.02],[-120.64,67.99],[-120.42,67.93],[-120.2,67.86],[-119.98,67.79],[-119.76,67.72],[-119.26,67.57],[-118.77,67.42],[-118.27,67.27],[-117.77,67.11],[-117.18,66.93],[-116.59,66.75],[-116.0,66.57],[-115.41,66.39],[-114.91,66.24],[-114.41,66.09],[-113.91,65.93],[-113.41,65.78],[-113.19,65.71],[-112.96,65.64],[-112.73,65.57],[-112.5,65.5],[-112.47,65.5],[-112.43,65.5],[-112.4,65.5],[-112.36,65.5],[-112.24,65.5],[-112.12,65.5],[-111.99,65.5],[-111.87,65.5],[-111.6,65.5],[-111.33,65.5],[-111.06,65.5],[-110.78,65.5],[-110.74,65.5],[-110.71,65.5],[-110.67,65.5],[-110.63,65.48],[-110.53,65.43],[-110.43,65.38],[-110.33,65.32],[-110.23,65.27],[-110.1,65.2],[-109.97,65.14],[-109.84,65.07],[-109.7,65.0],[-109.64,64.97],[-109.58,64.93],[-109.52,64.9],[-109.45,64.88],[-109.22,64.81],[-108.97,64.78],[-108.73,64.76],[-108.48,64.74],[-107.96,64.7],[-107.45,64.66],[-106.93,64.62],[-106.41,64.58],[-105.8,64.53],[-105.19,64.48],[-104.58,64.44],[-103.97,64.39],[-103.54,64.36],[-103.12,64.32],[-102.69,64.29],[-102.26,64.25],[-102.21,64.25],[-102.12,64.25],[-102.04,64.24],[-102.0,64.23],[-101.99,64.18],[-101.99,64.13],[-101.99,64.08],[-101.99,64.03],[-101.99,63.98],[-102.0,63.94],[-102.0,63.89],[-102.01,63.85],[-102.01,63.81],[-102.01,63.77],[-102.01,63.74],[-102.01,63.7],[-102.0,63.18],[-102.0,62.66],[-102.0,62.14],[-102.0,61.63],[-102.0,61.22],[-102.0,60.81],[-102.0,60.41],[-102.0,60.0],[-102.5,60.0],[-103.0,60.0],[-103.5,60.0],[-104.0,60.0],[-104.5,60.0],[-105.0,60.0],[-105.5,60.0],[-106.0,60.0],[-106.5,60.0],[-107.0,60.0],[-107.5,60.0],[-108.0,60.0],[-108.5,60.0],[-109.0,60.0],[-109.5,60.0],[-110.0,60.0],[-110.62,60.0],[-111.25,60.0],[-111.87,60.0],[-112.5,60.0],[-113.12,60.0],[-113.75,60.0],[-114.37,60.0],[-115.0,60.0],[-115.62,60.0],[-116.25,60.0],[-116.87,60.0],[-117.5,60.0],[-118.12,60.0],[-118.75,60.0],[-119.37,60.0],[-120.0,60.0],[-120.48,60.0],[-120.95,60.0],[-121.43,60.0],[-121.91,60.0],[-122.39,60.0],[-122.86,60.0],[-123.34,60.0],[-123.82,60.0],[-123.86,60.04],[-123.9,60.04],[-123.93,60.03],[-123.99,60.02],[-124.03,60.02],[-124.0,60.07],[-123.98,60.1],[-124.0,60.13],[-124.04,60.17],[-124.1,60.22],[-124.13,60.26],[-124.16,60.3],[-124.2,60.33],[-124.21,60.37],[-124.21,60.41],[-124.22,60.46],[-124.28,60.48],[-124.32,60.48],[-124.37,60.48],[-124.42,60.48],[-124.43,60.52],[-124.46,60.57],[-124.52,60.6],[-124.58,60.64],[-124.62,60.68],[-124.6,60.72],[-124.57,60.73],[-124.5,60.76],[-124.48,60.79],[-124.5,60.82],[-124.55,60.9],[-124.57,60.94],[-124.6,60.96],[-124.65,60.96],[-124.68,60.95],[-124.73,60.96],[-124.78,60.96],[-124.81,60.97],[-124.85,60.95],[-124.88,60.9],[-124.87,60.86],[-124.92,60.86],[-124.97,60.86],[-125.0,60.86],[-125.05,60.86],[-125.09,60.85],[-125.14,60.85],[-125.18,60.85],[-125.22,60.83],[-125.28,60.8],[-125.32,60.79],[-125.36,60.78],[-125.41,60.79],[-125.45,60.8],[-125.5,60.81],[-125.55,60.82],[-125.59,60.83],[-125.64,60.83],[-125.68,60.83],[-125.72,60.83],[-125.76,60.85],[-125.79,60.87],[-125.83,60.88],[-125.86,60.89],[-125.9,60.89],[-125.94,60.88],[-125.98,60.84],[-125.99,60.81],[-126.05,60.81],[-126.09,60.81],[-126.11,60.85],[-126.14,60.87],[-126.17,60.87],[-126.22,60.86],[-126.22,60.82],[-126.25,60.79],[-126.29,60.78],[-126.33,60.78],[-126.37,60.78],[-126.41,60.78],[-126.46,60.79],[-126.5,60.81],[-126.54,60.81],[-126.6,60.78],[-126.63,60.77],[-126.66,60.75],[-126.69,60.75],[-126.74,60.78],[-126.77,60.78],[-126.82,60.77],[-126.85,60.76],[-126.89,60.79],[-126.88,60.83],[-126.92,60.85],[-126.92,60.9],[-126.9,60.94],[-126.93,60.99],[-126.94,61.03],[-126.95,61.06],[-126.99,61.07],[-127.03,61.05],[-127.07,61.05],[-127.1,61.08],[-127.06,61.1],[-127.01,61.13],[-127.01,61.18],[-127.01,61.22],[-127.02,61.25],[-127.04,61.28],[-127.06,61.32],[-127.06,61.36],[-127.09,61.38],[-127.13,61.41],[-127.15,61.47],[-127.19,61.48],[-127.22,61.49],[-127.25,61.5],[-127.28,61.52],[-127.31,61.52],[-127.35,61.51],[-127.39,61.51],[-127.43,61.51],[-127.48,61.51],[-127.52,61.51],[-127.55,61.51],[-127.59,61.53],[-127.64,61.54],[-127.68,61.56],[-127.73,61.6],[-127.77,61.6],[-127.81,61.61],[-127.84,61.63],[-127.87,61.65],[-127.9,61.67],[-127.93,61.68],[-127.97,61.69],[-128.01,61.73],[-128.01,61.77],[-128.04,61.8],[-128.07,61.84],[-128.11,61.86],[-128.17,61.85],[-128.2,61.85],[-128.24,61.88],[-128.26,61.93],[-128.3,61.96],[-128.34,61.98],[-128.38,61.99],[-128.38,62.03],[-128.42,62.05],[-128.45,62.06],[-128.48,62.07],[-128.52,62.09],[-128.56,62.12],[-128.6,62.12],[-128.65,62.12],[-128.68,62.12],[-128.72,62.11],[-128.75,62.07],[-128.78,62.06],[-128.83,62.06],[-128.86,62.09],[-128.91,62.12],[-128.96,62.13],[-129.0,62.14],[-129.03,62.14],[-129.07,62.13],[-129.11,62.12],[-129.15,62.12],[-129.2,62.14],[-129.24,62.15],[-129.27,62.15],[-129.26,62.18],[-129.23,62.19],[-129.2,62.21],[-129.24,62.23],[-129.28,62.27],[-129.3,62.31],[-129.3,62.34],[-129.27,62.36],[-129.24,62.37],[-129.28,62.4],[-129.3,62.43],[-129.26,62.46],[-129.22,62.46],[-129.18,62.47],[-129.2,62.51],[-129.25,62.52],[-129.3,62.53],[-129.33,62.54],[-129.36,62.55],[-129.42,62.58],[-129.45,62.59],[-129.51,62.57],[-129.55,62.57],[-129.52,62.6],[-129.49,62.63],[-129.52,62.65],[-129.54,62.68],[-129.58,62.7],[-129.62,62.7],[-129.63,62.74],[-129.65,62.77],[-129.69,62.81],[-129.72,62.83],[-129.76,62.85],[-129.77,62.89],[-129.74,62.89],[-129.7,62.89],[-129.72,62.92],[-129.7,62.96],[-129.67,62.99],[-129.62,63.03],[-129.61,63.07],[-129.66,63.08],[-129.7,63.07],[-129.74,63.06],[-129.79,63.08],[-129.83,63.09],[-129.85,63.13],[-129.88,63.17],[-129.91,63.2],[-129.95,63.21],[-129.99,63.22],[-130.01,63.25],[-130.06,63.27],[-130.09,63.27],[-130.12,63.26],[-130.15,63.28],[-130.13,63.32],[-130.09,63.33],[-130.04,63.35],[-130.0,63.35],[-129.97,63.35],[-129.93,63.37],[-129.9,63.4],[-129.91,63.43],[-129.87,63.46],[-129.84,63.47],[-129.84,63.5],[-129.86,63.53],[-129.89,63.56],[-129.92,63.57],[-129.96,63.58],[-129.96,63.62],[-130.0,63.63],[-130.03,63.63],[-130.07,63.63],[-130.11,63.66],[-130.09,63.7],[-130.13,63.7],[-130.16,63.69],[-130.19,63.68],[-130.22,63.67],[-130.25,63.67],[-130.29,63.69],[-130.32,63.72],[-130.28,63.74],[-130.24,63.74],[-130.21,63.76],[-130.18,63.76],[-130.13,63.76],[-130.11,63.8],[-130.15,63.81],[-130.18,63.8],[-130.22,63.81],[-130.28,63.82],[-130.32,63.83],[-130.36,63.84],[-130.4,63.86],[-130.43,63.89],[-130.47,63.91],[-130.5,63.92],[-130.54,63.93],[-130.58,63.93],[-130.65,63.95],[-130.7,63.96],[-130.74,63.97],[-130.77,64.0],[-130.75,64.04],[-130.79,64.05],[-130.84,64.04],[-130.88,64.09],[-130.91,64.1],[-130.94,64.13],[-130.91,64.17],[-130.88,64.18],[-130.92,64.2],[-130.96,64.25],[-131.0,64.27],[-131.03,64.28],[-131.06,64.28],[-131.01,64.31],[-131.03,64.34],[-131.07,64.36],[-131.09,64.39],[-131.15,64.42],[-131.18,64.43],[-131.22,64.43],[-131.25,64.43],[-131.29,64.44],[-131.33,64.45],[-131.37,64.46],[-131.4,64.46],[-131.43,64.42],[-131.46,64.41],[-131.5,64.39],[-131.54,64.39],[-131.57,64.38],[-131.6,64.37],[-131.64,64.37],[-131.67,64.39],[-131.7,64.39],[-131.73,64.39],[-131.77,64.38],[-131.82,64.38],[-131.81,64.42],[-131.77,64.46],[-131.71,64.49],[-131.68,64.52],[-131.74,64.55],[-131.78,64.55],[-131.81,64.55],[-131.85,64.56],[-131.88,64.57],[-131.91,64.58],[-131.94,64.6],[-131.98,64.63],[-132.02,64.66],[-132.05,64.7],[-132.12,64.7],[-132.16,64.71],[-132.2,64.72],[-132.24,64.74],[-132.28,64.76],[-132.32,64.77],[-132.36,64.77],[-132.4,64.77],[-132.44,64.78],[-132.48,64.78],[-132.52,64.78],[-132.56,64.77],[-132.59,64.8],[-132.62,64.82],[-132.58,64.85],[-132.54,64.86],[-132.5,64.86],[-132.48,64.9],[-132.51,64.94],[-132.49,64.97],[-132.45,64.98],[-132.42,65.0],[-132.39,65.02],[-132.35,65.02],[-132.34,65.05],[-132.37,65.08],[-132.41,65.08],[-132.45,65.08],[-132.48,65.08],[-132.53,65.09],[-132.55,65.12],[-132.53,65.16],[-132.57,65.19],[-132.61,65.18],[-132.66,65.17],[-132.72,65.16],[-132.77,65.18],[-132.73,65.19],[-132.76,65.22],[-132.73,65.23],[-132.69,65.24],[-132.66,65.27],[-132.63,65.28],[-132.57,65.28],[-132.55,65.33],[-132.5,65.37],[-132.47,65.38],[-132.44,65.39],[-132.4,65.41],[-132.37,65.43],[-132.33,65.44],[-132.31,65.48],[-132.28,65.52],[-132.26,65.55],[-132.22,65.56],[-132.19,65.58],[-132.19,65.61],[-132.21,65.65],[-132.25,65.68],[-132.28,65.69],[-132.3,65.73],[-132.37,65.77],[-132.41,65.79],[-132.46,65.81],[-132.5,65.82],[-132.54,65.83],[-132.57,65.86],[-132.51,65.9],[-132.48,65.91],[-132.44,65.92],[-132.4,65.93],[-132.37,65.94],[-132.33,65.95],[-132.35,65.99],[-132.39,66.0],[-132.44,65.99],[-132.48,65.98],[-132.52,65.99],[-132.56,66.03],[-132.6,66.03],[-132.65,66.02],[-132.69,66.01],[-132.73,65.98],[-132.78,65.97],[-132.81,65.93],[-132.86,65.91],[-132.9,65.91],[-132.94,65.91],[-132.97,65.91],[-132.97,65.94],[-132.94,65.96],[-132.91,66.0],[-132.92,66.03],[-132.96,66.03],[-133.0,66.03],[-133.03,66.02],[-133.08,66.03],[-133.13,66.02],[-133.17,66.02],[-133.22,66.01],[-133.26,65.99],[-133.3,65.99],[-133.34,65.98],[-133.39,65.95],[-133.42,65.94],[-133.46,65.95],[-133.5,65.96],[-133.53,65.96],[-133.58,65.96],[-133.61,65.96],[-133.63,65.99],[-133.61,66.04],[-133.66,66.06],[-133.7,66.06],[-133.7,66.09],[-133.66,66.12],[-133.6,66.14],[-133.57,66.15],[-133.56,66.18],[-133.58,66.22],[-133.56,66.26],[-133.58,66.29],[-133.63,66.3],[-133.69,66.3],[-133.73,66.3],[-133.76,66.3],[-133.8,66.3],[-133.8,66.34],[-133.77,66.38],[-133.76,66.42],[-133.73,66.45],[-133.69,66.45],[-133.65,66.44],[-133.66,66.48],[-133.69,66.52],[-133.64,66.55],[-133.6,66.56],[-133.63,66.58],[-133.66,66.59],[-133.7,66.61],[-133.73,66.64],[-133.76,66.64],[-133.76,66.67],[-133.77,66.7],[-133.81,66.71],[-133.81,66.75],[-133.78,66.76],[-133.76,66.8],[-133.8,66.82],[-133.83,66.85],[-133.87,66.87],[-133.92,66.91],[-133.96,66.92],[-134.0,66.93],[-134.04,66.94],[-134.07,66.94],[-134.08,66.97],[-134.04,66.99],[-133.98,66.98],[-133.93,66.98],[-133.87,66.99],[-133.83,67.0],[-133.93,67.0],[-134.02,67.0],[-134.11,67.0],[-134.21,67.0],[-134.3,67.0],[-134.42,67.0],[-134.53,67.0],[-134.65,67.0],[-134.77,67.0],[-134.88,67.0],[-135.0,67.0],[-135.12,67.0],[-135.23,67.0],[-135.29,67.0],[-135.42,67.0],[-135.55,67.0],[-135.61,67.0],[-135.7,67.0],[-135.8,67.0],[-135.9,67.0],[-135.99,67.0],[-136.09,67.0],[-136.13,67.0],[-136.16,67.0],[-136.19,67.04],[-136.22,67.06],[-136.22,67.1],[-136.2,67.15],[-136.23,67.17],[-136.21,67.2],[-136.17,67.21],[-136.14,67.22],[-136.13,67.25],[-136.12,67.28],[-136.1,67.31],[-136.13,67.34],[-136.12,67.38],[-136.16,67.4],[-136.19,67.41],[-136.18,67.45],[-136.18,67.48],[-136.18,67.52],[-136.19,67.56],[-136.22,67.6],[-136.25,67.62],[-136.28,67.63],[-136.31,67.64],[-136.35,67.64],[-136.39,67.65],[-136.43,67.66],[-136.43,67.7],[-136.44,67.73],[-136.44,67.77],[-136.44,67.87],[-136.45,67.96],[-136.45,68.05],[-136.44,68.14],[-136.44,68.24],[-136.44,68.33],[-136.44,68.43],[-136.44,68.53],[-136.44,68.58],[-136.44,68.63],[-136.44,68.68],[-136.44,68.73],[-136.44,68.78],[-136.44,68.86],[-136.44,68.91]]],[[[-128.23,70.66],[-128.2,70.66],[-128.16,70.65],[-128.11,70.63],[-128.08,70.61],[-128.12,70.61],[-128.12,70.58],[-128.16,70.58],[-128.19,70.58],[-128.22,70.6],[-128.26,70.59],[-128.34,70.54],[-128.26,70.65],[-128.23,70.66]]],[[[-110.51,72.59],[-110.47,72.57],[-110.54,72.57],[-110.58,72.58],[-110.55,72.6],[-110.51,72.59]]],[[[-110.31,72.66],[-110.28,72.65],[-110.34,72.63],[-110.41,72.64],[-110.36,72.65],[-110.31,72.66]]],[[[-110.0,72.76],[-110.05,72.76],[-110.11,72.76],[-110.15,72.76],[-110.19,72.74],[-110.23,72.74],[-110.27,72.74],[-110.24,72.76],[-110.2,72.76],[-110.17,72.79],[-110.2,72.8],[-110.23,72.82],[-110.48,72.84],[-110.53,72.85],[-110.57,72.87],[-110.61,72.9],[-110.68,72.93],[-110.72,72.95],[-110.75,72.97],[-110.74,73.0],[-110.7,73.01],[-110.39,73.0],[-110.08,73.0],[-110.0,72.99],[-110.0,72.94],[-110.0,72.76]]],[[[-110.0,72.63],[-110.06,72.65],[-110.1,72.66],[-110.14,72.66],[-110.18,72.65],[-110.22,72.65],[-110.27,72.66],[-110.2,72.68],[-110.17,72.69],[-110.2,72.71],[-110.12,72.73],[-110.04,72.72],[-110.0,72.71],[-110.0,72.63]]],[[[-110.0,72.5],[-110.04,72.51],[-110.26,72.56],[-110.2,72.57],[-110.1,72.56],[-110.0,72.52]]],[[[-116.86,69.65],[-116.92,69.67],[-116.97,69.69],[-117.06,69.69],[-117.1,69.7],[-117.14,69.73],[-117.21,69.75],[-117.24,69.76],[-117.27,69.78],[-117.28,69.83],[-117.33,69.87],[-117.37,69.92],[-117.38,69.95],[-117.44,69.99],[-117.41,70.02],[-117.36,70.05],[-117.3,70.06],[-117.2,70.09],[-116.97,70.13],[-116.74,70.15],[-116.51,70.16],[-116.03,70.22],[-115.64,70.25],[-115.23,70.26],[-115.05,70.28],[-114.76,70.29],[-114.51,70.32],[-114.18,70.32],[-114.04,70.28],[-113.64,70.26],[-113.48,70.28],[-113.22,70.26],[-112.99,70.23],[-112.96,70.25],[-112.86,70.24],[-112.83,70.23],[-112.59,70.2],[-112.55,70.2],[-112.52,70.21],[-112.58,70.22],[-112.53,70.25],[-112.46,70.24],[-112.42,70.23],[-112.36,70.24],[-112.39,70.25],[-112.34,70.27],[-112.17,70.27],[-112.14,70.28],[-112.27,70.28],[-112.31,70.3],[-112.26,70.31],[-111.94,70.26],[-111.84,70.27],[-111.72,70.26],[-111.64,70.28],[-111.55,70.27],[-111.47,70.28],[-111.56,70.3],[-111.59,70.31],[-111.56,70.32],[-111.51,70.32],[-111.52,70.35],[-111.57,70.36],[-111.81,70.35],[-111.88,70.37],[-111.96,70.37],[-112.01,70.39],[-112.06,70.41],[-112.08,70.44],[-112.12,70.48],[-112.17,70.5],[-112.2,70.51],[-112.26,70.5],[-112.33,70.52],[-112.39,70.51],[-112.43,70.53],[-112.5,70.52],[-112.54,70.52],[-112.58,70.53],[-112.64,70.55],[-112.68,70.56],[-112.73,70.57],[-112.82,70.57],[-112.85,70.57],[-112.89,70.55],[-112.93,70.57],[-113.05,70.59],[-113.09,70.61],[-113.13,70.62],[-113.18,70.61],[-113.21,70.64],[-113.36,70.65],[-113.41,70.65],[-113.49,70.68],[-113.52,70.68],[-113.56,70.64],[-113.6,70.65],[-113.64,70.67],[-113.69,70.68],[-113.72,70.69],[-113.99,70.72],[-114.04,70.71],[-114.14,70.67],[-114.18,70.67],[-114.35,70.69],[-114.4,70.68],[-114.51,70.64],[-114.87,70.63],[-115.04,70.6],[-115.24,70.61],[-115.5,70.6],[-115.55,70.58],[-115.58,70.58],[-115.73,70.61],[-116.04,70.58],[-116.19,70.6],[-116.19,70.63],[-116.23,70.64],[-116.58,70.63],[-116.65,70.61],[-116.68,70.61],[-116.99,70.6],[-117.24,70.62],[-117.33,70.6],[-117.37,70.63],[-117.51,70.62],[-117.55,70.6],[-117.59,70.61],[-117.7,70.64],[-117.74,70.66],[-117.71,70.7],[-117.77,70.73],[-117.81,70.74],[-117.87,70.75],[-118.19,70.84],[-118.27,70.88],[-118.32,70.91],[-118.41,70.97],[-118.39,71.02],[-118.09,71.1],[-117.8,71.17],[-117.47,71.19],[-117.1,71.24],[-116.9,71.24],[-116.85,71.25],[-116.82,71.26],[-116.81,71.29],[-116.31,71.35],[-116.27,71.36],[-116.1,71.38],[-116.17,71.35],[-116.13,71.35],[-116.1,71.35],[-116.05,71.36],[-115.76,71.37],[-115.73,71.39],[-115.79,71.39],[-115.9,71.39],[-116.07,71.42],[-116.21,71.43],[-116.05,71.44],[-115.74,71.51],[-115.75,71.48],[-115.61,71.5],[-115.58,71.49],[-115.49,71.47],[-115.42,71.45],[-115.39,71.46],[-115.36,71.47],[-115.32,71.48],[-115.21,71.48],[-115.15,71.5],[-115.06,71.52],[-115.11,71.54],[-115.3,71.5],[-115.43,71.49],[-115.5,71.49],[-115.56,71.51],[-115.45,71.53],[-115.61,71.56],[-115.82,71.55],[-115.89,71.53],[-115.98,71.53],[-116.04,71.51],[-116.14,71.51],[-116.18,71.5],[-116.55,71.48],[-116.63,71.45],[-116.73,71.46],[-116.82,71.43],[-116.92,71.43],[-117.05,71.44],[-117.09,71.43],[-117.13,71.42],[-117.17,71.41],[-117.21,71.4],[-117.29,71.4],[-117.37,71.39],[-117.41,71.39],[-117.4,71.43],[-117.48,71.46],[-117.47,71.49],[-117.5,71.5],[-117.54,71.5],[-117.58,71.48],[-117.61,71.48],[-117.62,71.45],[-117.53,71.45],[-117.5,71.44],[-117.51,71.39],[-117.55,71.37],[-117.71,71.39],[-117.77,71.38],[-117.8,71.37],[-117.84,71.38],[-117.88,71.39],[-118.16,71.38],[-118.24,71.39],[-118.31,71.43],[-118.31,71.47],[-118.25,71.5],[-118.13,71.54],[-117.93,71.55],[-117.78,71.53],[-117.82,71.55],[-117.76,71.56],[-117.69,71.55],[-117.65,71.57],[-117.69,71.58],[-117.77,71.59],[-117.81,71.59],[-117.9,71.62],[-117.94,71.6],[-117.97,71.62],[-117.94,71.64],[-117.87,71.64],[-117.7,71.67],[-118.08,71.66],[-118.13,71.65],[-118.18,71.63],[-118.2,71.6],[-118.3,71.59],[-118.36,71.59],[-118.41,71.58],[-118.4,71.62],[-118.46,71.64],[-118.49,71.66],[-118.55,71.66],[-118.59,71.67],[-118.63,71.65],[-118.66,71.65],[-118.83,71.66],[-118.86,71.66],[-118.89,71.62],[-118.87,71.59],[-118.93,71.59],[-119.0,71.62],[-119.03,71.62],[-119.09,71.67],[-119.12,71.74],[-119.14,71.77],[-119.13,71.8],[-119.11,71.84],[-119.1,71.88],[-119.08,71.92],[-119.05,71.94],[-118.95,71.99],[-118.83,72.04],[-118.75,72.05],[-118.72,72.07],[-118.72,72.11],[-118.68,72.14],[-118.58,72.18],[-118.44,72.18],[-118.13,72.23],[-118.12,72.31],[-118.17,72.34],[-118.24,72.35],[-118.43,72.35],[-118.5,72.36],[-118.54,72.37],[-118.59,72.41],[-118.57,72.48],[-118.51,72.51],[-118.28,72.59],[-118.25,72.59],[-118.21,72.62],[-118.17,72.64],[-118.13,72.65],[-118.04,72.67],[-118.0,72.67],[-117.87,72.7],[-117.81,72.74],[-117.6,72.8],[-117.55,72.83],[-117.48,72.85],[-117.4,72.91],[-117.37,72.92],[-117.21,72.92],[-117.11,72.94],[-116.89,72.97],[-116.64,73.03],[-116.59,73.06],[-116.5,73.06],[-116.45,73.07],[-116.32,73.09],[-116.2,73.12],[-116.01,73.14],[-115.76,73.19],[-115.57,73.2],[-115.4,73.23],[-115.35,73.26],[-115.23,73.26],[-115.13,73.3],[-114.91,73.32],[-114.74,73.37],[-114.68,73.38],[-114.58,73.38],[-114.41,73.35],[-114.27,73.34],[-114.2,73.31],[-114.02,73.21],[-113.98,73.18],[-113.96,73.14],[-114.0,73.07],[-114.01,73.03],[-114.04,72.98],[-114.02,72.93],[-114.05,72.9],[-114.04,72.86],[-113.99,72.84],[-114.02,72.8],[-114.24,72.79],[-114.28,72.77],[-114.34,72.76],[-114.35,72.73],[-114.34,72.7],[-114.31,72.69],[-114.27,72.7],[-114.31,72.67],[-114.4,72.66],[-114.43,72.65],[-114.6,72.61],[-114.57,72.6],[-114.56,72.57],[-114.51,72.57],[-114.41,72.56],[-114.36,72.56],[-114.32,72.59],[-114.26,72.6],[-114.13,72.64],[-113.88,72.66],[-113.8,72.64],[-113.56,72.7],[-113.51,72.7],[-113.56,72.67],[-113.68,72.64],[-113.73,72.61],[-113.69,72.61],[-113.66,72.61],[-113.62,72.64],[-113.59,72.64],[-113.48,72.67],[-113.44,72.69],[-113.42,72.73],[-113.56,72.75],[-113.6,72.76],[-113.57,72.8],[-113.48,72.84],[-113.39,72.91],[-113.19,72.99],[-113.02,73.02],[-112.94,73.0],[-112.86,73.0],[-112.81,72.99],[-112.53,72.96],[-112.37,72.91],[-112.28,72.9],[-112.08,72.9],[-112.01,72.88],[-111.92,72.87],[-111.88,72.86],[-111.71,72.83],[-111.65,72.81],[-111.55,72.81],[-111.51,72.8],[-111.48,72.78],[-111.43,72.75],[-111.39,72.74],[-111.31,72.74],[-111.22,72.72],[-111.21,72.68],[-111.25,72.63],[-111.26,72.59],[-111.29,72.57],[-111.49,72.51],[-111.46,72.5],[-111.56,72.44],[-111.85,72.38],[-111.89,72.37],[-111.87,72.34],[-111.84,72.33],[-111.8,72.32],[-111.75,72.33],[-111.69,72.36],[-111.66,72.36],[-111.66,72.32],[-111.72,72.3],[-111.72,72.27],[-111.77,72.24],[-111.77,72.21],[-111.73,72.21],[-111.71,72.25],[-111.66,72.29],[-111.62,72.29],[-111.56,72.31],[-111.48,72.32],[-111.42,72.35],[-111.46,72.35],[-111.51,72.34],[-111.55,72.34],[-111.58,72.34],[-111.61,72.37],[-111.57,72.39],[-111.53,72.4],[-111.48,72.4],[-111.44,72.41],[-111.41,72.43],[-111.38,72.45],[-111.35,72.46],[-111.3,72.47],[-111.24,72.47],[-111.21,72.46],[-111.24,72.44],[-111.34,72.42],[-111.37,72.41],[-111.3,72.41],[-111.36,72.37],[-111.33,72.35],[-111.29,72.37],[-111.24,72.37],[-111.2,72.34],[-111.14,72.34],[-111.09,72.32],[-111.06,72.3],[-111.03,72.29],[-111.05,72.33],[-111.09,72.37],[-111.09,72.41],[-111.05,72.42],[-111.01,72.43],[-110.98,72.45],[-110.97,72.48],[-110.94,72.48],[-110.79,72.48],[-110.84,72.52],[-110.73,72.57],[-110.7,72.58],[-110.62,72.56],[-110.59,72.55],[-110.53,72.55],[-110.49,72.56],[-110.59,72.51],[-110.57,72.48],[-110.51,72.47],[-110.45,72.46],[-110.39,72.44],[-110.36,72.43],[-110.33,72.43],[-110.49,72.48],[-110.53,72.5],[-110.49,72.53],[-110.46,72.53],[-110.42,72.53],[-110.39,72.56],[-110.35,72.56],[-110.29,72.54],[-110.24,72.53],[-110.16,72.48],[-110.11,72.46],[-110.06,72.44],[-110.01,72.46],[-110.0,72.27],[-110.0,72.15],[-110.0,72.0],[-110.0,71.85],[-110.0,71.65],[-110.0,71.52],[-110.0,71.39],[-110.0,71.16],[-110.0,70.93],[-110.0,70.7],[-110.0,70.46],[-110.0,70.33],[-110.0,70.19],[-110.0,70.0],[-110.16,70.0],[-110.32,70.0],[-110.49,70.0],[-110.65,70.0],[-111.11,70.0],[-111.57,70.0],[-112.04,70.0],[-112.5,70.0],[-112.5,69.96],[-112.5,69.91],[-112.54,69.91],[-112.58,69.92],[-112.63,69.91],[-112.66,69.9],[-112.62,69.9],[-112.57,69.89],[-112.53,69.89],[-112.49,69.89],[-112.45,69.9],[-112.41,69.89],[-112.43,69.86],[-112.49,69.85],[-112.52,69.85],[-112.55,69.85],[-112.6,69.85],[-112.63,69.86],[-112.65,69.83],[-112.7,69.83],[-112.75,69.83],[-112.8,69.83],[-112.85,69.83],[-112.88,69.85],[-112.88,69.88],[-112.88,69.93],[-112.88,69.98],[-112.92,70.0],[-112.95,70.0],[-113.04,70.0],[-113.11,70.0],[-113.18,70.0],[-113.26,70.0],[-113.5,70.0],[-113.75,70.0],[-114.0,70.0],[-114.25,70.0],[-114.83,70.0],[-115.4,70.0],[-115.98,70.0],[-116.56,70.0],[-116.69,70.0],[-116.83,70.0],[-116.97,70.0],[-117.02,70.0],[-117.12,70.0],[-117.13,69.97],[-117.14,69.91],[-117.1,69.87],[-117.06,69.85],[-116.98,69.8],[-116.91,69.77],[-116.84,69.74],[-116.78,69.7],[-116.74,69.69],[-116.7,69.67],[-116.66,69.65],[-116.63,69.63],[-116.66,69.63],[-116.69,69.63],[-116.72,69.63],[-116.75,69.63],[-116.8,69.64],[-116.83,69.64]]],[[[-115.32,73.51],[-115.35,73.48],[-115.4,73.47],[-115.45,73.43],[-115.54,73.42],[-115.59,73.4],[-115.75,73.36],[-115.98,73.32],[-116.22,73.28],[-116.46,73.26],[-116.5,73.24],[-116.71,73.2],[-116.77,73.18],[-116.85,73.17],[-116.91,73.14],[-116.98,73.12],[-117.15,73.09],[-117.2,73.07],[-117.39,73.06],[-117.69,72.98],[-117.76,72.97],[-117.87,72.93],[-117.99,72.9],[-118.04,72.89],[-118.24,72.86],[-118.43,72.81],[-118.49,72.78],[-118.52,72.76],[-118.57,72.75],[-118.72,72.75],[-118.77,72.74],[-118.91,72.69],[-119.12,72.64],[-119.16,72.63],[-119.18,72.6],[-119.18,72.55],[-119.23,72.51],[-119.26,72.47],[-119.29,72.46],[-119.33,72.41],[-119.33,72.38],[-119.3,72.37],[-119.33,72.35],[-119.39,72.34],[-119.44,72.32],[-119.65,72.27],[-119.77,72.23],[-119.81,72.22],[-119.9,72.23],[-119.93,72.23],[-119.98,72.22],[-120.18,72.24],[-120.14,72.25],[-120.19,72.27],[-120.23,72.27],[-120.26,72.24],[-120.2,72.22],[-120.17,72.18],[-120.15,72.15],[-120.17,72.11],[-120.2,72.09],[-120.31,72.02],[-120.35,72.0],[-120.39,71.98],[-120.43,71.96],[-120.41,71.9],[-120.4,71.86],[-120.41,71.81],[-120.42,71.76],[-120.39,71.71],[-120.41,71.66],[-120.42,71.63],[-120.52,71.54],[-120.64,71.49],[-120.76,71.47],[-120.99,71.43],[-121.21,71.41],[-121.42,71.38],[-121.61,71.4],[-121.55,71.42],[-121.57,71.45],[-121.6,71.46],[-121.65,71.47],[-121.7,71.47],[-121.74,71.46],[-121.85,71.41],[-121.93,71.36],[-121.98,71.35],[-122.06,71.3],[-122.12,71.27],[-122.16,71.26],[-122.23,71.25],[-122.32,71.23],[-122.4,71.23],[-122.63,71.17],[-122.67,71.15],[-122.7,71.14],[-122.73,71.11],[-122.8,71.09],[-123.1,71.08],[-123.15,71.09],[-123.26,71.13],[-123.35,71.18],[-123.44,71.25],[-123.56,71.4],[-123.62,71.46],[-123.67,71.49],[-123.72,71.52],[-123.8,71.54],[-123.84,71.57],[-123.94,71.65],[-124.06,71.7],[-124.36,71.75],[-124.66,71.8],[-124.87,71.86],[-124.97,71.89],[-125.23,71.94],[-125.03,71.96],[-124.98,71.95],[-124.95,71.94],[-124.96,71.97],[-125.01,71.98],[-125.27,71.98],[-125.57,71.97],[-125.79,71.95],[-125.88,71.96],[-125.81,71.98],[-125.78,71.99],[-125.74,72.02],[-125.73,72.06],[-125.73,72.11],[-125.8,72.11],[-125.75,72.15],[-125.69,72.17],[-125.62,72.18],[-125.57,72.18],[-125.63,72.19],[-125.66,72.19],[-125.68,72.23],[-125.57,72.25],[-125.5,72.27],[-125.49,72.31],[-125.52,72.29],[-125.51,72.33],[-125.47,72.35],[-125.44,72.36],[-125.39,72.4],[-125.43,72.41],[-125.34,72.42],[-125.31,72.46],[-125.26,72.5],[-125.22,72.51],[-125.18,72.52],[-125.06,72.57],[-125.03,72.57],[-124.97,72.57],[-124.97,72.61],[-125.04,72.61],[-125.1,72.63],[-125.06,72.64],[-125.03,72.66],[-124.99,72.67],[-124.95,72.7],[-125.02,72.7],[-124.99,72.73],[-124.99,72.77],[-125.02,72.8],[-125.04,72.83],[-125.08,72.84],[-125.11,72.85],[-125.08,72.88],[-125.03,72.87],[-124.99,72.87],[-124.95,72.86],[-124.78,72.9],[-124.71,72.89],[-124.58,72.91],[-124.52,72.92],[-124.49,72.93],[-124.53,72.96],[-124.5,72.97],[-124.54,72.98],[-124.59,73.0],[-124.62,73.01],[-124.72,73.03],[-124.75,73.02],[-124.85,73.06],[-124.85,73.1],[-124.82,73.11],[-124.79,73.14],[-124.67,73.15],[-124.64,73.17],[-124.67,73.19],[-124.6,73.24],[-124.57,73.25],[-124.54,73.3],[-124.49,73.34],[-124.42,73.36],[-124.41,73.39],[-124.44,73.41],[-124.41,73.44],[-124.31,73.46],[-124.28,73.48],[-124.18,73.48],[-124.15,73.52],[-124.09,73.53],[-124.07,73.57],[-124.07,73.61],[-124.08,73.64],[-124.01,73.67],[-123.92,73.7],[-123.87,73.7],[-123.84,73.7],[-123.85,73.73],[-123.77,73.77],[-123.82,73.81],[-123.88,73.84],[-124.15,73.85],[-124.19,73.86],[-124.23,73.89],[-124.2,73.92],[-124.24,73.94],[-124.28,73.97],[-124.31,73.98],[-124.35,73.98],[-124.36,74.01],[-124.39,74.03],[-124.45,74.06],[-124.47,74.11],[-124.43,74.12],[-124.46,74.15],[-124.5,74.18],[-124.53,74.22],[-124.55,74.27],[-124.58,74.27],[-124.66,74.27],[-124.69,74.28],[-124.6,74.31],[-124.65,74.32],[-124.75,74.32],[-124.79,74.33],[-124.76,74.35],[-124.68,74.35],[-124.41,74.37],[-124.23,74.38],[-124.12,74.38],[-123.73,74.41],[-123.68,74.43],[-123.48,74.43],[-123.3,74.45],[-122.99,74.45],[-122.62,74.46],[-122.4,74.48],[-122.12,74.5],[-121.79,74.54],[-121.58,74.56],[-121.43,74.53],[-121.28,74.53],[-121.21,74.51],[-121.13,74.51],[-121.01,74.47],[-120.98,74.45],[-120.98,74.42],[-120.93,74.42],[-120.55,74.35],[-120.16,74.28],[-119.98,74.27],[-119.94,74.26],[-119.86,74.24],[-119.57,74.24],[-119.52,74.23],[-119.55,74.22],[-119.63,74.23],[-119.66,74.23],[-119.65,74.2],[-119.69,74.17],[-119.82,74.1],[-119.83,74.07],[-119.8,74.04],[-119.77,74.04],[-119.74,74.03],[-119.75,74.07],[-119.75,74.1],[-119.72,74.11],[-119.62,74.13],[-119.58,74.16],[-119.54,74.18],[-119.51,74.21],[-119.48,74.23],[-119.44,74.23],[-119.37,74.22],[-119.24,74.23],[-119.14,74.21],[-119.11,74.18],[-119.13,74.13],[-119.1,74.13],[-119.07,74.09],[-119.12,74.07],[-119.16,74.03],[-119.19,73.99],[-119.15,74.0],[-119.07,74.02],[-119.02,74.02],[-118.98,74.01],[-118.93,74.03],[-118.88,74.08],[-118.82,74.09],[-118.8,74.13],[-118.85,74.15],[-118.88,74.18],[-118.84,74.2],[-118.79,74.2],[-118.73,74.22],[-118.63,74.23],[-118.56,74.24],[-118.46,74.25],[-118.4,74.26],[-118.07,74.28],[-117.74,74.26],[-117.42,74.23],[-117.14,74.16],[-116.87,74.09],[-116.63,73.99],[-116.39,73.9],[-116.36,73.89],[-116.33,73.87],[-116.25,73.86],[-116.18,73.83],[-115.98,73.77],[-115.92,73.73],[-115.74,73.68],[-115.65,73.68],[-115.62,73.67],[-115.58,73.64],[-115.53,73.63],[-115.49,73.6],[-115.4,73.57],[-115.36,73.54],[-115.33,73.52]]],[[[-121.0,75.93],[-120.96,75.94],[-120.92,75.94],[-120.88,75.94],[-120.87,75.9],[-120.9,75.84],[-120.91,75.81],[-120.99,75.76],[-121.06,75.74],[-121.09,75.73],[-121.17,75.73],[-121.26,75.75],[-121.29,75.76],[-121.25,75.78],[-121.12,75.8],[-121.09,75.81],[-121.05,75.81],[-121.02,75.82],[-121.0,75.87],[-121.05,75.9],[-121.0,75.93]]],[[[-117.78,75.9],[-117.83,75.87],[-117.88,75.83],[-117.93,75.79],[-117.94,75.75],[-117.97,75.73],[-118.01,75.71],[-118.27,75.62],[-118.22,75.61],[-118.25,75.6],[-118.61,75.5],[-118.66,75.5],[-118.71,75.51],[-118.8,75.53],[-118.94,75.53],[-118.91,75.55],[-118.87,75.55],[-118.94,75.56],[-119.0,75.56],[-119.06,75.57],[-119.09,75.57],[-119.2,75.56],[-119.41,75.6],[-119.33,75.66],[-119.05,75.75],[-118.99,75.76],[-118.92,75.8],[-118.84,75.84],[-118.8,75.85],[-118.76,75.85],[-118.69,75.9],[-118.62,75.92],[-118.32,75.97],[-118.21,75.97],[-118.17,75.97],[-118.12,76.02],[-118.09,76.04],[-118.05,76.04],[-118.02,76.04],[-117.89,76.07],[-117.8,76.11],[-117.66,76.13],[-117.63,76.12],[-117.59,76.12],[-117.54,76.11],[-117.46,76.09],[-117.5,76.05],[-117.54,76.02],[-117.58,76.01],[-117.6,75.97],[-117.64,75.95],[-117.67,75.93],[-117.76,75.91]]],[[[-110.0,76.23],[-110.15,76.28],[-110.38,76.3],[-110.34,76.33],[-110.38,76.36],[-110.38,76.39],[-110.38,76.43],[-110.32,76.43],[-110.11,76.45],[-110.05,76.48],[-110.01,76.49],[-110.0,76.46],[-110.0,76.24]]],[[[-110.0,74.85],[-110.05,74.83],[-110.09,74.83],[-110.15,74.83],[-110.31,74.85],[-110.38,74.84],[-110.41,74.83],[-110.34,74.81],[-110.31,74.81],[-110.34,74.8],[-110.6,74.79],[-110.65,74.79],[-110.63,74.74],[-110.59,74.73],[-110.62,74.71],[-110.77,74.68],[-110.84,74.66],[-110.95,74.65],[-111.0,74.62],[-111.08,74.62],[-111.16,74.59],[-111.23,74.59],[-111.3,74.56],[-111.41,74.57],[-111.57,74.53],[-111.66,74.5],[-111.95,74.47],[-112.24,74.45],[-112.31,74.43],[-112.39,74.42],[-112.44,74.41],[-112.63,74.41],[-113.02,74.4],[-113.22,74.4],[-113.45,74.42],[-113.69,74.44],[-113.77,74.47],[-114.17,74.57],[-114.39,74.64],[-114.43,74.66],[-114.42,74.7],[-114.31,74.73],[-114.23,74.76],[-113.97,74.81],[-113.83,74.81],[-113.75,74.83],[-113.63,74.84],[-113.5,74.84],[-113.42,74.86],[-113.34,74.86],[-113.26,74.85],[-113.22,74.85],[-113.19,74.86],[-113.26,74.88],[-113.33,74.88],[-113.29,74.89],[-113.21,74.89],[-113.17,74.92],[-113.11,74.94],[-113.01,74.95],[-112.96,74.97],[-112.8,74.99],[-112.7,74.98],[-112.55,75.0],[-112.27,75.0],[-112.06,75.01],[-111.91,75.0],[-111.78,74.99],[-111.67,75.0],[-111.59,75.01],[-111.56,75.01],[-111.5,75.04],[-111.55,75.05],[-111.58,75.06],[-111.54,75.07],[-111.51,75.07],[-111.44,75.06],[-111.4,75.06],[-111.29,75.09],[-111.34,75.11],[-111.29,75.11],[-111.19,75.14],[-111.16,75.14],[-111.13,75.15],[-111.1,75.15],[-111.03,75.18],[-111.07,75.19],[-111.02,75.2],[-110.99,75.22],[-110.94,75.22],[-110.95,75.25],[-111.1,75.27],[-111.24,75.27],[-111.27,75.23],[-111.31,75.21],[-111.37,75.19],[-111.43,75.18],[-111.49,75.17],[-111.52,75.16],[-111.57,75.17],[-111.6,75.17],[-111.56,75.15],[-111.68,75.15],[-111.73,75.18],[-111.77,75.19],[-111.9,75.14],[-112.06,75.15],[-112.21,75.13],[-112.35,75.12],[-112.42,75.13],[-112.47,75.15],[-112.43,75.16],[-112.36,75.17],[-112.31,75.19],[-112.39,75.21],[-112.36,75.22],[-112.39,75.24],[-112.42,75.24],[-112.46,75.22],[-112.44,75.19],[-112.59,75.18],[-112.62,75.19],[-112.62,75.23],[-112.62,75.26],[-112.65,75.28],[-112.68,75.28],[-112.72,75.25],[-112.74,75.21],[-112.71,75.19],[-112.7,75.15],[-112.73,75.14],[-112.86,75.11],[-113.02,75.09],[-113.05,75.1],[-113.08,75.11],[-113.12,75.14],[-113.16,75.11],[-113.21,75.09],[-113.35,75.08],[-113.45,75.09],[-113.62,75.07],[-113.65,75.07],[-113.89,75.06],[-113.96,75.07],[-113.95,75.12],[-113.91,75.15],[-113.65,75.19],[-113.68,75.2],[-113.72,75.2],[-113.87,75.17],[-113.91,75.17],[-113.94,75.18],[-113.88,75.25],[-113.84,75.3],[-113.81,75.32],[-113.78,75.34],[-113.68,75.36],[-113.6,75.37],[-113.53,75.39],[-113.38,75.42],[-113.32,75.42],[-113.35,75.42],[-113.42,75.42],[-113.46,75.42],[-113.52,75.42],[-113.87,75.37],[-113.9,75.38],[-113.97,75.43],[-114.04,75.47],[-114.09,75.46],[-114.09,75.41],[-114.05,75.39],[-114.06,75.35],[-114.09,75.31],[-114.12,75.27],[-114.16,75.24],[-114.2,75.23],[-114.25,75.23],[-114.31,75.24],[-114.35,75.26],[-114.49,75.3],[-114.55,75.31],[-114.59,75.3],[-114.62,75.28],[-114.58,75.27],[-114.55,75.27],[-114.45,75.26],[-114.41,75.25],[-114.39,75.22],[-114.36,75.2],[-114.32,75.19],[-114.31,75.16],[-114.38,75.11],[-114.44,75.07],[-114.7,75.02],[-114.96,74.97],[-115.06,74.97],[-115.15,74.98],[-115.18,74.99],[-115.21,75.02],[-115.23,75.06],[-115.18,75.09],[-115.18,75.13],[-115.23,75.17],[-115.26,75.18],[-115.27,75.15],[-115.41,75.1],[-115.45,75.1],[-115.52,75.13],[-115.65,75.15],[-115.61,75.12],[-115.59,75.09],[-115.56,75.06],[-115.55,75.02],[-115.58,75.0],[-115.63,74.98],[-115.66,74.97],[-115.72,74.97],[-115.93,75.0],[-116.03,75.03],[-116.17,75.04],[-116.26,75.06],[-116.14,75.08],[-116.08,75.1],[-116.04,75.13],[-116.08,75.13],[-116.27,75.1],[-116.31,75.1],[-116.34,75.12],[-116.28,75.14],[-116.25,75.16],[-116.25,75.2],[-116.47,75.18],[-116.52,75.19],[-116.55,75.19],[-116.6,75.17],[-116.67,75.13],[-116.77,75.12],[-116.89,75.14],[-116.95,75.16],[-116.99,75.15],[-117.02,75.15],[-117.51,75.2],[-117.59,75.23],[-117.65,75.24],[-117.69,75.26],[-117.65,75.28],[-117.65,75.31],[-117.62,75.31],[-117.56,75.31],[-117.58,75.34],[-117.55,75.36],[-117.3,75.46],[-117.2,75.48],[-116.82,75.48],[-116.45,75.48],[-116.37,75.49],[-116.15,75.48],[-116.04,75.48],[-115.59,75.59],[-115.26,75.6],[-115.27,75.64],[-115.11,75.69],[-115.02,75.69],[-115.05,75.71],[-115.37,75.66],[-115.7,75.65],[-115.77,75.63],[-115.98,75.61],[-116.1,75.59],[-116.48,75.58],[-116.84,75.58],[-117.2,75.58],[-117.24,75.58],[-117.25,75.61],[-116.97,75.76],[-116.89,75.79],[-116.52,75.8],[-116.16,75.82],[-115.8,75.83],[-115.76,75.86],[-115.58,75.83],[-115.23,75.85],[-114.87,75.87],[-114.83,75.88],[-114.83,75.91],[-114.86,75.91],[-115.28,75.9],[-115.7,75.89],[-115.76,75.9],[-116.2,75.87],[-116.24,75.87],[-116.71,75.9],[-116.74,75.94],[-116.71,75.96],[-116.62,75.98],[-116.56,75.98],[-116.48,75.97],[-116.52,76.0],[-116.5,76.03],[-116.54,76.04],[-116.66,76.02],[-116.7,76.04],[-116.69,76.08],[-116.65,76.1],[-116.61,76.12],[-116.57,76.13],[-116.53,76.16],[-116.16,76.2],[-115.95,76.2],[-115.84,76.18],[-115.67,76.18],[-115.45,76.19],[-115.16,76.17],[-115.04,76.16],[-114.95,76.16],[-114.83,76.15],[-114.71,76.15],[-114.67,76.16],[-114.71,76.17],[-114.79,76.17],[-114.88,76.18],[-114.98,76.18],[-115.04,76.21],[-115.28,76.24],[-115.53,76.24],[-115.78,76.24],[-115.88,76.25],[-115.92,76.28],[-115.85,76.32],[-115.9,76.34],[-115.87,76.36],[-115.51,76.46],[-115.02,76.48],[-114.98,76.49],[-114.9,76.52],[-114.87,76.52],[-114.7,76.52],[-114.75,76.5],[-114.45,76.5],[-114.21,76.47],[-114.16,76.46],[-114.13,76.45],[-114.09,76.39],[-114.12,76.37],[-114.18,76.36],[-114.15,76.34],[-114.11,76.34],[-114.14,76.32],[-114.08,76.29],[-114.01,76.27],[-113.98,76.26],[-114.03,76.23],[-114.06,76.22],[-114.03,76.21],[-113.99,76.2],[-113.96,76.19],[-113.87,76.21],[-113.71,76.2],[-113.57,76.23],[-113.52,76.24],[-113.47,76.24],[-113.44,76.24],[-113.4,76.26],[-113.35,76.27],[-113.22,76.26],[-113.18,76.26],[-112.99,76.27],[-112.91,76.26],[-112.87,76.25],[-112.83,76.22],[-112.76,76.22],[-112.62,76.21],[-112.54,76.19],[-112.46,76.18],[-112.5,76.14],[-112.53,76.12],[-112.45,76.08],[-112.36,76.03],[-112.12,76.01],[-111.86,75.95],[-111.77,75.95],[-111.73,75.92],[-111.78,75.9],[-112.07,75.88],[-112.19,75.85],[-112.16,75.84],[-112.21,75.82],[-112.16,75.81],[-112.09,75.82],[-112.06,75.83],[-112.03,75.84],[-111.99,75.83],[-112.02,75.83],[-111.95,75.81],[-111.89,75.83],[-111.46,75.84],[-111.57,75.82],[-111.6,75.81],[-111.46,75.79],[-111.45,75.76],[-111.39,75.74],[-111.38,75.71],[-111.41,75.68],[-111.38,75.65],[-111.41,75.62],[-111.38,75.61],[-111.35,75.58],[-111.29,75.57],[-111.25,75.52],[-111.21,75.53],[-111.01,75.53],[-110.86,75.56],[-110.51,75.57],[-110.43,75.56],[-110.22,75.54],[-110.16,75.55],[-110.12,75.54],[-110.07,75.55],[-110.0,75.54],[-110.0,75.36],[-110.0,75.14],[-110.0,74.92],[-110.0,74.85]]],[[[-114.84,76.76],[-114.87,76.76],[-114.86,76.8],[-114.63,76.86],[-114.43,76.88],[-114.24,76.88],[-114.19,76.89],[-113.85,76.9],[-113.73,76.88],[-113.59,76.85],[-113.54,76.84],[-113.51,76.84],[-113.48,76.82],[-113.45,76.77],[-113.49,76.77],[-113.56,76.74],[-113.6,76.73],[-113.64,76.71],[-113.67,76.7],[-113.83,76.73],[-114.13,76.73],[-114.42,76.73],[-114.51,76.74],[-114.82,76.76]]],[[[-119.32,76.2],[-119.36,76.23],[-119.44,76.25],[-119.47,76.28],[-119.48,76.36],[-119.52,76.36],[-119.58,76.32],[-119.67,76.34],[-119.72,76.34],[-119.68,76.32],[-119.66,76.28],[-119.71,76.27],[-119.6,76.2],[-119.57,76.18],[-119.62,76.16],[-119.68,76.17],[-119.68,76.14],[-119.63,76.13],[-119.59,76.13],[-119.55,76.12],[-119.58,76.11],[-119.81,76.12],[-119.76,76.1],[-119.68,76.09],[-119.52,76.05],[-119.49,76.04],[-119.48,76.01],[-119.49,75.97],[-119.54,75.97],[-119.6,75.99],[-119.64,76.0],[-119.7,75.94],[-119.65,75.94],[-119.62,75.93],[-119.68,75.92],[-119.74,75.9],[-119.78,75.88],[-119.86,75.86],[-120.04,75.84],[-120.08,75.86],[-120.13,75.89],[-120.18,75.89],[-120.23,75.85],[-120.26,75.83],[-120.29,75.82],[-120.33,75.81],[-120.39,75.81],[-120.44,75.81],[-120.48,75.83],[-120.46,75.9],[-120.44,75.94],[-120.4,75.96],[-120.44,75.98],[-120.46,76.02],[-120.58,76.01],[-120.64,75.99],[-120.68,76.01],[-120.72,76.03],[-120.73,76.06],[-120.65,76.1],[-120.73,76.09],[-120.75,76.12],[-120.72,76.13],[-120.68,76.14],[-120.79,76.18],[-120.85,76.2],[-120.88,76.2],[-120.95,76.18],[-120.99,76.16],[-121.0,76.1],[-121.02,76.07],[-120.99,76.03],[-120.96,76.0],[-120.95,75.96],[-120.99,75.94],[-121.01,75.98],[-120.98,75.99],[-121.03,76.0],[-121.12,76.0],[-121.2,75.98],[-121.26,75.97],[-121.28,75.92],[-121.36,75.93],[-121.42,75.94],[-121.45,75.97],[-121.49,75.99],[-121.55,75.99],[-121.69,76.02],[-121.82,76.03],[-121.85,76.05],[-122.05,76.03],[-122.1,76.04],[-122.13,76.04],[-122.15,76.01],[-122.19,75.98],[-122.38,75.94],[-122.43,75.93],[-122.62,75.94],[-122.73,75.98],[-122.69,75.98],[-122.64,75.99],[-122.6,76.0],[-122.56,76.03],[-122.61,76.02],[-122.7,76.02],[-122.67,76.03],[-122.6,76.03],[-122.53,76.06],[-122.5,76.08],[-122.48,76.12],[-122.52,76.12],[-122.7,76.12],[-122.49,76.14],[-122.53,76.15],[-122.57,76.15],[-122.61,76.17],[-122.67,76.18],[-122.77,76.15],[-122.8,76.15],[-122.83,76.15],[-122.89,76.11],[-122.93,76.1],[-123.04,76.09],[-122.99,76.1],[-122.96,76.13],[-122.92,76.16],[-122.89,76.18],[-122.86,76.18],[-122.83,76.24],[-122.79,76.24],[-122.75,76.23],[-122.71,76.23],[-122.69,76.26],[-122.64,76.27],[-122.63,76.33],[-122.59,76.35],[-122.45,76.38],[-122.4,76.4],[-121.96,76.44],[-121.78,76.43],[-121.55,76.44],[-121.51,76.45],[-121.42,76.5],[-121.41,76.55],[-121.37,76.57],[-121.32,76.58],[-121.25,76.61],[-121.22,76.64],[-121.2,76.68],[-121.16,76.69],[-121.11,76.67],[-121.04,76.68],[-120.92,76.7],[-120.81,76.73],[-120.55,76.76],[-120.52,76.77],[-120.37,76.81],[-120.38,76.85],[-120.42,76.86],[-120.37,76.89],[-120.23,76.9],[-120.17,76.93],[-120.11,76.97],[-120.09,77.01],[-120.04,77.02],[-119.97,77.02],[-119.93,77.02],[-119.85,77.05],[-119.83,77.09],[-119.72,77.12],[-119.65,77.12],[-119.6,77.15],[-119.43,77.18],[-119.39,77.19],[-119.34,77.24],[-119.29,77.29],[-119.23,77.3],[-119.2,77.32],[-119.16,77.32],[-119.13,77.33],[-118.97,77.32],[-118.88,77.34],[-118.83,77.36],[-118.78,77.35],[-118.7,77.36],[-118.44,77.36],[-118.18,77.36],[-118.1,77.38],[-117.85,77.39],[-117.88,77.38],[-117.93,77.37],[-117.8,77.37],[-117.75,77.35],[-117.68,77.34],[-117.61,77.33],[-117.47,77.34],[-117.44,77.31],[-117.38,77.32],[-117.32,77.31],[-117.26,77.29],[-117.23,77.29],[-117.13,77.3],[-117.04,77.29],[-117.01,77.3],[-117.07,77.33],[-117.1,77.34],[-117.14,77.34],[-117.18,77.35],[-117.03,77.35],[-116.86,77.32],[-116.81,77.32],[-116.78,77.33],[-116.81,77.34],[-116.77,77.36],[-116.68,77.37],[-116.65,77.39],[-116.68,77.4],[-116.75,77.4],[-116.78,77.4],[-116.83,77.38],[-116.94,77.4],[-116.99,77.4],[-117.02,77.41],[-117.15,77.46],[-117.11,77.47],[-117.06,77.48],[-117.0,77.47],[-116.94,77.47],[-116.91,77.47],[-116.76,77.51],[-116.93,77.53],[-116.9,77.54],[-116.41,77.56],[-116.34,77.54],[-116.25,77.53],[-116.22,77.52],[-116.1,77.49],[-116.06,77.49],[-116.11,77.48],[-115.89,77.44],[-115.85,77.43],[-115.8,77.43],[-115.66,77.39],[-115.58,77.38],[-115.49,77.35],[-115.45,77.35],[-115.4,77.32],[-115.46,77.31],[-115.49,77.3],[-115.52,77.27],[-115.68,77.26],[-115.73,77.25],[-115.78,77.25],[-115.81,77.24],[-115.85,77.23],[-115.9,77.22],[-115.93,77.21],[-116.25,77.2],[-116.28,77.17],[-116.37,77.15],[-116.4,77.14],[-116.3,77.12],[-116.28,77.08],[-116.22,77.04],[-115.83,76.97],[-115.78,76.97],[-115.75,76.96],[-115.91,76.9],[-116.02,76.9],[-116.26,76.94],[-116.33,76.95],[-116.37,76.93],[-116.31,76.89],[-116.26,76.88],[-116.17,76.84],[-116.04,76.83],[-116.0,76.79],[-115.96,76.75],[-115.91,76.71],[-115.98,76.69],[-116.02,76.66],[-116.05,76.64],[-116.08,76.63],[-116.32,76.58],[-116.45,76.58],[-116.5,76.57],[-116.76,76.57],[-116.8,76.56],[-116.83,76.54],[-116.96,76.56],[-117.01,76.55],[-117.07,76.53],[-117.06,76.49],[-117.02,76.49],[-116.99,76.46],[-116.99,76.42],[-116.96,76.4],[-116.94,76.37],[-116.97,76.34],[-117.01,76.34],[-117.14,76.29],[-117.28,76.28],[-117.33,76.26],[-117.57,76.27],[-117.64,76.29],[-117.68,76.33],[-117.82,76.33],[-117.86,76.33],[-118.01,76.4],[-118.06,76.41],[-118.03,76.43],[-117.99,76.47],[-118.03,76.49],[-117.91,76.53],[-117.96,76.57],[-117.92,76.58],[-117.96,76.59],[-117.94,76.62],[-117.9,76.64],[-117.93,76.68],[-117.9,76.7],[-117.86,76.71],[-117.76,76.76],[-117.77,76.81],[-117.82,76.82],[-117.87,76.82],[-117.91,76.81],[-117.96,76.78],[-118.01,76.77],[-118.05,76.76],[-118.34,76.77],[-118.31,76.74],[-118.33,76.71],[-118.5,76.72],[-118.46,76.7],[-118.43,76.67],[-118.39,76.66],[-118.35,76.64],[-118.33,76.59],[-118.3,76.57],[-118.33,76.55],[-118.44,76.55],[-118.48,76.55],[-118.5,76.51],[-118.53,76.5],[-118.67,76.51],[-118.73,76.54],[-118.76,76.55],[-118.79,76.56],[-118.83,76.56],[-118.78,76.53],[-118.83,76.53],[-118.89,76.53],[-118.95,76.52],[-118.98,76.49],[-118.94,76.49],[-118.84,76.48],[-118.8,76.46],[-118.73,76.46],[-118.7,76.46],[-118.67,76.45],[-118.6,76.39],[-118.57,76.35],[-118.61,76.32],[-118.65,76.29],[-118.69,76.28],[-118.86,76.28],[-118.9,76.28],[-118.93,76.25],[-118.93,76.21],[-118.89,76.18],[-118.94,76.17],[-118.96,76.14],[-118.99,76.13],[-119.04,76.13],[-119.08,76.12],[-119.1,76.09],[-119.16,76.11],[-119.22,76.11],[-119.27,76.12],[-119.3,76.15],[-119.3,76.19]]],[[[-113.69,77.87],[-113.6,77.83],[-113.72,77.77],[-114.16,77.71],[-114.3,77.71],[-114.48,77.75],[-114.62,77.76],[-114.65,77.77],[-114.62,77.77],[-114.52,77.76],[-114.58,77.8],[-114.67,77.81],[-114.8,77.85],[-114.86,77.86],[-115.12,77.96],[-115.07,77.97],[-114.99,77.96],[-114.95,77.96],[-114.9,77.97],[-114.8,77.98],[-114.77,77.99],[-114.74,78.0],[-114.68,78.03],[-114.5,78.05],[-114.39,78.08],[-114.33,78.08],[-114.28,78.06],[-114.35,78.03],[-114.27,78.01],[-114.32,78.01],[-114.26,77.99],[-114.11,78.0],[-114.06,77.97],[-113.99,77.94],[-113.95,77.92],[-113.74,77.9],[-113.7,77.89]]],[[[-110.0,77.93],[-110.12,77.92],[-110.22,77.9],[-110.53,77.88],[-110.84,77.87],[-110.9,77.85],[-110.88,77.82],[-110.78,77.8],[-110.75,77.78],[-110.72,77.77],[-110.41,77.77],[-110.34,77.78],[-110.13,77.78],[-110.09,77.76],[-110.11,77.71],[-110.07,77.67],[-110.06,77.63],[-110.12,77.62],[-110.15,77.61],[-110.11,77.59],[-110.1,77.55],[-110.16,77.53],[-110.24,77.5],[-110.57,77.46],[-110.71,77.45],[-110.75,77.45],[-110.79,77.45],[-110.83,77.43],[-110.88,77.41],[-111.19,77.42],[-111.25,77.43],[-111.28,77.43],[-111.4,77.4],[-111.88,77.35],[-111.99,77.33],[-112.11,77.33],[-112.47,77.37],[-112.51,77.39],[-112.6,77.45],[-112.64,77.46],[-112.68,77.46],[-112.73,77.45],[-112.78,77.45],[-112.93,77.46],[-112.97,77.48],[-112.99,77.51],[-113.04,77.52],[-113.17,77.52],[-113.2,77.53],[-113.21,77.56],[-113.24,77.58],[-113.12,77.61],[-113.09,77.62],[-113.18,77.65],[-113.23,77.66],[-113.21,77.71],[-113.21,77.74],[-113.27,77.76],[-113.31,77.78],[-113.32,77.81],[-113.31,77.84],[-113.28,77.86],[-113.21,77.89],[-113.24,77.9],[-113.14,77.92],[-113.09,77.92],[-113.05,77.91],[-113.01,77.9],[-112.98,77.9],[-112.94,77.92],[-112.59,77.97],[-112.27,78.02],[-112.22,78.01],[-112.17,78.01],[-112.06,78.02],[-111.95,78.02],[-111.82,78.05],[-111.77,78.03],[-111.74,78.03],[-111.71,78.03],[-111.64,78.05],[-111.53,78.07],[-111.39,78.07],[-111.28,78.09],[-111.21,78.08],[-111.01,78.1],[-110.98,78.07],[-110.86,78.07],[-110.82,78.07],[-110.71,78.1],[-110.36,78.1],[-110.0,78.1],[-110.0,78.01],[-110.0,77.93]]],[[[-110.0,78.33],[-110.33,78.29],[-110.59,78.3],[-110.84,78.32],[-110.89,78.35],[-110.95,78.35],[-111.03,78.37],[-111.15,78.39],[-111.22,78.38],[-111.29,78.38],[-111.28,78.35],[-111.24,78.34],[-111.28,78.32],[-111.41,78.33],[-111.41,78.3],[-111.43,78.27],[-111.78,78.27],[-111.84,78.29],[-111.87,78.3],[-111.89,78.33],[-111.97,78.35],[-112.03,78.35],[-112.18,78.38],[-112.47,78.35],[-112.76,78.33],[-112.77,78.3],[-112.8,78.31],[-112.84,78.31],[-113.06,78.27],[-113.19,78.27],[-113.25,78.28],[-113.3,78.32],[-113.34,78.34],[-113.22,78.36],[-113.23,78.4],[-113.15,78.41],[-113.1,78.43],[-112.78,78.47],[-112.68,78.5],[-112.49,78.51],[-112.35,78.54],[-112.15,78.56],[-112.04,78.55],[-111.93,78.56],[-111.82,78.55],[-111.42,78.61],[-111.38,78.62],[-111.44,78.64],[-111.31,78.65],[-111.16,78.7],[-111.13,78.69],[-110.98,78.72],[-110.84,78.73],[-110.79,78.74],[-110.76,78.75],[-110.72,78.75],[-110.43,78.77],[-110.4,78.75],[-110.37,78.74],[-110.24,78.73],[-110.14,78.7],[-110.03,78.69],[-110.0,78.69],[-110.0,78.45],[-110.0,78.33]]],[[[-136.21,69.18],[-136.15,69.16],[-136.07,69.13],[-136.02,69.11],[-136.09,69.09],[-136.12,69.08],[-136.17,69.09],[-136.22,69.11],[-136.18,69.12],[-136.22,69.16],[-136.25,69.17],[-136.21,69.18]]],[[[-135.71,69.51],[-135.59,69.47],[-135.64,69.45],[-135.71,69.47],[-135.77,69.48],[-135.84,69.48],[-135.79,69.51],[-135.71,69.51]]]]}},{"type":"Feature","properties":{"code":"PE","name":"Prince Edward Island"},"geometry":{"type":"Polygon","coordinates":[[[-62.0,46.46],[-62.03,46.41],[-62.17,46.36],[-62.21,46.35],[-62.25,46.36],[-62.28,46.38],[-62.27,46.35],[-62.31,46.34],[-62.34,46.36],[-62.35,46.32],[-62.4,46.31],[-62.37,46.28],[-62.47,46.28],[-62.5,46.27],[-62.45,46.26],[-62.42,46.25],[-62.42,46.22],[-62.47,46.21],[-62.51,46.22],[-62.56,46.23],[-62.51,46.2],[-62.57,46.21],[-62.6,46.21],[-62.61,46.18],[-62.55,46.18],[-62.54,46.15],[-62.49,46.13],[-62.52,46.15],[-62.49,46.15],[-62.46,46.14],[-62.45,46.11],[-62.46,46.08],[-62.49,46.06],[-62.53,46.06],[-62.57,46.04],[-62.51,46.02],[-62.47,46.03],[-62.49,45.99],[-62.55,45.97],[-62.68,45.97],[-62.71,45.97],[-62.75,45.95],[-62.83,45.97],[-62.89,46.01],[-62.92,46.03],[-62.89,46.05],[-63.0,46.06],[-63.03,46.07],[-62.99,46.07],[-62.95,46.09],[-62.92,46.1],[-62.89,46.13],[-62.93,46.13],[-62.95,46.17],[-62.98,46.2],[-63.03,46.19],[-63.11,46.21],[-63.09,46.24],[-63.07,46.27],[-63.04,46.29],[-62.98,46.31],[-63.01,46.31],[-63.04,46.3],[-63.07,46.28],[-63.1,46.27],[-63.12,46.24],[-63.16,46.26],[-63.2,46.27],[-63.17,46.24],[-63.2,46.22],[-63.27,46.2],[-63.21,46.19],[-63.18,46.22],[-63.15,46.21],[-63.15,46.18],[-63.18,46.17],[-63.21,46.17],[-63.26,46.14],[-63.34,46.17],[-63.4,46.18],[-63.45,46.2],[-63.5,46.22],[-63.55,46.21],[-63.59,46.22],[-63.63,46.22],[-63.68,46.24],[-63.7,46.28],[-63.74,46.3],[-63.78,46.32],[-63.8,46.35],[-63.74,46.36],[-63.74,46.39],[-63.77,46.4],[-63.84,46.4],[-63.89,46.4],[-63.93,46.42],[-63.96,46.41],[-63.99,46.4],[-64.08,46.41],[-64.11,46.41],[-64.13,46.44],[-64.11,46.47],[-64.11,46.51],[-64.11,46.54],[-64.07,46.55],[-64.07,46.59],[-64.07,46.64],[-64.13,46.6],[-64.17,46.61],[-64.22,46.63],[-64.32,46.64],[-64.36,46.63],[-64.4,46.64],[-64.42,46.68],[-64.4,46.72],[-64.37,46.76],[-64.33,46.79],[-64.29,46.81],[-64.26,46.87],[-64.23,46.9],[-64.16,46.96],[-64.05,47.02],[-64.0,47.07],[-64.0,47.01],[-64.0,46.97],[-63.99,46.93],[-63.97,46.89],[-64.02,46.85],[-64.05,46.82],[-64.08,46.79],[-64.07,46.76],[-64.03,46.75],[-63.99,46.75],[-63.98,46.72],[-63.94,46.7],[-63.9,46.66],[-63.89,46.62],[-63.92,46.63],[-63.88,46.6],[-63.84,46.63],[-63.85,46.6],[-63.88,46.52],[-63.92,46.51],[-63.94,46.48],[-63.9,46.5],[-63.86,46.51],[-63.82,46.51],[-63.83,46.48],[-63.73,46.44],[-63.71,46.48],[-63.7,46.52],[-63.71,46.56],[-63.68,46.57],[-63.64,46.57],[-63.54,46.54],[-63.5,46.53],[-63.5,46.49],[-63.46,46.47],[-63.43,46.48],[-63.46,46.51],[-63.4,46.51],[-63.36,46.51],[-63.33,46.5],[-63.31,46.45],[-63.28,46.44],[-63.25,46.41],[-63.21,46.42],[-63.08,46.42],[-62.95,46.42],[-62.85,46.44],[-62.81,46.43],[-62.76,46.45],[-62.59,46.43],[-62.68,46.45],[-62.61,46.47],[-62.57,46.47],[-62.54,46.47],[-62.36,46.48],[-62.26,46.47],[-62.19,46.49],[-62.1,46.48],[-62.0,46.46]]]}}]}